id,description,en,si,ta
...,This could be shown to the user in a reason for duplicate detected,Standard check,සාමාන්‍ය පරීක්ෂණය,நியமிக்கப்பட்ட சோதனை
action.action,Label for action button,Action,ක්‍රියාකාරකයාගේ නාමය ඇතුළත් කරන්න.,செயல்
action.archive,Label for archive record button in dropdown menu,Archive declaration,ආත්‍රවාහිනී ප්‍රකාශය,சேமிப்பு அறிக்கை
action.assignee,Label for asignee,Assigned to {name } at {officeName},{name} වෙත {officeName} හි පැවැත්වීමට වෙන්යවා.,{name} க்கு {officeName}-ல் ஒதுக்கப்பட்டுள்ளது.
action.correct,Label for correct record button in dropdown menu,Correct record,සංස්කරණය සාර්ථකතාව,சரியான பதிவு
action.issue,Label for reinstate issue button in dropdown menu,Issue certificate,සහත් ලකුණු නිපදවීමක්,சான்றிதழை விடுக.
action.print,Label for reinstate print button in dropdown menu,Print certified copy,සහත් ප්‍රභාවිත ප්‍රාථමිකයාගේ ප්‍රිනාමික ප්‍රබලනය මුද්‍රණය කරන්න,சான்றிதழில் அசல் பிரிக்கவும்
action.reinstate,Label for reinstate record button in dropdown menu,Reisntate declaration,නැවත ප්‍රකාශයක් දැක්වෙනවා,புதுப்பிக்கல் அறிக்கை
action.review.correction,Label for review correction in dropdown menu,Review correction request,සංස්කරණ විස්තර ඉල්ලීමේ විමසීම,மதிப்பீடு சரிப்பு கோரிக்கை
action.review.declaration,Label for review declaration button in dropdown menu,"Review {isDuplicate, select, true{potential duplicate} other{declaration}}","ප්‍රථිපලය {isDuplicate, select, true{ප්‍රවර්ගයේ අනුපිළිවෙලින්} other{වාර්තාව}} විස්තර කරන්න","{isDuplicate, select, true{சாத்தியமான நகல்} other{அறிக்கை}} மதிப்பீடு செய்க"
action.update,Label for reinstate update button in dropdown menu,Update declaration,යාවත්කාලීනය කරන්න,அறிக்கையை புதுப்பிக்கவும்
action.view,Label for view button in dropdown menu,View {recordOrDeclaration},ප්‍රලේඛනය {recordOrDeclaration} බලන්න.,{recordOrDeclaration} பார்க்கவும்.
advancedSearch.accordion.hide,Label for hide button when accordion is closed,Hide,පැහැදිලි කරන්න,மறைக்க
advancedSearch.accordion.show,Label for show button when accordion is closed,Show,පෙන්වන්න,காட்டு
advancedSearch.form.childDetails,The title of Child details accordion,Child details,දරුවාගේ විස්තරයන්,குழந்தை விவரங்கள்
advancedSearch.form.dateOfRegistration,Label for input date of registration,Date of registration,ලියාපදිංචි දිනය,பதிவு தேதி
advancedSearch.form.deceasedDetails,The title of Deceased details accordion,Deceased details,මස්පුරුෂ විස්තරවලින්,மரணமடைந்த விவரங்கள்
advancedSearch.form.eventDetails,The title of event details accordion,Event details,සිංහල ප්‍රශ්නය පරිවර්තකයාට පද්ධතියක් පිළිබඳව පරිවර්තකයාට ප්‍රශ්නය පරිවර්තකයාට පද්ධතියක් පිළිබඳව පරිවර්තකයාට ප්‍රශ්නය පරිවර්තකයාට පද්ධතියක් පිළිබඳව පරිවර්තකයාට ප්‍රශ්නය පරිවර්තකයාට පද්ධතියක් පිළිබඳව පරිවර්තකයාට ප්‍රශ්නය පරිවර්තකයාට පද්ධතියක් පිළිබඳව පරිවර්තකයාට ප්‍රශ්නය පරිවර්තකයාට පද්ධතියක් පිළිබඳව පරිවර්තකයාට ප්‍රශ්නය පරිවර්තකයාට පද්ධතියක් පිළිබඳව පරිවර්තකයාට ප්රශ්නයක්,நிகழ்வு விவரங்கள்
advancedSearch.form.fatherDetails,The title of Father details accordion,Father details,පියාගේ විස්තරයන්,தந்தை விவரங்கள்
advancedSearch.form.informantDetails,The title informant details form,Informant details,සොයාගැනීමේ විස්තරයන්,அறிக்கையாளர் விவரங்கள்
advancedSearch.form.motherDetails,The title of Mother details accordion,Mother details,මව්බින්ද විස්තරයන්,தாய் விவரங்கள்
advancedSearch.form.placeOfRegistration,Label for input Place of registration,Place of registration,ලියාපදිංචි ස්ථානය,பதிவு இடம்
advancedSearch.form.placeOfRegistrationHelperText,Helper text for input Place of registration,"Search for a province, district or registration office","පළාතය, දිස්ත්‍රික්කය හෝ ලියාපද කාර්යය සොයන්න.","ஒரு மாகாணத்தை, மாவட்டத்தை அல்லது பதிவு அலுவலகத்தை தேடுங்கள்."
advancedSearch.form.recordStatusAchived,Option for form field: status of record,Archived,අතිරික්කුවක්,பதிவுசீராக்கப்பட்டுள்ளது
advancedSearch.form.recordStatusAny,Option for form field: status of record,Any status,ඕනෑම තත්වයක්,எந்த நிலையும்
advancedSearch.form.recordStatusCertified,Option for form field: status of record,Certified,සහත්කම ලක්ෂණය කර ඇත,சான்றிதழ் பெற்றுள்ளேன்
advancedSearch.form.recordStatusCorrectionRequested,Option for form field: status of record,Correction requested,නිවැරදි විය අවශ්‍යයි,திருத்தம் கோரப்பட்டது
advancedSearch.form.recordStatusInReview,Option for form field: status of record,In review,සඳහන් කිරීමේදී,பரிசோதனையில்
advancedSearch.form.recordStatusInprogress,Option for form field: status of record,In progress,සිදුවෙමි,செயலாக்கம் செய்கிறது
advancedSearch.form.recordStatusRegistered,Option for form field: status of record,Registered,ලියාපදිංචියි,பதிவு செய்யப்பட்டது
advancedSearch.form.recordStatusRequireUpdate,Option for form field: status of record,Requires updates,යාවත්කාලීනවීම් අවශ්‍යයි,புதுப்பிக்கப்பட வேண்டும்
advancedSearch.form.recordStatusValidated,Option for form field: status of record,Validated,තහවුරු කරන ලදි,செல்லுதடி
advancedSearch.form.registrationDetails,The title of Registration details accordion,Registration details,ලියාපදිංචි විස්තරවලින්,பதிவு விவரங்கள்
advancedSearch.form.statusOfRecordLabel,Label for input Status of record,Status of record,රාත්‍රී තත්වය,பதிவுக்கான நிலை
advancedSearch.form.timePeriodHelperText,Helper text for input Time period,Period of time since the record status changed,රාජකාරී තත්ත්ව වෙනස් වූ කාල කාලය,பதிவு நிலை மாற்றம் நடந்த காலம்
advancedSearch.form.timePeriodLabel,Label for input Time period,Time period,වේලි කාලය,நேர காலம்
advancedSearchResult.pill.childDoB,The label for child d.o.b in active advancedSearchParams,Child d.o.b,දරුවාගේ උපන්දිනය,குழந்தையின் பிறந்த தேதி
advancedSearchResult.pill.childFirstName,The label for child firstname in active advancedSearchParams,Child firstname,දරුවාගේ පළමු නම,குழந்தையின் முதற் பெயர்
advancedSearchResult.pill.childLastName,The label for child lastname in active advancedSearchParams,Child lastname,දරුවාගේ අවසාන නම,குழந்தையின் கடைசி பெயர்
advancedSearchResult.pill.deceasedDoB,The label for deceased d.o.b in active advancedSearchParams,Deceased d.o.b,මසයින් අමතර උපන්දිනයක්,மரணமடைந்தவரின் பிறந்த தேதி
advancedSearchResult.pill.deceasedFirstName,The label for deceased firstname in active advancedSearchParams,Deceased firstname,මියගිය පුද්ගලයාගේ පළමු නම,மரணமடைந்தவரின் முதற் பெயர்
advancedSearchResult.pill.deceasedLastName,The label for deceased lastname in active advancedSearchParams,Deceased lastname,මස්නියාවේ ප්‍රසිද්ධ නම,மரணமடைந்த குடும்பப் பெயர்
advancedSearchResult.pill.event,The label for event param in active advancedSearchParams,Event,සිදු වීම,நிகழ்வு
advancedSearchResult.pill.eventDate,The label for event date param in active advancedSearchParams,Event date,සිදුවීම් දිනය,நிகழ்ச்சி தேதி
advancedSearchResult.pill.eventLocation,The label for event location in active advancedSearchParams,Event location,ස්ථාන ස්ථානය,நிகழ்வின் இடம்
advancedSearchResult.pill.fatherDoB,The label for father d.o.b in active advancedSearchParams,Father d.o.b,පියාගේ උ.ද.බී.,தந்தையின் பிறந்த தேதி
advancedSearchResult.pill.fatherFirstName,The label for father firstname in active advancedSearchParams,Father firstname,පියයාගේ පළමු නම,தந்தையின் முதற் பெயர்
advancedSearchResult.pill.fatherLastName,The label for father lastname in active advancedSearchParams,Father lastname,පියයාගේ අවසාන නම,தந்தையின் கடைசி பெயர்
advancedSearchResult.pill.gender,The label for gender in active advancedSearchParams,Sex,ස්ත්‍රී පුරුෂ භාවය,பாலினம்
advancedSearchResult.pill.informantDoB,The label for informant d.o.b in active advancedSearchParams,Informant d.o.b,දැනුම්දෙන පුද්ගලයාගේ උපන් දිනය,தகவல் வழங்குபவரின் பிறந்த தேதி
advancedSearchResult.pill.informantFirstName,The label for informant firstname in active advancedSearchParams,Informant firstname,දැනුම්දෙන පුද්ගලයාගේ පළමු නම,தகவல் வழங்குபவரின் முதற் பெயர்
advancedSearchResult.pill.informantLastName,The label for informant lastname in active advancedSearchParams,Informant lastname,දැනුම්දෙන පුද්ගලයාගේ අවසාන නම,தகவல் வழங்குபவரின் கடைசி பெயர்
advancedSearchResult.pill.motherDoB,The label for mother d.o.b in active advancedSearchParams,Mother d.o.b,මව්න්ගේ උපන්දිනයයි,தாயின் பிறந்த தேதி
advancedSearchResult.pill.motherFirstName,The label for mother firstname in active advancedSearchParams,Mother firstname,මවගේ පළමු නම,தாயின் முதற் பெயர்
advancedSearchResult.pill.motherLastName,The label for mother lastname in active advancedSearchParams,Mother lastname,මවගේ අවසාන නම,தாயின் கடைசி பெயர்
advancedSearchResult.pill.regDate,The label for  registration date in active advancedSearchParams,Registration date,ලියාපදිංචි දිනය,பதிவு தேதி
advancedSearchResult.pill.regLocation,The label for event location in active advancedSearchParams,Location,ස්ථානය,இடம்
advancedSearchResult.pill.regNumber,The label for registration number in active advancedSearchParams,Registration number,ලියාපදිංචි අංකය,பதிவு இலக்கம்
advancedSearchResult.pill.registationStatus,The label for registration Status param in active advancedSearchParams,Registration status,ලියාපදිංචි තත්වය,பதிவு நிலை
advancedSearchResult.pill.timePeriod,The label for time period in active advancedSearchParams,Time period,වේලි කාලය,நேர காலம்
advancedSearchResult.pill.trackingId,The label for tracking id in active advancedSearchParams,Tracking ID,දල්ෆ් කිරීමේ හැඳුනුම්පත්කරණය,கண்காணிப்பு ஐடி
advancedSearchResult.table.noResult,The label for no result in advancedSearchResult page,No result,ප්‍රතිලාභයක් නොමැත,ஒரு முடிவு இல்லை
advancedSearchResult.table.searchResult,The label for search result header in advancedSearchResult page,Search results,සෙවුම් ප්‍රතිඵලයන්,தேடல் முடிவுகள்
applicant.firstname,The first name of the applicant,First name,මුල් නම,முதல் பெயர்
buttons.add,Add button text on form config,Add,එක් කරන්න,சேர்
buttons.apply,Apply button label,Apply,අයිතියට අයදුම් කරන්න,விண்ணப்பம்
buttons.approve,Approve button text,Approve,අනුමත කරනවා,அங்கீகரிக்கவும்
buttons.archive,Archive button text,Archive,අත්සන් කරන්න,சேமிப்பு
buttons.assign,Assign button label,Assign,පැනවිලියට පැනලා දීමට,ஒதுக்கீடு
buttons.back,Back button,Back,ආපසු,பின்னே
buttons.cancel,Cancel button text in the modal,Cancel,අවලංගු කරනවා,ரத்து செய்
buttons.change,Change action,Change,වෙනස් කරන්න,மாற்றவும்
buttons.changeLanguage,,Change language,භාෂාව වෙනස් කරන්න,மொழியை மாற்றவும்
buttons.closeDeclaration,Close declaration button text,Close declaration,එක්සන් ප්‍රකාශය,அரிக்கை மூடுக
buttons.configure,Configure button text,Configure,ක්‍රියාවට සකසන්න,கட்டமைக்கவும்
buttons.confirm,Label used for confirm button,Confirm,තහවුරු කරන්න,உறுதிப்படுத்தவும்
buttons.continue,Continue Button Text,Continue,අපිට ප්‍රායෝලක් කරන්න.,தொடருங்கள்
buttons.copied,Copied button text,Copied,පිළිගත්තාද,நகலைக் கொண்டு வருகிறேன்
buttons.copy,Copy button text,Copy,පිළිගත් අන්තර්ගතයට පිටපත් කරන්න.,நகல்
buttons.create,Label for submit button of client integration creation form,Create,නිර්මාණය කරන්න,உருவாக்குக
buttons.delete,Delete button,Delete,මකන්න,நீக்குக
buttons.deleteDeclaration,Delete declaration button text,Delete declaration,ප්‍රඳා ඉවත් කරන්න,அறிக்கை நீக்குக
buttons.drafts,,Drafts,කළමනාකරණයක්,வரையறுக்கப்பட்டது
buttons.edit,Edit button text,Edit,නැවත සංස්කරණය කරන්න,திருத்துக
buttons.editRecord,Correct record button text on review certificate,"No, make correction",නැවත සැකසුම් කරන්න,"இல்லை, திருத்தம் செய்க"
buttons.editRegistration,Edit registration button text,Edit registration,ලියාපදිංචි වෙනස් කරන්න,பதிவுப் பதிப்பை திருத்துக
buttons.exactDateUnknown,Label for DateRangePickerForFormField components daterangepicker toggle button,Exact date unknown,දිනය ප්‍රාථමිකයි,தற்காலிகமாக தேதி தெரியவில்லை
buttons.exit,Label for Exit button on EventTopBar,Exit,පිටවීම,வெளியேறுக
buttons.finish,The label for finish printing certificate button,Finish,අවසන් කරන්න,முடிக்கும்
buttons.forgotPassword,The label for forgot password button,Forgot password,මුරපදය අමතක වුණා,கடவுச்சொல் மறந்துவிட்டேன்
buttons.forgottenPIN,The label for forgotten pin button,Forgotten pin,අමතර පිනය,மறந்துவிட்டுள்ள பின்
buttons.goToHomePage,Label for Go to Homepage button,Back to home,ගෙදරට ආපසු යන්න,வீட்டுக்கு திரும்புகிறேன்
buttons.homepage,,Homepage,මුල් පිටුව,முதல் பக்கம்
buttons.issue,Button for issuing,Issue,නිකුත් කරන්න,வெளியிடவும்
buttons.login,Login button on session expire modal,Login,ඇතුල් වන්න,உள்நுழையுங்கள்
buttons.logout,logout title,Logout,ඉවත්වීම,வெளியேறு
buttons.makeCorrection,Make correction button text on correction summary,Make correction,සුළු කිරීම කරන්න,திருத்தம் செய்யவும்
buttons.menu,,Menu,මෙනුස්ට්රියාව,மெனு
buttons.next,The label for next button,Next,ඊළඟ,அடுத்து
buttons.no,No button text,No,නෑ,இல்லை
buttons.preview,Preview button,Preview,පෙරදසුන්,முன்னோட்டம்
buttons.print,Print button text,Print,මුද්‍රණය කරන්න,அச்சிடு
buttons.printCertificate,,Print certificate,සහතිකය මුද්‍රණය කරන්න,சான்றிதழை அச்சிடவும்
buttons.printDeclaration,,Print declaration,ක්ෂණික ප්‍රකාශය මුද්‍රණය කරන්න,அறிக்கை அச்சிடுக
buttons.publish,Publish button text on form config,Publish,ප්‍රකාශය කරන්න,வெளியிடு
buttons.refresh,Refresh button,Refresh,නැවත ලැබීම,புதுப்பிக்கவும்
buttons.register,Label for button on register confirmation modal,Register,ලියාපදිංචියට ලියන්න,பதிவு செய்க
buttons.reinstate,Label for reinstate button,Reinstate,නැවත යළියොදුන්න,மீள்பெறுதல்
buttons.reject,A label for reject link,Reject,ප්‍රතිචාරයක්,நிராகரிக்கவும்
buttons.rejectDeclaration,Reject declaration button text,Reject declaration,ප්‍රකාශය ප්‍රතික්ෂේප කරන්න,அறிக்கையை நிராகரிக்கவும்
buttons.replace,Label for replacing the whole section in review form,Change all,සියල්ල වෙනස් කරන්න,அனைத்தையும் மாற்றவும்
buttons.retry,The title of retry button for failed declaration,Retry,නැවත උත්සහා කරන්න,மீண்டும் முயற்சி செய்க
buttons.review,Review button text,Review,අදාළවල්,மதிப்பீடு
buttons.save,Save Button Text,Save,ඉස්වියට සුරකිනවා,சேமி
buttons.saveAndExit,Save & exit Button Text,Save & Exit,සුරක්ෂිත කර පිටවන්න,சேமித்து வெளியேறு
buttons.saveDraft,,Save as draft,උපරිමය සුරකිනවා,வரையறுக்கவும்
buttons.saving,Saving Button Text,Saving...,සුරතලය සේවා කිරීම...,சேமிக்கப்படுகின்றது...
buttons.search,The title of search input submit button,Search,සෙවුම,தேடுக
buttons.select,The select title,Select,තෝරන්න,தேர்ந்தெடுக்கவும்
buttons.send,Submit button on submit modal,Confirm,තහවුරු කරන්න,உறுதிப்படுத்தவும்
buttons.sendForApproval,Title for complete submit button,Send for approval,අනුමත කිරීම සඳහා යවන්න,அனுமோனத்தைப் பெறுங்கள்
buttons.sendForReview,Submit Button Text,Send for review,සඳහන් කිරීම සඳහා යවන්න,மதிப்பீடுக்கு அனுப்பவும்
buttons.sendForUpdates,,Send for updates,යාවත්කාලීනව යවන්න.,புதுப்பிக்கவும்
buttons.sendIncomplete,Title for Incomplete submit button,Send for review,සඳහන් කිරීම සඳහා යවන්න,மதிப்பீடுக்கு அனுப்புங்கள்
buttons.settings,Menu item settings,Settings,සැකසුම්,அமைப்புகள்
buttons.start,Label of start button,Start,ආරම්භයට ප්‍රයෝජනවන්ති.,தொடங்குக
buttons.status,Label of status button,Status,තරමේදීම,நிலை
buttons.unassign,Unassign button label,Unassign,අස්‌ථානගත කරනවා,விலக்குக்கொள்
buttons.update,The title of update button for draft declaration,Update,යාවත්කාලීනය කරන්න,புதுப்பிக்கவும்
buttons.upload,Upload buttton,Upload,උඩුගත කරන්න,பதிவேற்றுக
buttons.verify,Label for verify password button,Verify,සත්‍යාවක් පිළිබඳව පිළිගත කරන්න,சரிபார்க்கவும்
buttons.view,Label for link button view,View,දර්ශකයට පෙන්වන්න,காண்க
buttons.yes,Yes button text,Yes,ඔව්,ஆம்
certificate.confirmCorrect,Edit,Please confirm that the informant has reviewed that the information on the certificate is correct and that you are ready to print.,කරුණාකර සඳහන් කරන්න නිවැරදි තොරතුරු ලේඛනයේ පිළිබඳව හදාගන්නේ සහ ඔබ මුද්‍රණය කිරීම සඳහා මූලික විය හැකිය.,தயவுசெய்து அறிக்கையாளர் சரியான தகவலை பராமரித்துள்ளார் என்று உறுதிசெய்க மற்றும் அச்சம் அச்சிட விரும்புகிறீர்கள் என்று உறுதிசெய்க.
certificate.isCertificateCorrect,Question asking the user if the information on the  certificate is correct,Is the {event} certificate correct?,{event} සහායකාලාවේ සහතිකය සාර්ථකයිද?,{event} சான்றிதழம் சரியானதா?
certificate.label.birth,,Birth,උපන්දිනය,பிறப்பு
certificate.label.death,,Death,මරණය,மரணம்
certificate.label.dob,,D.o.B,උ.ප.ද.,ப.ப.தி
certificate.label.dod,,D.o.D,ක්‍රියාකාරීත්වයයි.,த.த.தி.
certificate.parent.details.label.age,Person age,Age,වයස,வயது
certificate.parent.details.label.dateOfBirth,Parent Date of Birth,Date of Birth,උපන් දිනය,பிறந்த தேதி
certificate.parent.details.label.familyName,Parent last name,Last name,අවසන් නම,கடைசி பெயர்
certificate.parent.details.label.familyNameInEng,Parent last name,Last name,අවසන් නම,கடைசி பெயர்
certificate.parent.details.label.firstName,Parent first names,First name(s),මුල් නම(විස්තර),முதல் பெயர்(கள்)
certificate.parent.details.label.firstNameInEng,Parent first names,First name(s),මුල් නම(විස්තර),முதல் பெயர்(கள்)
certificate.parent.details.label.nationality,Parent Nationality,Nationality,ජාතිකත්වය,தேசியம்
certificate.parent.details.label.number,Parent number,Number,අංකය,எண்
certificate.parent.details.label.typeOfID,Parent Type of ID,Type of ID,අනුපාතික හැඳුනුම්පත්තියේ වර්ගය,ஐடி வகை
certificate.receipt.amount,Amount paid for certificate label,Amount paid:,ගාස්තුව: {amount},செலுத்திய தொகை:
certificate.receipt.amountDue,The label for due amount,Fee,ගාස්තුව,கட்டணம்
certificate.receipt.birthService.after,Amount due on certificate for birth label,Birth registration after {target} days of date of birth,උපන් දිනයෙන් {target} දිනට පසු උපන් ලියාපදිංචිය,பிறந்த தேதி பின்னர் {target} நாட்களில் பிறப்பு பதிவு
certificate.receipt.birthService.before,Amount due on certificate for birth label before target days,Birth registration before {target} days of date of birth,උපරිම උපරිම දින පෙර උපරිම උපරිම ලියාපදිංචිය,பிறந்த தேதி முன்னே {target} நாட்களுக்கு முன்பு பிறப்பு பதிவு
certificate.receipt.birthService.between,Amount due on certificate for birth label,Birth registration between {target} days and {latetarget} days of date of birth,උපරිම උපරිදි {දිනය} සහ {ප්‍රමාද} අදිනයේ උපරිම ලිපි ලියාපදිංචි කිරීමට ඉඩ දෙනවා,பிறப்பு பதிவு {தேடல்} நாட்களுக்கு மற்றும் பிறப்பு தேதியின் {பிற்ப்புதேடல்} நாட்களுக்கு இடையே செய்யப்பட வேண்டும்.
certificate.receipt.deathService.after,Amount due on certificate for death label,Death registration after {target} days of date of death,මස්වරු {ඉලක්කම} පසු මධ්‍යස්ථාන ලියාපදිංචිය,மரணத் தேதியின் பிறகு {target} நாட்களுக்கு பின் பதிவு செய்யப்படும்.
certificate.receipt.deathService.before,Amount due on certificate for death label before target days,Death registration before {target} days of date of death,මරණ ලිපිය මධ්‍යම දින {target} දිනයට පෙර ලිපියක් ලියන්න,"மரணத் தொலைபேசி பதிவு, மரண தேதியின் {target} நாடுகளுக்கு முன்பு செய்யப்பட வேண்டும்."
certificate.receipt.header,Receipt header for payment on certificate,Receipt for {event} Certificate of,{සන්නිවේදනය} සහිත සහතිකයේ ලිපිය,{event} சான்றிதழ் ரசீது
certificate.receipt.issuedAt,Receipt on payment on certificate issued at label,Issued at:,නිවේදනය කළ වෙනසක්:,வெளியிடப்பட்டது:
certificate.receipt.issuedBy,,By:,කොළඹා,மூலம்:
certificate.receipt.issuedDate,,Date of payment:,ගොනු දිනය:,கட்டணத் தேதி:
certificate.receipt.issuer,Issuer information for receipt of certificate payment label,"By: {role}, {name} Date of payment: {dateOfPayment}","වෙළඳ මංගලදී: {role}, {name} ගෙවීමේ දිනය: {dateOfPayment}","வழக்காடு: {role}, {name} கட்டண தேதி: {dateOfPayment}"
certificate.receipt.marriageService.after,Amount due on certificate for marriage label,Marriage registration after {target} days of date of marriage,{දිනය} පසු {විවාහ} දිනවල විවාහය ලියාපදිංචි කිරීම,"திருமண பதிவு, திருமண தேதி பின்னர் {target} நாட்களில் செய்யப்படும்."
certificate.receipt.marriageService.before,Amount due on certificate for marriage label before target days,Marriage registration before {target} days of date of marriage,{පිටපත්} දින පෙර මගේ විවාහයේ දිනයේ පිළිබඳ පිළිවෙනවාවේ ලියාපදිංචිය,"திருமண பதிவு, திருமண தேதி முன்னே {target} நாட்களில் செய்யப்பட வேண்டும்."
certificate.receipt.service,Service received for receipt label,Service,සේවා,சேவை
certificate.receipt.service..5year.amount,,රු. 50.00,රු. 50.00,ரூ. 50.00
certificate.receipt.service.5year,,{event} registration after 5 years of event,{event} ලියාපදිංචි වීම සියලු 5 වසරක් පසු සඳහා,{event} நிகழ்ச்சியின் 5 ஆண்டுகள் பின்னுக்கு பதிவு
certificate.receipt.service.targetDay,,{event} registration after 45 days of event,{event} ලියාපදිංචි කිරීම සිදුවීම් පසු 45 දිනන්ද පසින්,{event} நிகழ்ச்சியின் 45 நாட்களுக்கு பின் பதிவு
certificate.receipt.service.targetDay.amount,,රු. 25.00,රු. 25.00,ரூ. 25.00
certificate.receipt.subheader,Subheader for receipt on payment on certificate,{event} Registration after {DOBDiff} of {DOE},{DOE} පසුව {DOBDiff} න් {event} ලියාපදිංචිය,{DOE} இன் {DOBDiff} க்குப் பிறகு {event} பதிவு
certificate.selectTemplate,Select certificate template,Type,ටයිප් කරන්න,வகை
certificate.selectedTemplate,Selected certificate template,Selected certificate template,තෝරාගත් සහයෝගයේ ලකුණු අක්ෂරය,தேர்ந்தெடுக்கப்பட்ட சான்றிதழ் வார்ப்புரு
certificates.birth.certificate,Birth Certificate,Birth Certificate,උපන්දින සහතිකය,பிறப்பு சான்றிதழ்
certificates.birth.certificate.copy,Birth Certificate Certified Copy,Birth Certificate Certified Copy,උපන්දින සහතික පිළිබඳව ප්‍රාථමික පිටපත්,பிறப்பு சான்றிதழ் அனுமதிக்கப்பட்ட பிரதி
certificates.birth.registration.receipt,Birth Registration Receipt,Birth Registration Receipt,උපන්දින ලියාපදිංචිය,பிறப்பு பதிவு ரசீது
certificates.death.certificate,Death Certificate,Death Certificate,මරණ සහතිකය,மரண சான்றிதழ்
certificates.death.certificate.copy,Death Certificate Certified Copy,Death Certificate Certified Copy,මරණ සහතික ප්‍රථිපාලනය කළ ප්‍රකාශය,மரண சான்றிதழ் சரியான பிரமாணம்
certificates.marriage.certificate,Marriage Certificate,Marriage Certificate,විවාහක සහතිකය,திருமண சான்றிதழ்
certificates.marriage.certificate.copy,Marriage Certificate Certified Copy,Marriage Certificate Certified Copy,විවාහ සහතික ප්‍රකාශය,திருமண சான்றிதழ் அங்கீகாரம்
changeEmail.validation.msg,Phone number validation message,Must be a valid email address,වලංගු ඊමේල් ලිපිනය විශ්වාස විය යුතු යුතුයි,ஒரு செயலியில் சேமிக்கப்பட வேண்டிய மின்னஞ்சல் முகவரி செய்ய வேண்டும்
changeModal.cancel,The label for cancel button of change modal,Cancel,අවලංගු කරන්න,ரத்து செய்
changeModal.continue,The label for continue button of change modal,Continue,අපිට ප්‍රායෝලක් කරන්න.,தொடருங்கள்
changeModal.description,The description for change modal,A record will be created of any changes you make,ඔබගේ කොටස කිරීම් සියලු වෙනසන්නෙන් ප්‍රාථමික වාර්තා නිර්දේශයක් සාදා ඇතුලු වේ.,நீங்கள் செய்யும் எந்த மாற்றங்களின் பதிவு செய்யப்படும்
changeModal.title,The title for change modal,Edit declaration?,ප්‍රතිස්ථාපනය සංස්කරණය කරනවාද?,பிரமாணத்தை திருத்த வேண்டுமா?
changePhone.validation.msg,Phone number validation message,Must be a valid 10 digit number that starts with 0,0 දෙකයේ ආකෘතිය තුල සංඛ්යාව එකක් වර්ගයේ විය යුතුය.,0 ஆரம்பிக்கும் 10 இலக்க எண் இருக்க வேண்டும்.
config.advanced.search,This is used for the advanced search,Advanced Search,දර්ශක සෙවීම,மேம்பட்ட தேடல்
config.advanced.search.instruction,This is used for the advanced search,Select the options to build an advanced search. A minimum of two search parameters is required.,උසස් සෙවුම තොරතුරු ගොනුවක් තෝරවීමට විකල්ප තෝරන්න. අවලංගු සෙවුම් ක්‍රමයන් දෙකක් අවශ්‍ය වේ.,மேம்படுத்தப்பட்ட தேடலை உருவாக்க விருப்பங்களைத் தேர்ந்தெடுக்கவும். குறைந்தது இரண்டு தேடல் அளவுகள் தேவை.
config.application.birthTabTitle,The title for birth tab,Birth,උපන්දිනය,பிறப்பு
config.application.birthTabTitleExport,The title for birth tab for VSExport,Births,උපන්දිනයන්,பிறப்புகள்
config.application.deathTabTitle,The title for death tab,Death,මරණය,மரணம்
config.application.deathTabTitleExport,The title for death tab for VSExport,Deaths,මිරිස්,மரணங்கள்
config.application.emptystate,Vital Statistics Export Empty State Text,The previous month's vital statistics data (based on vital event registrations occurring within that month) will become available for you to export as of the 1st of every month. Large CSV files cannot be opened in Excel and should therefore be opened in a statistical program such as {posit}.,"පසුගිය මාසයේ අත්සන් සංඛ්‍යාව (එවිට සිදුවීම් ලිපි ලියාපදිංචි වීමෙන් පිටපත් වීමට ලබාදෙනු ඇත) ඔබට මාසික පළාත් ලබාදෙනු ඇති දත්ත සංඛ්‍යාව මාස 1 වෙනිදා ඔබට නිර්දේශ කිරීමට ලබාගත හැකිය. විශේෂ CSV ගොනුවන් Excel වෙත විවෘත කළ නොහැකිය හෝ එයට හැකියාවූ තිරසාර වෛරසක ප්‍රවර්ගයට විවෘත කළ යුතුය, එන්නත් {posit} විසින්.",கடைசியாக கடந்த மாதத்தின் முக்கிய புள்ளியல் தரவு (அந்த மாதத்தில் நடக்கும் முக்கிய நிகழ்வுகளின் பதிவுகளின் அடிப்படையில்) நீங்கள் ஒவ்வொரு மாதம் 1 ம் தேதியில் ஏற்றுமதி செய்யக்கூடும். பெரும்பாக்கி சி.எஸ்.வி கோப்புகளை எக்செல் இல் திறக்க முடியாது என்று கருதப்படுகின்றது மற்றும் அதாவது {posit} போன்ற ஒரு புள்ளியல் நிரலில் திறக்க வேண்டும்.
config.application.export,Download Export CSV,Export,නිර්දේශය,ஏற்றுமதி
config.application.vitalStatistics,Vital Statistics Export,"Month-{month}-Sri-Lanka-{event, select, birth{birth} death{death} other{birth}}-event-statistics.csv {fileSize}","මාසය-{month}-ෆරජාලන්ඩ්-{event, select, birth{උපන්} death{මරයි} other{උපන්}}-ස්ථාන-සංඛ්‍යාව.csv {fileSize}","மாதம்-{month}-பரஜாலந்து-{event, select, birth{பிறப்பு} death{மரணம்} other{பிறப்பு}}-நிகரான-புள்ளியிடம்.சி.வி {fileSize}"
config.application.vsExportDownloadFailed,Vital Statistics Export Empty State Text,Sorry! Something went wrong,සමාවන්න! දෝෂයක් සිදු විය,மன்னிக்கவும்! ஏதாவது தவறினால் ஏனையவை நெருக்கமாக இல்லை
config.application.vsexport,VS Export tab,Vital statistics,විශේෂ සංඛ්‍යාලයන්,முக்கிய புள்ளிகள்
config.certTemplate,Label for certificate templates,Certificate Template,සහත් අක්ෂර ආකෘතිය,சான்றிதழ் வார்ப்புரு
config.certificate.options,Show options,Options,විකල්ප,விருப்பங்கள்
config.emailAllUsers.modal.supportingCopy,Label for send email all users confirmation supporting copy,User will receive emails over the next 24 hours,පරිශීලකයට ඊමේල් 24 ක් පසු ලබා දෙනවා.,பயனர் அடுத்த 24 மணி நேரத்திற்குள் மின்னஞ்சல்களைப் பெறுவார்.
config.emailAllUsers.modal.title,Label for send email all users confirmation title,Send email to all users?,සියලුම භාවිතා කිරීමට ඊමේල් යවන්නේ?,அனைத்து பயனர்களுக்கு மின்னஞ்சல் அனுப்பவுமா?
config.emailAllUsers.subtitle,Subtitle for email all users,This email will be sent to all users who are active. Emails will be sent over the next 24 hours. Only one email can be sent per day,මෙම ඊමේල් සඳහා සියලුම පරිශීලකයන්ට යොමු වෙයි. ඊමේල් 24 වසර ඇතුළු යවනු ලැබේ. දිනකට එක ඊමේල් එකක් යවන හැකිය.,இந்த மின்னஞ்சல் செயலிகள் அனைத்து பயனர்களுக்கும் அனுப்பப்படும். மின்னஞ்சல்கள் அடுத்த 24 மணி நேரத்திற்கு அனுப்பப்படும். ஒரு நாளுக்கு மட்டும் ஒரு மின்னஞ்சல் அனுப்பப்படலாம்.
config.emailAllUsers.title,Title for email all users,Email all users,සියලුම භාවිතා කිරීමට ඊමේල් එවන්න,அனைத்து பயனர்களுக்கு மின்னஞ்சல் அனுப்பவும்.
config.userRoles.language,Language name,"{language, select, en {English} fr {French} other {{language}}}","{භාෂා, තෝරන්න, en {ඉංග්‍රීසි} fr {ප්‍රංශ} other {{භාෂා}}}","{மொழி, தேர்ந்தெடு, en {ஆங்கிலம்} fr {பிரஞ்சு} other {{மொழி}}}"
conflicts.modal.assign.description,Description for modal when assign,Please note you will have sole access to this record. Please make any updates promptly otherwise unassign the record.,කරුණාකර මෙම වාර්තාවට ඔබට අඩු ප්‍රිවිස්තය ඇත්දැයි සලකුණු දෙන්න. එය හෙළිදැයි වෙනස් කිරීම් කරන්න. නැවත අයිතිකරන්නේ වාර්තාව අයිති කිරීමට නොහැකි විට.,"இந்த பதிவுக்கு உங்களுக்கு மட்டுமே அணுகல் இருப்பதை கொண்டுவருக. விரைவாக எந்த மேம்படுத்தல்களைச் செய்யவும், இல்லாதிருந்தால் பதிவை விலக்குங்கள்."
conflicts.modal.assign.title,Title for modal when assign,Assign record?,රෙකෝඩ් පැවරුම?,பதிவை ஒதுக்குக?
conflicts.modal.assigned.description,Description for modal when record already assigned,{name} at {officeName} has sole editable access to this record,{name} යා {officeName} එකේ මෙම වාර්තාවට සංස්කරණය කළ හැකිය.,{name} என்றால் {officeName} உடன் இந்த பதிவுக்கு ஒருவர் மட்டும் திருத்த அணுகல் உள்ளன
conflicts.modal.assigned.title,Title for modal when record already assigned,Assigned record,පැවරුම් වාර්තාව,ஒதுக்கப்பட்ட பதிவு
conflicts.modal.regUnassign.description,Description for modal when registrar wants to unassign an assigned user,{name} at {officeName} currently has sole editable access to this record. Unassigning this record will mean their current edits will be lost. Please confirm you wish to continue.,{officeName} හි {name} විසින් මෙම වාර්තාව සංස්කරණය කළ හැකි අතර සංස්කාරක ප්‍රවේශයක් ඇත. මෙම වාර්තාව අවසන් කිරීම අරඹන්නේ අත්‍යවශ්‍යයි. කරුණාකර ඔබට මෙම ක්‍රියාත්මක කිරීමට අවශ්‍යද තහවුරු කරන්න.,{name} என்றால் {officeName}-ல் இருக்கின்றார். இந்த பதிவுக்கு அவருக்கு ஒருவர் திரும்ப எழுத முடியும் அணுகும் உரிமை உள்ளது. இந்த பதிவை விலக்குவதன் மூலம் அவர்கள் தற்போது செய்திகள் இழந்துபோகும். தொடர விரும்புகிறீர்களா என்று உறுதிப்படுத்தவும்.
conflicts.modal.selfUnassign.description,Description for modal when user wants to unassign him/herself,Unassigning this record will mean that any current edits will be lost. Please confirm you wish to continue.,මෙම වාර්තාව අවසන් කිරීමේදී සිවිල් වෙනස් වී ඇත්දැයි තහවුරු කිරීමට අවශ්‍යද?,இந்த பதிவை அணுப்பவில்லை என்றால் ஏதேனும் தற்போது திருத்தங்கள் இழந்துபோகும். தொடர விரும்புகிறீர்களா என்று உறுதிப்படுத்தவும்.
conflicts.modal.unassign.title,Title for modal when unassign record,Unassign record?,රාත්‍රී ඉවත් කිරීම?,பதிவை விலக்குவதன் மூலம் அனுமதியை நீக்குக?
constants.PIN,PIN label,PIN,කේන්ක්ට්රෝල් අංකය,பின்
constants.address,Label for address,Address,ලිපිනය,முகவரி
constants.ageVerificationApiUser,The description for AGE_VERIFICATION_API_USER role,Age verification API service,වය පිළිබඳ API සේවා,வயது சரிபார்ப்பு API சேவை
constants.allEvents,Label for select option All events,All events,සියලු සිදුවීම්,அனைத்து நிகழ்வுகளும்
constants.allStatuses,Label for select option All statuses,All statuses,සියලු තත්ත්වයන්,அனைத்து நிலைகளும்
constants.apiUser,The description for API_USER role,API User,API භාවිතයේ පරිශීලකයා,API பயனர்
constants.application.title,Application title,Application,අයිකනය,விண்ணப்பி
constants.applicationArchivedOn,,Application archived on,අයිතිකරු ගෙවීමේ අයිතිකරුගේ {officeName} මට පිළිගන්න.,விண்ணப்பம் சேமிக்கப்பட்டது
constants.applicationName,Declaration name of CRVS,One Registry,One Registry,One Registry
constants.archived_declaration,Application has been archived,Archived,අතිරික්කුවක්,பதிவுசீராக்கப்பட்டுள்ளது
constants.assignRecord,A label for the Assign record -button,Assign record,රාජකාරීත්වය වෙනස් කරන්න,பதிவை ஒதுக்கவும்
constants.averageRateOfRegistrations,A label for Average rate of registrations,Avg. {amount}%,මා. {amount}%,சராசரி {amount}%
constants.birth,A label from the birth event,Birth,උපන්දිනය,பிறப்பு
constants.births,A label from the births event,Births,උපන්දිනයන්,பிறப்புகள்
constants.by,Label for By (the person who performed the action),By,ක්ෂණික පරිවර්තනය කරන්න.,வழி
constants.certificate.title,Certificate title,Certificate,සහතෝටිකය,சான்றிதழம்
constants.certificationPaymentTitle,Label for certification payment performance reports,"Payment collected for {event, select, birth{birth} death{death} other{birth}} certificates","{event, select, birth{උප්පැන්න} death{මරණ} other{උප්පැන්න}} සහතික සඳහා ගෙවීම එකතු කළාය","{event, select, birth{பிறப்பு} death{மரணம்} other{பிறப்பு}} சான்றிதழ்களுக்கு கட்டணம் வசூலிக்கப்பட்டது"
constants.certified,A label for certified,certified,ප්‍රලේඛනය ලබා දෙනවා,சான்றிதழ் பெற்றுள்ள
constants.cha,The description for CHA type,CHA,CHA,CHA
constants.chairman,The description for CHAIRMAN type,Chairman,අධිකාරියා,தலைவர்
constants.collected,The status label for collected,Collected,එක් කර ඇත,சேகரிக்கப்பட்டுள்ளது
constants.collectedBy,The collected by sec text,Collected by,එකතු කළ හැකිය.,சேகரிக்கப்பட்டது
constants.collectorDetails,Label for collector details,Collector Details,සංඛ්‍යාල විස්තරයන්,கலெக்டர் விவரங்கள்
constants.comment,Label for rejection comment,Comment,අදහසයි,கருத்து
constants.config,,Configuration,මාධ්‍යයක්,கட்டமைப்பு
constants.countryName,Name of the OpenCRVS implementation country,Sri Lannka,ශ්‍රී ලංකාව,இலங்கை
constants.customTimePeriod,Label for Custom time period,Custom time period,සැකසුම් කාල කාලය,தனிப்பட்ட கால காலம்
constants.dataEntryClerk,The description for DATA_ENTRY_CLERK type,Data entry clerk,දත්ත ඇතුලත් කරන්නේ කර්මාන්තශ්‍රයක්යි,தரவு உள்ளடக்கு பணியாளர்
constants.dateOfDeclaration,Date of declaration label,Date of declaration,ප්‍රකාශනා කළ දිනය,அறிவிப்பு தேதி
constants.daughter,,Daughter,කහවල්,மகள்
constants.death,A label from the death event,Death,මරණය,மரணம்
constants.deaths,A label from the deaths event,Deaths,මිරිස්,மரணங்கள்
constants.declaration,A label for declaration,declaration,ප්‍රකාශය,அறிக்கை
constants.declarationCollectedOn,Label for the workflow timestamp when the status is collected,Certificate collected on,සහත් ලබා ගැනීමේ දිනය: {date},சான்றிதழ் சேர்க்கப்பட்டது
constants.declarationFailedOn,Label for the workflow timestamp when the status is failed,Failed to send on,යවන්නේ අසාර්ථකයි,அனுப்ப தோல்வி ஏற்பட்டது
constants.declarationRegisteredOn,Label for the workflow timestamp when the status is registered,Registered on,ලියාපදිංචියෙන්,பதிவு செய்யப்பட்டது
constants.declarationRejectedOn,Label for the workflow timestamp when the status is rejected,Declaration rejected on,ප්‍රකාශය ප්‍රතික්ෂේප වූ දිනය,அறிக்கை நிராகரிக்கப்பட்ட தேதி
constants.declarationRequestedCorrectionOn,Label for the workflow timestamp when the status is requested correction,Declaration requested correction on,අයිතිය විසින් සංවාදය ඉල්ලීමට විය යුතු අතර සංවාදය වෙනස් කිරීමට ඉල්ලීම කළ යුතුයි,கோரியுள்ள திட்டத்தில் திருத்தம் கேட்டது
constants.declarationSentForExternalValidationOn,Label for the workflow timestamp when the status is waiting_validation,Declaration sent for external validation on,බාහිර සංස්කරණය සදහා ප්‍රකාශය යවන ලදි.,வெளியே செய்தியை செயலாளருக்கு சரிபார்க்க அனுப்பப்பட்டுள்ளது.
constants.declarationStarted,Label for table header column Declaration started,Started,ආරම්භයාට ඇරඹේ,தொடங்கப்பட்டது
constants.declarationStartedBy,Label for table header column Started by,Started by,ආරම්භ කරන ලදි,தொடங்கினோம்
constants.declarationStartedOn,Label for the workflow timestamp when the status is draft created,Started on,ආරම්භයි,தொடங்கினேன்
constants.declarationState,A label to describe when the declaration was actioned on,Declaration {action} on,ප්‍රකාශය {action} මගින් යන්නාව,அறிக்கை {action} செய்யப்படுகிறது
constants.declarationSubmittedOn,Label for the workflow timestamp when the status is declaration,Declaration submitted on,දායකත්වය ඉදිරිපත් කරන ලදියේ,அறிக்கை சமர்ப்பிக்கப்பட்டது {date}
constants.declarationUpdatedOn,Label for the workflow timestamp when the status is draft updated,Updated on,යාවත්කාලීන කළ හැකිය.,புதுப்பிக்கப்பட்டது
constants.declarationValidatedOn,Label for the workflow timestamp when the status is validated,Declaration reviewed on,පරීක්ෂණය සඳහා සටහන් සමාලෝචනය කර ඇත්දැයි {officeName},அறிக்கை மதிப்பிடப்பட்டது
constants.declarations,Declaration title,Declarations,ප්‍රකාශයන්,அறிக்கைகள்
constants.declarationsCount,A label for declarations count,Declarations ({totalItems}),ප්‍රකාශ ({totalItems}),அறிக்கைகள் ({totalItems})
constants.declrationArchivedOn,Label for the workflow timestamp when the status is archived,Application archived on,අයඳුම්පත සංරක්ෂණය කළ දිනය,விண்ணப்பம் காப்பகப்படுத்தப்பட்ட தேதி
constants.districtRegistrar,The description for DISTRICT_REGISTRAR role,District Registrar,දිස්ත්‍රික්කයා ලිපිනයේ ලිපිනක්,மாவட்ட பதிவாளர்
constants.dnrpc,The description for DNRPC type,DNRPC,DNRPC,தயாரிப்பு இல்லை
constants.dob,Date of birth label,D.o.B.,උ.ප.ද.,ப.ப.த.
constants.dod,Label for DoD in work queue list item,D.o.D.,ක්‍රි.ප.දි.,த.த.தி.
constants.downloaded,Label for application download status Downloaded,Downloaded,බාගත කර ඇත,பதிவிறக்கம் செய்யப்பட்டது
constants.downloading,Label for declaration download status Downloading,Downloading...,බාගත කිරීම...,பதிவிறக்கம் செய்கின்றது...
constants.draft,A label for draft,Draft,කළමනාකරණය,வரையறுக்கை
constants.duplicateOf,table header for `duplicate of` in record audit,Duplicate of,පිළිතුරුද?,நகல் ஆக்கம்
constants.emailAddress,Email label,Email Address,ඊ-මේල් ලිපිනය,மின்னஞ்சல் முகவரி
constants.emailBody,Label for email body input,Message,පණිවිඩය,செய்தி
constants.emailSubject,Label for email subject input,Subject,විශේෂිතයි,பொருள்
constants.entrepeneur,The description for ENTREPENEUR type,Entrepeneur,ක්‍රියාකාරී,உத்தியோகப் பேரவை
constants.estimatedNumberOfEvents,A label for Estimated number of events,"Estimated{lineBreak}no. of {eventType, select, birth {birth} death {death} other {birth}}s","උදාහරණය කරන ලද {eventType, select, birth {උපන්} death {මරණ} other {උපන්}} ගණනක් අනුමත කළ ඇත","அமைந்துள்ளது{lineBreak}{eventType, select, birth {பிறப்பு} death {மரணம்} other {பிறப்பு}}களின் எண்ணிக்கை"
constants.estimatedNumberOfRegistartion,A label for estimated no. of registrations,Estimated no. of registrations,ලියාපදිංචි සංඛ්‍යාව,பதிவுகளின் அமைந்த எண்ணிக்கை
constants.estimatedTargetDaysRegistrationTitle,A label for estimated vs total registered in {registrationTargetDays} days,Estimated vs total registered in {registrationTargetDays} days,{registrationTargetDays} දිනයේ අනුමැතිය vs මාසික ලියාපදිංචියක්,{registrationTargetDays} நாட்களில் கணக்கிடப்பட்ட எண்ணிக்கை vs மொத்த பதிவு
constants.event,Label for Event of event in work queue list item,Event,උද්‍යානය,நிகழ்ச்சி
constants.eventDate,Label for event date in list item,Date of event,ස්වාර්ය දිනය,நிகழ்வின் தேதி
constants.eventType,Label for table header column Event type,Event,උදව්,நிகழ்ச்சி
constants.export,Label used for export,Export,නිවාසන්න,ஏற்றுமதி
constants.extendedFamily,,Extended family,දිනෙන්නාගේ පවුලේ ප්‍රවේශය,நீண்ட குடும்பம்
constants.failedToSend,Label for declaration status Failed,Failed to send,යවන්නේ අසාර්ථකයි,அனுப்ப தோல்வி ஏற்பட்டது
constants.father,,Father,පියාව,அப்பா
constants.female,The duplicates text for female,Female,ගැහැණු ස්තුතියි,பெண்
constants.femaleOver18,Label for femaleOver18,Female Over 18,මහා වයසට ඉහළ ස්තුතියි.,18 வயது மேல் பெண்
constants.femaleUnder18,Label for femaleUnder18,Female Under 18,ගැහැනු උපත 18ට අඩු,பெண் குறைந்தபட்ச 18 வயது
constants.fieldAgent,The description for FIELD_AGENT role,Field Agent,ක්ෂේත් නිලධාරී,புலம் முதலாளி
constants.form.title,Form Declaration title,Declaration forms,ප්‍රඳුන් පත්වීම්,அறிக்கை படிவங்கள்
constants.from,Label for text From,From,පිටවලට,இருந்து
constants.gender,Gender label,Gender,පුරවැසියා,பாலியல்
constants.healthDivision,The description for HEALTH_DIVISION type,Health Division,සෞඛ්‍ය අංශය,ஆரோக்கிய பிரிவு
constants.healthcareWorker,The description for Healthcare Worker type,Healthcare Worker,රෝහල් සේවය කරු,மருத்துவ பணியாளர்
constants.history,History heading,History,ඉතිහාසය,வரலாறு
constants.humanName,Formatted full name,{firstName} {middleName} {lastName},{firstName} {middleName} {lastName},{firstName} {middleName} {lastName}
constants.id,ID Label,ID,අනුමත හැඳුනුම්පත්,ID
constants.idCheckWithoutVerify,Issuance without the confirmation of proof,Continue without proof of ID?,අන්තර්ක්‍රියාවන් සහිතව ප්‍රතිස්ථාපනය කරන්නේ කියන්නේ විසින් ප්‍රතිස්ථාපනය කරන්නේ අවිස්සාවේද?,பரிசோதனை ஆவணம் இல்லாதிருக்கவேண்டுமா?
constants.inReview.status,A label for In Review,In review,සඳහන් කිරීමේදී,பரிசோதனையில்
constants.incomplete.status,A label for Incomplete,Incomplete,අසම්පූර්ණයි,முடிவற்ற உதாரணம்
constants.informant,Informant Label,Informant,සුදු දුර්ලයාගේ දැනුම්දෙනාට,அறியப்படும்
constants.informantContactNumber,The title of contact number label,Informant contact number,සෞඛ්‍ය සම්බන්ධ අංකය,தகவல் வழங்குநரின் தொலைபேசி எண்
constants.integrations,Integration title,Integrations,ඒකාබද්ධකවරුන්,ஒருவர் பதிவு செய்ய வேண்டிய தரவுத்தொகுப்புகள்
constants.issueCertificate,Label for issue certificate,Issue Certificate,සහත්පය නිකුත් කරන්න,சான்றிதழ் விதிக்கவும்
constants.issueConfirmationMessage,Confirmation of issuance,Please confirm that the certificate has been issued to the informant or collector.,කරුණාකර තහවුරු කළ පිළිබඳව සහය ලබා ගත් සහයෝගය පිළිබඳව ලකුණු කරන්න.,தயவுசெய்து சான்றிதழ் அறிக்கையாளருக்கு அல்லது சேகரிக்கு வழங்கப்பட்டுள்ளது என்று உறுதிசெய்க.
constants.issueToBride,Issuing to bride,Issue to bride,වධුවට නිකුත් කරන්න,மணமகளுக்கு வழங்கவும்
constants.issueToFather,Issuing to father,Issue to father,පියාට ප්‍රෝටෙස්ට් කරන්න,அப்பாவிற்கு பிரச்சினை
constants.issueToGroom,Issuing to groom,Issue to groom,වරෙන්ද්‍රයාට නිකුත් කරන්න,மணமகனுக்கு வழங்கவும்
constants.issueToInformant,Issuance of death to informant,"Issue to informant ({informant, select, MOTHER {Mother} FATHER {Father} GRANDFATHER {Grandfather} GRANDMOTHER {Grandmother} BROTHER {Brother} SISTER {Sister} LEGAL_GUARDIAN {Legal guardian} BRIDE {Bride} GROOM {Groom} HEAD_OF_GROOM_FAMILY {Head of groom's family} HEAD_OF_BRIDE_FAMILY {Head of bride's family} SPOUSE {Spouse} SON {Son} DAUGHTER {Daughter} SON_IN_LAW {Son in law} DAUGHTER_IN_LAW {Daughter in law} GRANDSON {Grandson} GRANDDAUGHTER {Granddaughter} other {{informant}}})","ප්‍රස්ථාව ප්‍රදේශයට ({informant, select, MOTHER {මව} FATHER {පියා} GRANDFATHER {සිංහලා} GRANDMOTHER {සිංහලා} BROTHER {සිංහලා} SISTER {සිංහලා} LEGAL_GUARDIAN {සිංහලා} BRIDE {සිංහලා} GROOM {සිංහලා} HEAD_OF_GROOM_FAMILY {සිංහලා} HEAD_OF_BRIDE_FAMILY {සිංහලා} SPOUSE {සිංහලා} SON {සිංහලා} DAUGHTER {සිංහලා} SON_IN_LAW {සිංහලා} DAUGHTER_IN_LAW {සිංහලා} GRANDSON {සිංහලා} GRANDDAUGHTER {සිංහලා} other {{informant}}})","தகவலரீதியாக அறிக்கை செய்யப்பட்டவருக்கு ({informant, select, MOTHER {தாய்} FATHER {தந்தை} GRANDFATHER {தாத்தா} GRANDMOTHER {பாட்டி} BROTHER {சகோதரன்} SISTER {சகோதரி} LEGAL_GUARDIAN {சட்டமன்றியாளர்} BRIDE {மணமகள்} GROOM {மணமகன்} HEAD_OF_GROOM_FAMILY {மணமகன் குடும்பத்தின் தலைவர்} HEAD_OF_BRIDE_FAMILY {மணமகள் குடும்பத்தின் தலைவர்} SPOUSE {உடன் இருப்பவர்} SON {மகன்} DAUGHTER {மகள்} SON_IN_LAW {மருமகன்} DAUGHTER_IN_LAW {மருமகள்} GRANDSON {பெரியப்பன்} GRANDDAUGHTER {பெரியப்பதி} other {{informant}}})"
constants.issueToMother,Issuing to mother,Issue to mother,මවට ප්‍රවේශයක් ඇතිවිය,தாய்க்கு பிரச்சினை
constants.issueToSomeoneElse,Issuing to someone else,Issue to someone else,තෙවමං තවත් දෙනවා.,யாரோடு பிரச்சினை உள்ளது?
constants.issuedBy,The issued by sec text,Issued by,නිකුත් කළවිට,வெளியீடு செய்யப்பட்டது
constants.label.action,Action Label,Action,ක්‍රියාකාරකම,செயல்
constants.label.date,Date Label,Date,දිනය,தேதி
constants.language,language label,Language,භාෂාව,மொழி
constants.last12Months,Label for preset date range Last 12 months,Last 12 months,පසුගිය 12 මාසයට,கடந்த 12 மாதங்கள்
constants.last30Days,Label for  preset date range Last 30 days,Last 30 days,අවසන් 30 දිනයන්,கடந்த 30 நாட்கள்
constants.lastEdited,Label for rejection date in work queue list item,Last edited,අවසන් සංස්කරණය කරන ලදි,கடைசியாக திருத்தப்பட்டது
constants.lastUpdated,Label for Last updated in list item,Last update,අවසාන යාවත්කාලය,கடைசி புதுப்பிப்பு
constants.loadMore,A label for load more,Load more,තවත් පැකට් කරන්න,மேலே ஏற்றுக்கொள்
constants.localLeader,The description for Local Leader type,Local Leader,ස්ථාන නායක,உள்ளாட்சி தலைவர்
constants.localRegistrar,The description for LOCAL_REGISTRAR role,Registrar,ලියාපදිංචි,பதிவுசெய்தார்
constants.localSystemAdmin,,Local System Admin,දේශීය පද්ධති කළමනාකාරවරයා,உள்ளூர் அமைப்பு நிர்வாகி
constants.location,Label for location,Location,ස්ථානය,இடம்
constants.login,,Login,ඇතුල් වන්න,உள்நுழையுங்கள்
constants.male,The duplicates text for male,Male,පුරුෂයා,ஆண்
constants.maleOver18,Label for maleOver18,Male Over 18,පුරාණ වත්මන් 18ට අටවන්නේ නෑ.,18 வயது மேல் ஆண்
constants.maleUnder18,Label for maleUnder18,Male Under 18,පුරාණ අයිතමයි 18 ට අඩු,18 வயது குறைந்த ஆண்
constants.marriage,A label from the marriage event,Marriage,විවාහය,திருமணம்
constants.marriages,A label from the marriages event,Marriages,විවාහයන්,திருமணங்கள்
constants.matchedTo,table header for `Matched to` in record audit,Matched to,ගුරුවරයාවට ගැලපෙනු ඇත,Matched to
constants.mayor,The description for MAYOR type,Mayor,මහ මහතාරයා,மேயர்
constants.month,Label for month,Month,මාසය,மாதம்
constants.mother,,Mother,මව,தாய்
constants.name,Name label,Name,නම,பெயர்
constants.nationalRegistrar,The description for NATIONAL_REGISTRAR role,National Registrar,ජාතික ලියාපදිංචි කිරීමේ කාර්යය,தேசிய பதிவுரையாளர்
constants.nationalSystemAdmin,The description for System admin (national),National System Admin,ජාතික පද්ධති කළමනාකාරවරයා,தேசிய அமைப்பு நிர்வாகி
constants.noConnection,No Connection hover text,No connection,අදාළ සම්බන්ධය නොදැක්වීම,இணைப்பு இல்லை
constants.noNameProvided,Label for empty title,No name provided,නම සපයා නැත,பெயர் வழங்கப்படவில்லை
constants.noResults,Text to display if the search return no results for the current filters,No result,ප්‍රතිලාභයක් නොමැත,ஒரு முடிவு இல்லை
constants.noResultsOutbox,Text to display if there is no items in outbox,No records require processing,කාලසත්‍ය අවශ්‍යතා නොඇති නොවේ.,பதிவுகள் செயலாக்கப்பட வேண்டும் என்று எதுவும் இல்லை
constants.notificationApiUser,The description for NOTIFICATION_API_USER role,Notification API role,දැනුම්දීම API භූමිකාව,அறிவிப்பு API பங்கு
constants.notificationSent,label for notification sent,Notification sent,දැනුම යවා ඇත,அறிவு அனுப்பப்பட்டது
constants.orgDivision,The description for ORG_DIVISION type,ORG Division,ORG Division,RG Division
constants.over5Years,Label for registrations over 5 years,Over 5 years,5 වසර ඉහලට,5 ஆண்டுகள் மேல்
constants.password,Password label,Password,මුරපදය,கடவுச்சொல்
constants.pendingConnection,Label for declaration status Pending Connection,Pending connection,අනුමැතිය සිටින්නේ,கூட்டுத்தொடர்பு நிலையில் உள்ளது
constants.percentageOfEstimation,A label for percentage of estimate,Percentage of estimate,අනුපාතයේ ප්‍රතිශත්වය,மதிப்பீட்டின் சதவீதம்
constants.performance,Performance title,Performance,කාර්යබහධාරය,செயல்பாடு
constants.performanceManagement,The description for Performance Management role,Performance Manager,කාර්යභාර කළමනාකාරක,செயல்பாடு மேலாண்மையாளர்
constants.phoneNumber,Phone label,Phone number,දුරකථන අංකය,தொலைபேசி எண்
constants.policeOfficer,The description for Police Officer type,Police Officer,පොලීස් අධිකාරියා,காவல் அதிகாரி
constants.rateOfRegistrationWithinTargetd,,Rate within {registrationTargetDays}{lineBreak}days of event,{registrationTargetDays} වසර තුළ දින {lineBreak} අත්සන් කරන්න,நிகழ்வின் {registrationTargetDays} நாட்கள் உள்ளிட்ட விலை
constants.rateOfRegistrationWithinYears,,"Rate within {num} {num, plural, =0 {year} =1 {year} other {years}} of event",{num} වසන් අයිතියේ තිබෙන වාර්ෂික ශ්‍රේණියට සාදන්න,"நிகரான விதியில் {num} {num, plural, =0 {ஆண்டு} =1 {ஆண்டு} other {ஆண்டுகள்}} உள்ள விதியின் மீது விதியாக மதிப்பிடுக."
constants.reason,Label for Reason the declaration was rejected,Reason,කාලය,காரணம்
constants.record,Label for header table header Record,Record,ලියන්න,பதிவு
constants.refresh,label for refresh,refresh,නැවත ප්‍රතිලාභයක් කරන්න,புதுப்பிக்கவும்
constants.registered,A label for registered,Registered,ලියාපදිංචියා,பதிவு செய்யப்பட்டது
constants.registered.status,A label for registered,Registered,ලියාපදිංචියා,பதிவு செய்யப்பட்டது
constants.registeredAt,Label for comparison row registeredAt type,Registered at,ලියාපදිංචියි වීමේදී,பதிவு செய்யப்பட்டுள்ளது
constants.registeredBy,Label for comparison row registeredBy type,Registered by,ලියාපදිංචියෙන්,பதிவு செய்யப்பட்டது
constants.registeredInTargetd,A label for Registered in {registrationTargetDays} days,Registered in {registrationTargetDays} days,{registrationTargetDays} දිනයේදී ලියාපදිංචි වී ඇත,{registrationTargetDays} நாட்களில் பதிவு செய்யப்பட்டுள்ளது
constants.registeredWithinTargetd,A label for Registered {registrationTargetDays} within  days of event,Registered within{lineBreak}{registrationTargetDays} days of event,{lineBreak}සම්බන්ධ කළ පසු {registrationTargetDays} දිනයන්ට අයිතිකරු වී ඇත,நிகழ்ச்சிக்கு முன்பு {lineBreak} {registrationTargetDays} நாட்களில் பதிவு செய்யப்பட்டுள்ளது
constants.registrationAgent,The description for REGISTRATION_AGENT role,Registrar of Births & Deaths,උප්පැන්න සහ මරණ ලේඛකාධිකාරියා,பிறப்பு மற்றும் மரண பதிவாளர்
constants.registrationNumber,Label for registered number,Reg no.,රෙජ් අංකය.,பதிவு எண்.
constants.rejected,A label for rejected,rejected,ප්‍රතිචාරයක් කරන ලදි,நிராகரித்தது
constants.rejectedDays,The title of rejected days of declaration,Rejected {text},{text} ප්‍රතිචාරයි,{உரை} நிராகரிக்கப்பட்டது
constants.relationship,Relationship Label for death,Relationship,සම්බන්ධතාව,உறவு
constants.requestReason,Label for Reason the declaration was corrected,Reason for request,ඉල්ලීමේ හේතුව,கோரிக்கைக்கு காரணம்
constants.requestedCorrection,A label for requested correction,requested correction,ඉල්ලා සිටි සංශෝධනය,கோரிய திருத்தம்
constants.requireUpdatesLoading,The text when all rejected declarations are loading,Checking your declarations,ඔබගේ වාර්තා පරීක්ෂා කිරීමට පරිශීලකයාගේ නියාමිතව පරික්ෂා කරමු.,உங்கள் அறிக்கைகளை சரிபார்க்கிறேன்
constants.requiresUpdates.status,A label for Requires updates,Requires updates,යාවත්කාලීන කිරීමට අවශ්‍යයි,புதுப்பிக்க தேவை
constants.review,A label from the review button,Review,අදාළවල්,மதிப்பீடு
constants.role,Role label,Role,භාවිත කාලය,பதவி
constants.search,The title of the page,Search,සෙවුම,தேடல்
constants.secretary,The description for SECRETARY type,Secretary,සංකීර්ණයා,செயலாளர்
constants.sending,Label for declaration status Submitting,Sending...,යවන්න...,அனுப்புகிறது...
constants.sentForApproval,label for sent for approval,Sent for approval,අනුමත කිරීමට යවන ලදුවක්,அனுமோனத்துக்கு அனுப்பப்பட்டுள்ளது
constants.sentForReview,label for sent for review,Sent for review,සඳහන් කිරීම සඳහා යවන ලදුව,மதிப்பீடுக்கு அனுப்பப்பட்டது
constants.sentForUpdates,label for sent for updates,Sent for updates,යළි යවන ලදි.,புதுப்பிக்கப்பட்டது
constants.sentForUpdatesOn,Label for rejection date in work queue list item,Sent for updates on,යාවත්කාලී කිරීම සඳහා යවන ලදුදුන්න.,புதுப்பிக்க அனுப்பப்பட்டுள்ளது
constants.sentForValidation,label for sent for validation,Sent for validation,වලංගු කිරීම සඳහා යවන ලදුවක්,சரிபார்க்கப்படுகிறது
constants.sentOn,Label for rejection date in work queue list item,Sent on,යවන ලදි,அனுப்பப்பட்டது
constants.sent_incomplete,Declaration submitted without completing the required fields,Sent incomplete,අසම්පූර්ණයි,முழுவதும் அனுப்பப்பட்டது.
constants.showMore,Label for show more link,Show next {pageSize},පසුබිම {pageSize} පෙන්වන්න.,அடுக்கு {pageSize} காட்டு
constants.skipToMainContent,Label for a keyboard accessibility link which skips to the main content,Skip to main content,මූලික අන්තර්ගතයට පිවිසෙන්න,முக்கிய உள்ளடக்குக்கு விடுக
constants.socialWorker,The description for Social Worker type,Social Worker,සමාජ කාර්යාලයා,சமூக உழைப்பாளர்
constants.son,,Son,පුතා,மகன்
constants.spouse,,Spouse,සහෝයි,ஜீவனவாழ்க்கை
constants.startedAt,Label for Started At in list item,Started,ආරම්භයාට,தொடங்கப்பட்டது
constants.startedBy,Label for Started by in list item,Started by,ආරම්භ කරන ලදි,தொடங்கினேன்
constants.stateRegistrar,The description for STATE_REGISTRAR role,State Registrar,රාජ්‍ය ලිපිනය,மாநில பதிவுப் பதிகையாளர்
constants.status,Title for column,Status,තරඟකාරීත්වය,நிலை
constants.submissionStatus,Label for table header of column Submission status,Submission status,ඉල්ලීම් තත්වය,சமர்ப்பன நிலை
constants.submitted,A label for submitted,submitted,ඉදිරිපත් කරන ලදි,சமர்ப்பிக்கப்பட்டது
constants.systemrole,System Role label,System Role,සිසුන් හස්තිය,அமைப்பு பாத்தியம்
constants.timeFramesTitle,Header for tabel performance timeframs,"{event, select, birth{Birth} death{Death} other{Birth}} registered by time period, from date of occurrence","{event, select, birth{උපන්වන්න} death{මරන්න} other{උපන්වන්න}} ලිපිය, දින දිනයක් සිට ලිපියට ලියාපදිංචි කරන්න","நிகழ்நிலை, நிகழ்ச்சி, பிறப்பு{Birth} மரணம்{Death} மற்ற{Birth} நேரம் காலம் பதிவு செய்யப்பட்டது, நிகழ்ச்சியின் தேதி முதல்"
constants.timeInProgress,Label for column Time in progress,Time in progress,වේලාව ප්‍රතිඵල වේ.,நேரம் முன்னேறுகின்றது
constants.timePeriod,A label for Time period,Time period,වේලාව කාල අවසානයක්,நேர காலம்
constants.timeReadyForReview,Label for column Time in ready for review,Time in ready for review,සම්පූර්ණයෙන් සටහන් කිරීම සඳහා කාලය ඇති වේ.,பரிசோதனைக்கு நேரம் உள்ளது
constants.timeReadyToPrint,Label for column Time in ready to print,Time in ready to print,ක්‍රියාකාරී කිරීම සඳහා කාලය,அசத்தல் முறையில் நேரம்
constants.timeRequireUpdates,Label for column Time in require updates,Time in require updates,වෙනස් අවශ්‍යයි,புதுப்பிக்க நேரம் தேவை
constants.timeWaitingExternalValidation,Label for column Time in external validation BRIS,Time in external validation,බාහිර සත්‍යාවක් සිටින වේලාව,வெளியேறும் சரிபார்ப்பில் நேரம்
constants.timeWatingApproval,Label for column Time in waiting for approval,Time in waiting for approval,අනුමත අනුමත රාජකීයයි,அனுமதியை காத்திருக்கும் நேரம்
constants.to,Used in sentence,to,"ඔබගේ අයිතිකරු {name}, {officeName} ට පිළිබඳ මෙම වාක්‍යය පරිවර්තනය කරන්න.",அவருக்கு
constants.toCapitalized,Label for To,To,ටූ,பெற்றோர் {name} மற்றும் அவர்கள் அலுவலகம் {officeName} உடன் இணைந்து வேலை செய்யும்.
constants.total,Label for total,Total,එක්සත්,மொத்தம்
constants.totalFileSizeExceed,Accumulated File size exceed message,Total size of documents exceeds {fileSize}. Please reduce file size of your uploads,ලේඛන් එකෙහි එන්න ප්‍රමාණය {fileSize} ඉවත් කරන්න. කරුණාකර ඔබගේ උඩුගත ගොනුවන්හි ගොනු ප්‍රමාණය හෝවින් කෙරුණු කරන්න.,ஆவணங்களின் மொத்த அளவு {fileSize} விதிக்கப்பட்டுள்ளது. உங்கள் பதிவேற்றங்களின் கோப்பு அளவை குறைக்கவும்.
constants.totalRegistered,A label for Total registered,Total{lineBreak}registered,සම්භාව්ය සම්පූර්ණ කරන ලද එකක් එකතු කරන්න,மொத்த{lineBreak}பதிவு செய்யப்பட்டது
constants.totalRegisteredInTargetDays,A label for total registered in {registrationTargetDays} days,Total registered in {registrationTargetDays} days,{registrationTargetDays} දිනයේ ලියාපදිංචියන් එකතු විය,{registrationTargetDays} நாட்களில் மொத்த பதிவு செய்யப்பட்டது
constants.trackingId,Search menu tracking id type,Tracking ID,දල්ෆ් කිරීමේ හැඳුනුම්කරුවේ හැඳුනුම් හැකියාව,கண்காணிப்பு ஐடி
constants.type,Label for type of event in work queue list item,Type,ටයිප් කරන්න,வகை
constants.update,The title of reject button in list item actions,Update,යළි සංවර්ධනය කරන්න,புதுப்பிக்கவும்
constants.updated,Application has been updated,Updated,යාවත්කාලීන කරන ලදුද.,புதுப்பிக்கப்பட்டது
constants.updated_declaration,Declaration has been updated,Updated declaration,යාවත්කාලීන කිරීම,புதுப்பிக்கப்பட்ட அறிக்கை
constants.user,The name of the user form,User,පරිශීලකයා,பயனர்
constants.user.role,,Role,භාවිතා,பதவி
constants.user.systemRole,,System Role,සිසුන් හස්තිය,அமைப்பு பாத்தியம்
constants.username,Username,Username,පරිශීලකවෙනුවන්ගේ නම,பயனர்பெயர்
constants.validated,A label for validated,validated,තහවුරු කර ඇත,சரிபார்க்கப்பட்டுள்ளது
constants.validatorApiUser,The description for VALIDATOR_API_USER role,Validator API role,වල්ටඩර් API අංශය,சரிபார்ப்பாளி API பதவி
constants.viewAll,Label for view all link,View all,සියලුමන් දර්ශනාවන්ගේ දර්ශනා බලන්න.,அனைத்தும் காண்க
constants.waitingToSend,Label for declaration status Ready to Submit,Waiting to send,යවන්න අපි බලන්නේ නැතිලුණුද?,அனுப்ப காத்திருக்கிறேன்
constants.waitingValidated,A label for waitingValidated,Waiting for validation,වලංගු වීම බලන්නේ නැත,சரிபார்க்கப்படுத்தப்படுகிறேன்
constants.waitingValidation,A label for waitingValidation,Sent for validation,වලංගු කිරීම සඳහා යවන ලදුවක්,சரிபார்க்கப்படுகிறது
constants.week,Label for week,Week,සතිය,வாரம்
constants.within1YearTo5Years,Label for registrations within 1 year to 5 years,1 year - 5 years,1 වසර - 5 වසර,1 ஆண்டு - 5 ஆண்டுகள்
constants.withinTargetDays,Label for registrations within {registrationTargetDays} days,Within {registrationTargetDays} days,{registrationTargetDays} දිනයන් තිබෙනවා,{registrationTargetDays} நாட்கள் உள்ளிட்டால்
constants.withinTargetDaysTo1Year,Label for registrations within {registrationTargetDays} days to 1 year,{registrationTargetDays} days - 1 year,{registrationTargetDays} දින - 1 වසරය,{registrationTargetDays} நாட்கள் - 1 ஆண்டு
correction.certificate.corrector.idCheck,The title for id check component,Verify their identity,ඔව්න්ට්ටුවට හැදුවාට සත්‍යයාගේ හැඳුනුමක් තහවුරු කරන්න.,அவர்கள் தங்கள் அடையாளத்தை சரிபார்க்கவும்.
correction.certificate.corrector.idCheckVerify,The label for id check component action when verify details,Verified,තහවුරු කර ඇත,சரிபார்க்கப்பட்டது
correction.certificate.corrector.idCheckWithoutVerify,The label for id check component action when does not verify details,Identity does not match,හැකි අත්දැකීම ගැන ගැලපෙනු නොහැක,அடையாளம் பொருந்தவில்லை
correction.certificate.corrector.otherIdCheck,The title for other id check component,Check proof of ID,අනුමත ප්‍රගතිය පරීක්ෂා කරන්න.,பரிசோதனை சான்றிதழை சரிபார்க்கவும்
correction.correctRecordDialog.description,The description for the dialog when record correction sent by a registrar,The informant will be notified of this correction and a record of this decision will be recorded,මෙම සුදුසු දැනුම්කරුවන්ට මෙම සැසියාව දැක්වීමේ දැක්වීම සහ මෙම තීරණයේ වාර්තා කළමු.,இந்த சரிபார்ப்புக்கு அறிக்கையாளருக்கு அறிதல் செய்யப்படும் மற்றும் இந்த முடிவுக்கு ஒரு பதிவு செய்யப்படும்.
correction.correctRecordDialog.title,The title for the dialog when record correction sent by a registrar,Correct record ?,සංස්කරණය සාර්ථකත්වයක්?,சரியான பதிவு?
correction.correctionForApprovalDialog.actions.cancel,The cancel button for the dialog when record correction sent by registration agent for approval,Cancel,අවලංගු කරනවා,ரத்து செய்
correction.correctionForApprovalDialog.actions.send,The send button for the dialog when record correction sent by registration agent for approval,Confirm,තහවුරු කරන්න,உறுதிப்படுத்தவும்
correction.correctionForApprovalDialog.description,The description for the dialog when record correction sent by registration agent for approval,The Registrar will be notified of this correction request and a record of this request will be recorded,මෙම සුළු ඉල්ලීමේ නිවේදනය රෙගිස්ට්‍රාර්ටට දැක්වෙනු ඇත සහ මෙම වාර්තාව සංඛ්‍යාත්මක කරනු ලබනු ඇත.,இந்த சரிபார்ப்பு கோரிக்கையை பதிவு செய்யப்படும் முதலாளருக்கு அறிவிக்கப்படும் மற்றும் இந்த கோரிக்கையின் பதிவு செய்யப்படும்.
correction.correctionForApprovalDialog.title,The title for the dialog when record correction sent by registration agent for approval,Send record correction for approval ?,නිවාස සංස්කරණය සඳහා ලැබුණු වාර්තා සපයන්න?,அங்கீகாரம் கோரப்பட்ட பதிவை அனுமதிக்கும் பதிவு செய்யுங்களா?
correction.corrector.anotherAgent,Label for another registration or field agent option in certificate correction form,Another registration agent or field agent,නවතම ලියාපදිංචි නියාපදිංචි හෝ ක්ෂේත්‍රයක්,மற்றொரு பதிவு ஏஜென்ட் அல்லது புலம் ஏஜென்ட்
correction.corrector.birth.note,Birth correction note,Note: In the case that the child is now of legal age (18) then only they should be able to request a change to their birth record.,"සියලුම නිළධාරීත්වයට දායක වූ විට, දැනට සිහින වයසට පැමිණෙන විට පරිශීලකයා තනතුරු වෙනස් කිරීමට ඉඩ දෙනවිට පරිශීලකයා එක් කිරීමට හැකි යැයි විය යුතුය.","குழந்தை இப்போது சட்டம் அடைந்திருக்கும் வயது (18) உள்ளதால், அவர்கள் தங்கள் பிறப்பு பதிவை மாற்ற கோரலாம் என்று மட்டும் அவர்கள் கோரலாம் என்று குறிப்பிடவேண்டும்."
correction.corrector.bride,Label for bride option in certificate correction form,Bride,මගේ දිනුම් ගැන විශේෂ දැන්වීමට ඔබට ආරාධනා කරන්නේ නැත.,மணமக்கள்
correction.corrector.child,Label for child option in certificate correction form,Child,දරුවන්,குழந்தை
correction.corrector.court,Label for court option in certificate correction form,Court,අධිකරණය,நீதிமன்றம்
correction.corrector.description,The description for the dialog when details of the corrector not verified,"Please be aware that if you proceed, you will be responsible for making a change to this record without the necessary proof of identification",කරුණාකර සිදුවීමට පිළිබඳව පිළිතුරක් නොමැති සහිත මානවලිය සහිත මෙම වාර්තාව වෙනස් කිරීම සඳහා ඔබ නියමිත විස්තරය සහිත විය යුතුය නොවේදියි.,தயவுசெய்து உங்கள் முன்னெச்சத்தை மேம்படுத்தி இல்லாத அடையாள அங்கீகாரம் இல்லாது இந்த பதிவை மாற்றுவதற்கு உங்கள் பொருள்களை எதிர்காலமாக எடுத்துக்கொள்ள வேண்டும் என்பதை உணர்கின்றீர்கள்.
correction.corrector.error,Error for corrector form,Please select who is requesting a change to the record,රෙදින් වෙනස් ඉල්ලීමට ඉල්ලුවේ කිසිවක් තෝරන්න.,ரெகார்டை மாற்றுவதை கோரும் யார் என்பதை தேர்ந்தெடுக்கவும்.
correction.corrector.father,Label for father option in certificate correction form,Father,පියාව,அப்பா
correction.corrector.groom,Label for groom option in certificate correction form,Groom,මිනිස්සු,மணமகன்
correction.corrector.idCheck,,Check proof of ID,අනුමත ප්‍රතිඵල පරීක්ෂණය කරන්න.,பரிசோதனை சான்றிதழை சரிபார்க்கவும்
correction.corrector.idCheckVerify,,Yes,ඔව්,ஆம்
correction.corrector.idCheckWithoutVerify,,No,නෑ,இல்லை
correction.corrector.informant,Label for informant option in certificate correction form,"Informant ({informant, select, MOTHER {Mother} FATHER {Father} GRANDFATHER {Grandfather} GRANDMOTHER {Grandmother} BROTHER {Brother} SISTER {Sister} LEGAL_GUARDIAN {Legal guardian} BRIDE {Bride} GROOM {Groom} HEAD_OF_GROOM_FAMILY {Head of groom's family} HEAD_OF_BRIDE_FAMILY {Head of bride's family} SPOUSE {Spouse} SON {Son} DAUGHTER {Daughter} SON_IN_LAW {Son in law} DAUGHTER_IN_LAW {Daughter in law} GRANDSON {Grandson} GRANDDAUGHTER {Granddaughter} other {{informant}}})","ප්‍රස්තුෂාධික ({informant, select, MOTHER {අම්මා} FATHER {පියා} GRANDFATHER {සිංහලා} GRANDMOTHER {සිංහලා} BROTHER {පිය} SISTER {සහිත} LEGAL_GUARDIAN {සහිත} BRIDE {සහිත} GROOM {සහිත} HEAD_OF_GROOM_FAMILY {සහිත} HEAD_OF_BRIDE_FAMILY {සහිත} SPOUSE {සහිත} SON {සහිත} DAUGHTER {සහිත} SON_IN_LAW {සහිත} DAUGHTER_IN_LAW {සහිත} GRANDSON {සහිත} GRANDDAUGHTER {සහිත} other {{informant}}})","தகவல் வழங்குநர் ({informant, select, MOTHER {தாய்} FATHER {தந்தை} GRANDFATHER {தாத்தா} GRANDMOTHER {பாட்டி} BROTHER {சகோதரன்} SISTER {சகோதரி} LEGAL_GUARDIAN {சட்டம் பாரம்பரியம்} BRIDE {மனைவி} GROOM {மனைவர்} HEAD_OF_GROOM_FAMILY {மனைவர் குடும்பத்தின் தலை} HEAD_OF_BRIDE_FAMILY {மனைவி குடும்பத்தின் தலை} SPOUSE {உறவினர்} SON {மகன்} DAUGHTER {மகள்} SON_IN_LAW {மருமகன்} DAUGHTER_IN_LAW {மருமகள்} GRANDSON {பெரியப்பன்} GRANDDAUGHTER {பெரியப்பதி} other {{informant}}})"
correction.corrector.legalGuardian,Label for legal guardian option in certificate correction form,Legal guardian,විනයා ආධාරයා,சட்டமன்ற காப்புத்தொகை
correction.corrector.me,Label for registrar option in certificate correction form,Me,මම,எனக்கு
correction.corrector.mother,Label for mother option in certificate correction form,Mother,මව්බින්දුවා,தாய்
correction.corrector.otherIdCheck,,Check proof of ID,අනුමත ප්‍රගතිය පරීක්ෂා කරන්න.,பரிசோதனை சான்றிதழை சரிபார்க்கவும்.
correction.corrector.others,Label for someone else option in certificate correction form,Someone else,තවත් කාර්යයක්,யாரோ மற்றவர்
correction.corrector.title,The title for the corrector form,Correction requester,සංස්කරණය ඉල්ලීමේ ඉල්ලීමාවක්,திருத்தல் கோருந்துவிடும்
correction.informant.error,Error for corrector form,Please select who is the informant,කරුණාකර ප්‍රසවි කළ යුතු පුද්ගලයා තෝරන්න.,தயவுசெய்து அறிக்கையாளர் யார் என்பதை தேர்ந்தெடுக்கவும்.
correction.name,Certificate correction section name,Correction,සංශෝධනය,பரிசோதனை
correction.reason.additionalComment,Label for any additional comment for correction reason form,Comments,විවේචනාවන්,கருத்துகள்
correction.reason.clericalError,Label for clerical error for correction reason form,Myself or an agent made a mistake (Clerical error),මම හෝ ආගන්තිය දෝෂයක් කළා (ක්ලරිකල් දෝෂයක්),எனக்கு அல்லது ஒரு ஏஜென்ட் ஒழியப்பட்ட தவறு (கையெழுத்து பிழை)
correction.reason.error,Error for reason form,Reason for change,වෙනස් හේතුව,மாற்றத்தின் காரணம்
correction.reason.judicialOrder,Label for judicial order for correction reason form,Requested to do so by the court (Judicial order),අනුපාතයේ ඉල්ලීම පිළිබඳව අයැදුම් කිරීමට ඉල්ලීමක් ඇත (වාර්තා උපයෝගිතාව),நீதியாளர் கட்டளையாக கோரிக்கை செய்யப்பட்டுள்ளது.
correction.reason.materialError,Label for material error for correction reason form,Informant provided incorrect information (Material error),දැනුම්දෙන පුද්ගලයා වැරදි තොරතුරු ලබාදී ඇත (මූලික දෝෂයක්),தகவல் வழங்குபவர் தவறான தகவலை வழங்கினார் (முக்கிய பிழை)
correction.reason.materialOmission,Label for material omission for correction reason form,Informant did not provide this information (Material omission),නික්මෙන්න් මෙම විස්තරය ලබා දෙනවා නැත (අන්‍යාත්මික අත්සන්නත්වය),தகவல் வழங்குநர் இந்த தகவலை வழங்கவில்லை (பொருத்தம் விடுபடுத்தல்)
correction.reason.other,,Other,අමතර,மற்றும்
correction.reason.reasonForChange,Label for other reason for correction reason form,Reason for correction,සංශෝධනය සහිතව වෙනස් වීමේ හේතුව,சரிபார்க்கவும்
correction.reason.title,The title for the correction reason form,Reason for correction,සංශෝධනය සහිතව විශ්වාසයක්,சரிபார்க்கவும்
correction.request,Status for application being requested for correction,Requested correction,ඇයගේ අවශ්‍යතාව සංස්කරණය කිරීමට ඉල්ලීමට ඉක්මන් ප්‍රතිසංස්කරණය අවශ්‍ය වේ.,கோரிய சரியாக செய்யப்பட்டது
correction.summary.addComments,Add Comments header for certificate correction summary,Add Comments,සටහන් එකක් එක්කරන්න,கருத்துகளை சேர்
correction.summary.comments,Comments header for certificate correction summary,Comments,විවේචනාවන්,கருத்துகள்
correction.summary.correction,Correction value table header for certificate correction summary,Correction,සංස්කරණය,திருத்தம்
correction.summary.feesRequired,Fees required for certificate correction summary,Fees required?,ගාස් අවශ්‍යද?,கட்டணம் தேவையா?
correction.summary.feesRequiredNegative,Negative label for Fees required for certificate correction summary,No,නෑ,இல்லை
correction.summary.feesRequiredPositive,Positive label for Fees required for certificate correction summary,Yes,ඔව්,ஆம்
correction.summary.idCheck,ID check header for certificate correction summary,ID check,අනුමැතිය පරීක්ෂාකිරීම,ஐடி சரிபார்க்கவும்
correction.summary.idCheckForCorrection,The title for the dialog when details of the collector not verified for correction,Correct without proof of ID?,හිතවත් නොදරන්නේ විශේෂයෙන් සුදුසුකමක් නොලැබෙනවාද?,அடையாளத்தின் உறுதிப்பதிவு இல்லாமல் சரியானதும்?
correction.summary.item,Corrected item table header for certificate correction summary,Item,අයිතම,பொருள
correction.summary.office,Office where certificate correction summary was submitted,Office,කාර්යය,அலுவலகம்
correction.summary.original,Original value table header for certificate correction summary,Original,මූලිකත්වය,மூலம்
correction.summary.proofOfPayment,Proof of payment label fees payment document,Proof of payment,ගොනු තහවුරු ප්‍රතිය,கட்டணம் சான்றிதழ்
correction.summary.proofOfPaymentRequired,Validation for proof of payment document for certificate correction summary,Proof of payment is required,ගෙවීමේ ප්‍රගතිය සහිතව විශ්වාසයට පිළිබඳව හැකිය.,கட்டணத்தின் தாருமதி தேவையாகும்
correction.summary.reasonForRequest,Reason for request header for certificate correction summary,Reason for request,ඉල්ලීමේ හේතුව,கோரிக்கைக்கு காரணம்
correction.summary.requestedBy,Requested by header for certificate correction summary,Requested by,ඉල්ලීමේදී {name} වෙත ඉල්ලීමක් විසින් ඉල්ලීමක් සැපයීමට ඉඩ දෙන්නේ අවශ්‍ය වේ.,கோரியது மூலம்
correction.summary.requestedOn,Date when certificate correction summary was submitted,Requested on,ඉල්ලීමක් කළ දිනයට,கோரியது தேதி
correction.summary.required,Payment and proof of payment input error,Required for correction,සංස්කරණය සඳහා අවශ්‍යයි,சரிபார்க்கப்பட்டுவேண்டும்
correction.summary.submitter,Submitter of certificate correction summary,Submitter,ඉදිරිපත් කිරීමේදී,சமர்ப்பிப்பவர்
correction.summary.supportingDocuments,Supporting documents header for certificate correction summary,Supporting documents,සහය ලබා ගැනීම්,ஆதரவு ஆவணங்கள்
correction.summary.title,Title for certificate correction summary,Correction summary,සංස්කරණ සාරාංශය,திருத்தம் சுருக்கம்
correction.summary.totalPaymentLabel,Label of total payment in correction summary,Total {currency},සම්මුඛ {currency},மொத்தம் {currency}
correction.supportingDocuments.attestToSeeCorrectionDocument,Option for form field: Correction Supporting Document,I attest to seeing supporting documentation and have a copy filed at my office,මම උදව් කිරීමට සහිත ලේඛනය දක්වමින් ඇත්තේ පිළිබඳව ප්‍රකාශ කරනු ලබනවා. මගේ කාර්යයේ ගොනුවක් ගෙවිය යුතුයි.,நான் உதவிய ஆதரவு ஆவணங்களை காண்பினுக்கு உறுதிப்படுத்தினேன் மற்றும் என் அலுவலகத்தில் ஒரு பிரதிகரணம் பெற்றுள்ளேன்
correction.supportingDocuments.docTypeAffidavitProof,Label for select option Affidavit,Affidavit,තහවුරු පනස්කලාව,மொழிபெயர்ப்பு
correction.supportingDocuments.docTypeCourtDocument,Label for select option Court Document,Court Document,අධිකාරි ලියාපදිංචිය,நீதியாளர் ஆவணம்
correction.supportingDocuments.docTypeOther,Label for select option Other,Other,අමතර,மற்றொரு
correction.supportingDocuments.noDocumentsRequiredForCorrection,Option for form field: Correction Supporting Document,No supporting documents required,උපදෙස් ලිපි අවශ්‍ය නොවේ,ஆதரவு ஆவணங்கள் தேவையில்லை
correction.supportingDocuments.proofOfLegalDocuments,Label for list item of legal proof,Proof of legal correction documents,වේලාවේ සහිත සම්පූර්ණ ලිපි සදහා මානව ප්‍රතිස්ථාපන ලිපියක්,சட்டப்பூர்வ சரிப்பார்ப்பு ஆவணங்களின் தகவல்
correction.supportingDocuments.select.placeholder,Placeholder text for a select,Select,තෝරන්න,தேர்ந்தெடுக்கவும்
correction.supportingDocuments.subtitle,Label for supportingDocuments form subtitle in certificate correction form,"For all record corrections at a minimum an affidavit must be provided. For material errors and omissions eg. in paternity cases, a court order must also be provided.","සිසුන් සිහිනයේ විශේෂ දෝෂ සහ අත්සන් සංකේතන සංවාදයන් සඳහා අවශ්‍ය ප්‍රතිස්ථාපනය ලබා දෙයි. පිරිමිත් ප්‍රතිස්ථාපයේ දෝෂ සහ අත්සන් සංකේතන සංවාදයන් සඳහා, අත්සන් උපයෝගිතාවක් ලබා දෙයි.",அனைத்து பதிவு சரிச்செய்திகளுக்கும் குறைந்தபட்ச ஒரு மொழிபெயர் வழங்கப்பட வேண்டும். பொருத்தமான பிழைகளும் மறவேற்களும் உதாரணமாக தந்தைத் தலைமை வழங்கப்பட வேண்டும்.
correction.supportingDocuments.supportDocumentForCorrection,Label for form field: Correction Supporting Document,Check supporting document,උපදෙස් ලිපිය පරික්ෂා කරන්න.,உதவிய ஆவணத்தை சரிபார்க்கவும்.
correction.supportingDocuments.title,Label for supportingDocuments form title in certificate correction form,Upload supporting documents,සහාය ලද ලේඛයන් උඩුගත කරන්න,உதவியை பதிவேற்றவும்
correction.title,Certificate correction section title,Correct record,සංස්කරණය සාර්ථකත්වයක්,சரியான பதிவு
countries.ABW,,Aruba,අරූබා,அருபா
countries.AFG,,Afghanistan,ඇෆ්ගනිස්තානය,ஆப்கானிஸ்தான்
countries.AGO,,Angola,ඇන්ගෝලා,அங்கோலா
countries.AIA,,Anguilla,ඇන්ගුයිලා,அங்குய்லா
countries.ALA,,Åland Islands,ඕලන්ඩ් දූපත්,ஆலந்து தீவுகள்
countries.ALB,,Albania,ඇල්බේනියා,அல்பேனியா
countries.AND,,Andorra,ඇන්ඩොරා,ஆண்டோரா
countries.ARE,,United Arab Emirates,එක්සත් අරාබ් එමිරස්,ஐக்கிய அரபு கூட்டமைப்பு
countries.ARG,,Argentina,ආර්ජන්ටිනා,அர்ஜென்டினா
countries.ARM,,Armenia,ආර්මේනියා,அர்மேனியா
countries.ASM,,American Samoa,ඇමරිකානු සැමෝවා,அமெரிக்க சமோவா
countries.ATA,,Antarctica,ඇන්ටාර්ක්ටිකා,அண்டார்டிகா
countries.ATF,,French Southern Territories,පිරිස් දකුණු තෆ්රන්ක්ස්යාව්ගේ,஫்ரெஞ்ச் தெற்கு தொழிலகம்
countries.ATG,,Antigua and Barbuda,ඇන්ටිගුවා සහ බාබුඩා,அந்திகுவா மற்றும் பார்பூடா
countries.AUS,,Australia,ඔස්ට්‍රේලියාව,ஆஸ்திரேலியா
countries.AUT,,Austria,ඔස්ට්‍රියාව,ஆஸ்திரியா
countries.AZE,,Azerbaijan,අසර්බයිජාන්,அஸர்பைஜான்
countries.BDI,,Burundi,බුරුන්ඩි,புருண்டி
countries.BEL,,Belgium,බෙල්ජියම්,பெல்ஜியம்
countries.BEN,,Benin,බෙනින්,பெனின்
countries.BES,,"Bonaire, Sint Eustatius and Saba","බොනෙයර්, සිංට් එවුස්ටියස් සහ සාබා","போனைர், சிண்ட் யூஸ்டேஷியஸ் மற்றும் சாபா"
countries.BFA,,Burkina Faso,බුර්කිනා ෆාසෝ,புர்கினா பாசோ
countries.BGD,,Bangladesh,බাংলাদেশ,பங்களாதேஷ்
countries.BGR,,Bulgaria,බල්ගේරියා,பல்கேரியா
countries.BHR,,Bahrain,බහරේන්,பஹ்ரைன்
countries.BHS,,Bahamas,බහමාස්,பகாமாஸ்
countries.BIH,,Bosnia and Herzegovina,බොස්නියා සහ හර්සගෝවිනා,போஸ்னியா மற்றும் ஹெர்ஸகோவினா
countries.BLM,,Saint Barthélemy,ශාන්ත් බාර්තෙලෙමි,செயிண்ட் பார்தேலமி
countries.BLR,,Belarus,බෙලරූස්,பெலாரஸ்
countries.BLZ,,Belize,බෙලීස්,பெலிஸ்
countries.BMU,,Bermuda,බර්මියුඩා,பெர்முடா
countries.BOL,,Bolivia (Plurinational State of),බොලීවියා (පුරාණ රාජ්‍ය රාජ්‍යන්තය),பொலிவியா (பலராசிய மக்கள் குடியரசு)
countries.BRA,,Brazil,බ්‍රසීල් යනු රටයේ නමයි.,பிரேசில்
countries.BRB,,Barbados,බාබඩෝස්,பார்படாஸ்
countries.BRN,,Brunei Darussalam,බෘරුනේ දරුසැලම්,புரூனே தருசாலாம்
countries.BTN,,Bhutan,භූතානය,பூடான்
countries.BVT,,Bouvet Island,බුවෙ ද්විලන්තය,பூவே தீவு
countries.BWA,,Botswana,බොට්ස්වානා,போட்ஸ்வானா
countries.CAF,,Central African Republic,මධ්‍යම අප්‍රේලිකාව,மத்திய ஆப்பிரிக்க குடியரசு
countries.CAN,,Canada,කැනඩා,கனடா
countries.CCK,,Cocos (Keeling) Islands,කොකෝස් (කීක්ලින්) දූපත්,கோகோஸ் (கீலிங்) தீவுகள்
countries.CHE,,Switzerland,ස්විස්ලන්තය,ஸ்விட்சர்லாந்து
countries.CHL,,Chile,චිලී,சிலி
countries.CHN,,China,චීනය,சீனா
countries.CIV,,Côte d'Ivoire,අයිවරි ප්‍රාංකයයි,கோட் டி'வார்
countries.CMR,,Cameroon,කැමරූන්,கேமரூன்
countries.COD,,Democratic Republic of the Congo,කොංගෝ ප්‍රජාතාන්ත්‍රවාදී ජනරජය,கனகாராசிய குடியரசு
countries.COG,,Congo,කොංගෝ,காங்கோ
countries.COK,,Cook Islands,කුක් වාදයන්,சமூக தீவுகள்
countries.COL,,Colombia,ලංකාව,கொலம்பியா
countries.COM,,Comoros,කොමොරෝස්,கோமோரோஸ்
countries.CPV,,Cabo Verde,කැබෝ වර්ඩ්,கேபோ வெர்டே
countries.CRI,,Costa Rica,කොස්ට රිකා,கோஸ்டா ரிகா
countries.CUB,,Cuba,කියුබා,கியூபா
countries.CUW,,Curaçao,කුරාසාව,குராசவ்
countries.CXR,,Christmas Island,ක්‍රිස්මස් දුපත්,கிறிஸ்துமஸ் தீவு
countries.CYM,,Cayman Islands,කේමන් දූපත්,கேமன் தீவுகள்
countries.CYP,,Cyprus,සම්පූර්ණයෙන් සිපිරස් යනු,சைப்ரஸ்
countries.CZE,,Czechia,ශෛෆ්ලාන්දෝවය,செக் குடியரசு
countries.DEU,,Germany,ජර්මනිය,ஜெர்மனி
countries.DJI,,Djibouti,ජිබූටි,ஜிபூட்டி
countries.DMA,,Dominica,දොමිනිකා,டொமினிகா
countries.DNK,,Denmark,ඩෙන්මාර්කය,டென்மார்க்
countries.DOM,,Dominican Republic,දොමිනිකානු ජනරජ්යය,டொமினிகன் குடியரசு
countries.DZA,,Algeria,ඇල්ජීරියා,அல்ஜீரியா
countries.ECU,,Ecuador,එක්වඩෝර්,ஈக்வடார்
countries.EGY,,Egypt,ඊජිප්ත්,எகிப்து
countries.ERI,,Eritrea,ඊරිත්‍රිය,எரித்ரியா
countries.ESH,,Western Sahara,බටහිර සහාරා,மேற்கு சஹாரா
countries.ESP,,Spain,ස්පේනය,ஸ்பெயின்
countries.EST,,Estonia,එස්ටෝනියා,எஸ்டோனியா
countries.ETH,,Ethiopia,ඉතිපියාව,எதியோப்பியா
countries.FAR,,Farajaland,පොදු Farajaland,பரஜாலாந்த்
countries.FIN,,Finland,ෆින්ලන්ත්,஫ின்லாந்து
countries.FJI,,Fiji,ෆීජී,பிஜி
countries.FLK,,Falkland Islands (Malvinas),ෆෝක්ලන්ඩ් ද්‍රික් ඉලන්ඩ්ස් (මාල්විනාස්),ஃபால்க்லாந்து தீவுகள் (மால்வினாஸ்)
countries.FRA,,France,ප්‍රංශය,பிரான்ஸ்
countries.FRO,,Faroe Islands,ෆැරෝ ද්විල්ලන්තය,பரோ தீவுகள்
countries.FSM,,Micronesia (Federated States of),මයික්‍රොනීසියාව (ෆෙඩරේට් රාජ්‍ය රාජ්‍යන්ත රාජ්‍යය),மைக்ரோனேசியா (ஐக்கிய நாடுகள்)
countries.GAB,,Gabon,ගැබොන්,கபான்
countries.GBR,,United Kingdom of Great Britain and Northern Ireland,මහරාජ්‍ය එක්සත් රාජධානිය සහ උතුරු අයිර්ලන්තය,பிரிட்டன் மகாநாடுகளின் ஐக்கிய இராச்சியம் மற்றும் வடக்கு அயர்லாந்து
countries.GEO,,Georgia,ජෝර්ජියා,ஜோர்ஜியா
countries.GGY,,Guernsey,ගර්න්සේ,கெர்ன்சி
countries.GHA,,Ghana,ගානා,கானா
countries.GIB,,Gibraltar,ජිබ්‍රෝල්ට්,ஜிப்ரால்டர்
countries.GIN,,Guinea,ගිනියාව,கினி
countries.GLP,,Guadeloupe,ග්වාඩෙලූප්,குவாதெலூப்
countries.GMB,,Gambia,ගැම්බියාව,கேம்பியா
countries.GNB,,Guinea-Bissau,ගිනියා-බිසාවු,கினி-பிஸ்ஸாவ்
countries.GNQ,,Equatorial Guinea,තාර්ගොන්යාව,ஈக்வடோரியல் கினி
countries.GRC,,Greece,ග්‍රීස්,கிரீஸ்
countries.GRD,,Grenada,ග්‍රෙනේඩා,கிரனேடா
countries.GRL,,Greenland,ග්‍රීන්ලන්ඩ්,கிரீன்லாந்து
countries.GTM,,Guatemala,ග්වාටමාලා,குவாட்டமாலா
countries.GUF,,French Guiana,ප්‍රංශ ගයනාව,பிரான்சு கியானா
countries.GUM,,Guam,ගුවාම්,குவாம்
countries.GUY,,Guyana,ගයානා,கயானா
countries.HKG,,"China, Hong Kong Special Administrative Region","චීන, හොංකොං විශේෂ පරිසරය","சீனா, ஹாங்காங் சிறப்பு செயக்குலச் சமூகம்"
countries.HMD,,Heard Island and McDonald Islands,හීර්ඩ් දුරුක්ලන්ත සහ මැක්ඩොනල්ද් දුරුක්ලන්ත දුරුක්ලන්තයින්,ஹேர்ட் தீவு மற்றும் மெக்டொனால்ட் தீவுகள்
countries.HND,,Honduras,හොන්ඩුරාස්,ஹோண்டுராஸ்
countries.HRV,,Croatia,ක්‍රෝඒෂියා,குரோஷியா
countries.HTI,,Haiti,හයිටි,ஹைடி
countries.HUN,,Hungary,හන්ගේරියා,ஹங்கேரி
countries.IDN,,Indonesia,ඉන්දෝනීසියාව,இந்தோனேசியா
countries.IMN,,Isle of Man,මැන් දුරකථනය,ஐல் ஆப் மேன்
countries.IND,,India,ඉන්දියා,இந்தியா
countries.IOT,,British Indian Ocean Territory,බ්‍රිතිශ් ඉන්දියානු පොස්ටලය,பிரித்தானிய இந்திய கடல் பகுதி
countries.IRL,,Ireland,අයිර්ලන්තය,அயர்லாந்து
countries.IRN,,Iran (Islamic Republic of),ඉරානය (ඉස්ලාමික ජනරජය),ஈரான் (இசுலாமிக் குடியரசு)
countries.IRQ,,Iraq,ඉරාක්,ஈராக்
countries.ISL,,Iceland,අයිස්ලන්තය,ஐஸ்லாந்து
countries.ISR,,Israel,ඊශ්‍රායලය,இஸ்ரேல்
countries.ITA,,Italy,ඉතාලියාව,இதலி
countries.JAM,,Jamaica,ජමෙිකා,ஜமைக்கா
countries.JEY,,Jersey,ජර්සි,ஜெர்சி
countries.JOR,,Jordan,ජෝර්ඩන්,ஜோர்டான்
countries.JPN,,Japan,ජපානය,ஜப்பான்
countries.KAZ,,Kazakhstan,කසකස්ථානය,கஜகிஸ்தான்
countries.KEN,,Kenya,කෙන්යා,கென்யா
countries.KGZ,,Lao People's Democratic Republic Republic,ලාඕ ජඩෙමෙක් පෙපලික් රීපබ්ලික්,லாவோ மக்களின் ஜனநாயக குடியரசு
countries.KHM,,Cambodia,කැම්බෝඩියා,கம்போடியா
countries.KIR,,Kiribati,කිරිබාටි,கிரிபாடி
countries.KNA,,Saint Kitts and Nevis,ශාන්ත් කිට්ස් සහ නෙවිස්,செயிண்ட் கிட்ஸ் மற்றும் நேவிஸ்
countries.KOR,,Republic of Korea,කොරියාවේ ජනරජය,கொரிய குடியரசு
countries.KWT,,Kuwait,කුවේට්,குவைத்
countries.LBN,,Lebanon,ලෙබනන්,லெபனா
countries.LBR,,Liberia,ලයිබීරියා,லைபீரியா
countries.LBY,,Libya,ලිබියා,லிபியா
countries.LCA,,Saint Lucia,ශාන්ත් ලුසියා,செயிண்ட் லூசியா
countries.LIE,,Liechtenstein,ලිච්ටෙන්ස්ටයින්,லிக்டென்ஸ்டைன்
countries.LKA,,Sri Lanka,ශ්‍රී ලංකාව,இலங்கை
countries.LSO,,Lesotho,ලෙසෝතෝ,லெசோதோ
countries.LTU,,Lithuania,ලිතුවේනියා,லிதுவேனியா
countries.LUX,,Luxembourg,ලක්සැම්බර්ග්,லக்ஸம்பர்க்
countries.LVA,,Latvia,ලැට්වියා,லாட்வியா
countries.MAC,,"China, Macao Special Administrative Region","චීන, මකාඔ විශේෂ පරිසරය","சீனா, மகாவ் சிறப்பு செயக்குலத்தை"
countries.MAF,,Saint Martin (French Part),ශාන්ත මාර්ටින් (ප්‍රංශ කොටුව),செயிண்ட் மார்ட்டின் (பிரஞ்சு பகுதி)
countries.MAR,,Morocco,මොරොකෝ,மொராக்கோ
countries.MCO,,Monaco,මොනැකෝ,மொனாக்கோ
countries.MDA,,Republic of Moldova,මොල්ඩෝවාහින්යාව,மோல்டோவா குடியரசு
countries.MDG,,Madagascar,මැඩගස්කර්,மெடகாஸ்கர்
countries.MDV,,Maldives,මාලදිවයින්,மாலத்தீவு
countries.MEX,,Mexico,මෙක්සිකෝ,மெக்சிகோ
countries.MHL,,Marshall Islands,මාර්ෂල් ද්‍රීපනයන්,மார்ஷல் தீவுகள்
countries.MKD,,The former Yugoslav Republic of Macedonia,ඉදිරිපස යුගෝස්ලාව් ජනරජය,மாக்டோனியா முன்னோர்கள் யுகோஸ்லாவிய குடியரசு
countries.MLI,,Mali,මාලි,மாலி
countries.MLT,,Malta,මෝල්ටා,மால்டா
countries.MMR,,Myanmar,මියන්මාර්,மியான்மார்
countries.MNE,,Montenegro,මොන්ටිනීග්‍රෝ,மோண்டேனேக்ரோ
countries.MNG,,Mongolia,මොන්ගෝලියා,மங்கோலியா
countries.MNP,,Northern Mariana Islands,උතුරු මැරියනා ද්‍රව්‍යයන්,வடக்கு மரியானா தீவுகள்
countries.MOZ,,Mozambique,මොසැම්බික්,மொசாம்பிக்
countries.MRT,,Mauritania,මොරිටේනියා,மௌரிடானியா
countries.MSR,,Montserrat,මොන්සේරාට්,மொன்ட்செராட்
countries.MTQ,,Martinique,මාටිනික්,மார்டினிக்
countries.MUS,,Mauritius,මොරිෂියස්,மொரிஷியஸ்
countries.MWI,,Malawi,මලාවි,மலாவி
countries.MYS,,Malaysia,මැලේසියා,மலேசியா
countries.MYT,,Mayotte,මයෝට්,மயோட்
countries.NAM,,Namibia,නැමීබියා,நமீபியா
countries.NCL,,New Caledonia,නිව් කැලිඩෝනියා,புதிய கேலிடோனியா
countries.NER,,Niger,නයිජර්,நைஜர்
countries.NFK,,Norfolk Island,නෝෆෝල්ක් දිවයිනය,நார்போக் தீவு
countries.NGA,,Nigeria,නයිජීරියාව,நைஜீரியா
countries.NIC,,Nicaragua,නිකරාගුවා,நிகரகுவா
countries.NIU,,Niue,නියුවේ,நியூயே
countries.NLD,,Netherlands,නෙදර්ලන්තර්න්තුව,நெதர்லாந்து
countries.NOR,,Norway,නෝර්වේ,நார்வே
countries.NPL,,Nepal,නේපාලය,நேபாள்
countries.NRU,,Nauru,නාවුරු,நாவுரு
countries.NZL,,New Zealand,නවසීලන්තය,புதிய சீலாந்து
countries.OMN,,Oman,ඕමාන්,ஓமான்
countries.PAK,,Pakistan,පාකිස්ථානය,பாகிஸ்தான்
countries.PAN,,Panama,පැනමා,பனாமா
countries.PCN,,Pitcairn,පිට්කෙයර්න්,பிட்கெய்ர்ன்
countries.PER,,Peru,පේරු,பேரு
countries.PHL,,Philippines,පිලිපීන්ස්,பிலிப்பைன்ஸ்
countries.PLW,,Palau,පලාව්,பலாவு
countries.PNG,,Papua New Guinea,පැපුවා නිව්ගිය,பப்புவா நியூ கினி
countries.POL,,Poland,පෝලන්ඩ්,போலந்து
countries.PRI,,Puerto Rico,පුවර්ටෝ රිකෝ,போர்டோ ரிகோ
countries.PRK,,Democratic People's Republic of Korea,කොරියාවේ ජනතා ප්‍රජාතාන්ත්‍රික ජනරජය,கொரிய ஜனநாயக மக்கள் குடியரசு
countries.PRT,,Portugal,පෘතුගාලය,போர்த்துகல்
countries.PRY,,Paraguay,පැරගුවේ,பாரகுவே
countries.PSE,,State of Palestine,පස්තු රාජධානිය,பாலிஸ்தைன் நாடு
countries.PYF,,French Polynesia,පෝලිනීසියාව,பிரெஞ்சு பாலினேஷியா
countries.QAT,,Qatar,කටාරා,கதார்
countries.REU,,Réunion,රැවන්ට්,சந்திப்பு
countries.ROU,,Romania,රුමේනියා,ரோமேனியா
countries.RUS,,Russian Federation,රුසියාවේ ජනරජය,ரஷ்ய அரசு
countries.RWA,,Rwanda,රුවන්ඩා,ருவாண்டா
countries.SAU,,Saudi Arabia,සවුදි අරාබියාව,சவூதி அரேபியா
countries.SDN,,Sudan,ඔබගේ අවශ්‍යතාවය සඳහා මම සහයෝගයෙන් පරිවර්තනය කරන්නේ නැත.,சூடான்
countries.SEN,,Senegal,සෙනගාල්,செனெகல்
countries.SGP,,Singapore,සිංගප්පූරුව,சிங்கப்பூர்
countries.SGS,,South Georgia and the South Sandwich Islands,දකුණු ජෝර්ජියා සහ දකුණු සැන්ඩ්විච් දූපත්,தெற்கு ஜோர்ஜியா மற்றும் தெற்கு சாண்விச் தீவுகள்
countries.SHN,,Saint Helena,ශාන්ත හෙලේනා,புனித எலெனா
countries.SJM,,Svalbard and Jan Mayen Islands,ස්වාල්බර්ඩ් සහ ජාන් මායන් ද්වියාවන්,ஸ்வால்பார்டு மற்றும் ஜான் மயென் தீவுகள்
countries.SLB,,Solomon Islands,සොලේමන් ද෭පයිවන්ස්,சாலமன் தீவுகள்
countries.SLE,,Sierra Leone,සියෙරා ලියෝන්,சியேரா லியோன்
countries.SLV,,El Salvador,එල් සැල්වදෝ,எல் சால்வடார்
countries.SMR,,San Marino,සැන් මැරීනෝ,சான் மரினோ
countries.SOM,,Somalia,සෝමාලියාව,சோமாலியா
countries.SPM,,Saint Pierre and Miquelon,ශාන්ත් පියර් සහ මිකිලොන්,செயிண்ட் பியேர் மற்றும் மிக்கேலான்
countries.SRB,,Serbia,සර්බියාව,செர்பியா
countries.SSD,,South Sudan,දකුණු සූඩානය,தெற்கு சூடான்
countries.STP,,Sao Tome and Principe,සාවෝ තෝම් සහ ප්‍රින්සිප්ප්ව්,சாவோ தோம் மற்றும் பிரின்சிப்பே (Sao Tome and Principe)
countries.SUR,,Suriname,සුරිනෑම්,சுரினாம்
countries.SVK,,Slovakia,ස්ලෝවැකියා,ஸ்லோவாகியா
countries.SVN,,Slovenia,ස්ලෝවේනියා,ஸ்லோவேனியா
countries.SWE,,Sweden,ශ්‍රී ලංකාව,ஸ்வீடன்
countries.SWZ,,Eswatini,එස්වාටිනි,ஈஸ்வாதினி
countries.SXM,,Sint Maarten (Dutch part),ශාන්ත මාර්ටන් (ලන්දේසි කළමනාකාරය),சிண்ட் மார்டென் (டச்சு பகுதி)
countries.SYC,,Seychelles,සීශෙල්ස්,சீஷெல்ஸ்
countries.SYR,,Syrian Arab Republic,සිරියානු අරාබ් ජනරජය,சிரிய அரபு குடியரசு
countries.TCA,,Turks and Caicos Islands,ටර්ක්ස් සහ කේකෝස් දිවයින්,டர்க்ஸ் மற்றும் கைகோஸ் தீவுகள்
countries.TCD,,Chad,චැඩ්,சாட்
countries.TGO,,Togo,ටෝගෝ,டோகோ
countries.THA,,Thailand,තායිලන්තය,தாய்லாந்து
countries.TJK,,Tajikistan,ටජිකිස්ටාන්,தஜிகிஸ்தான்
countries.TKL,,Tokelau,ටොකෙලාව,டோகெலாவு
countries.TKM,,Turkmenistan,ටර්ක්මෙනිස්ටාන්,துர்க்மெனிஸ்தான்
countries.TLS,,Timor-Leste,ටිමෝර්-ලෙස්ට්,தைமோர்-லெஸ்தே
countries.TON,,Tonga,ටොංගා,டோங்கா
countries.TTO,,Trinidad and Tobago,ට්‍රිනිඩෑඩ් සහ ටොබාගෝ,ட்ரினிடாட் மற்றும் டொபாகோ
countries.TUN,,Tunisia,ටියුනීසිය,டுனிசியா
countries.TUR,,Turkey,ටර්කිව්යය,துருக்கி
countries.TUV,,Tuvalu,ටුවාලු,துவாலு
countries.TZA,,United Republic of Tanzania,එක්සන්නියාවේ එක්සන්නියාව,ஐக்கிய குடியரசு தான்சானியா
countries.UGA,,Uganda,උගන්ඩා,உகாண்டா
countries.UKR,,Ukraine,යුක්රේනය,உக்ரைன்
countries.UMI,,United States Minor Outlying Islands,එක්සත් ජනපද සාරාංශ අප්‍රේල්මෝ දුපත් ද්විත්වලින්,ஐக்கிய அமெரிக்க சிறிய வெள்ளைத் தீவுகள்
countries.URY,,Uruguay,ඔයාගුවේ,உருகுவே
countries.USA,,United States of America,එක්සත් ජනපදය,ஐக்கிய அமெரிக்க நாடு
countries.UZB,,Uzbekistan,උස්බෙකිස්ටාන්,உஸ்பெகிஸ்தான்
countries.VAT,,Holy See,ශුද්ධ දිසාව,திருத்தூர்
countries.VCT,,Saint Vincent and the Grenadines,ශාන්ත් වින්සන්ට් සහ ග්‍රෙනඩීන්ස්,செயிண்ட் வின்செண்டு மற்றும் கிரெனடைன்ஸ்
countries.VEN,,Venezuela (Bolivarian Republic of),වෙනසුලා (බොලිවේරියාන් ජනරජය),வெனிசுவேலா (பொலிவேரியன் குடியரசு)
countries.VGB,,British Virgin Islands,බ්‍රිතිශ් වර්ජින් දුරකථනය,பிரிட்டிஷ் வெர்ஜின் தீவுகள்
countries.VIR,,United States Virgin Islands,එඕස්පස් වර්ජින් දූරයිල්න්ඩ්ස්,ஐக்கிய அமெரிக்க தீவுகள்
countries.VNM,,Viet Nam,වියට් නාමයට,வியட் நாம்
countries.VUT,,Vanuatu,වැනුවාටු,வானுவாடு
countries.WLF,,Wallis and Futuna Islands,වොලිස් සහ ෆුටුනා දූපත්,வாலிஸ் மற்றும் ஃபுடுனா தீவுகள்
countries.WSM,,Samoa,සැමෝවා,சமோவா
countries.YEM,,Yemen,යේමන්,ஏமன்
countries.ZAF,,South Africa,දකුණු අප්‍රිකාව,தென் ஆப்பிரிக்கா
countries.ZMB,,Zambia,ඛැම්බියා,ஸாம்பியா
countries.ZWE,,Zimbabwe,සිංහල පරිවර්තනය කරන්නේ ඔබට අවශ්‍යතාවයි.,ஜிம்பாப்வே
custom.field.form.conditionalField,,Conditional field,සිදුකළ ක්ෂේත්‍රය,கட்டாய புலம்
custom.field.form.conditionalFieldDesc,,Select the field and the conditions on which this field should show,මෙම ක්‍රියාව පෙන්වා යෑම සඳහා ක්ෂේත්‍ර හා එවිට මෙම ක්ෂේත්‍ර පෙන්විය යුතු අවශ්‍ය ක්ෂේත්‍ර තෝරන්න,இந்த புலம் மற்றும் இந்த புலத்தின் கட்டளைகளைத் தேர்ந்தெடுக்கவும்.
custom.field.form.conditionalFieldHeader,,Conditional parameters,Conditional parameters,Conditional parameters
custom.field.form.conditionalRegex,,Value RegEx,වැලිය රෙක්ස්,மதிப்பு RegEx
custom.field.form.description,,Description,විස්තර,விளக்கம்
custom.field.form.duplicateField,,Label already exists in this form section. Please create a unique label,Label already exists in this form section. Please create a unique label,Label already exists in this form section. Please create a unique label
custom.field.form.errorMessage,,Error message,දෝෂ පණිවිඩය,பிழை செய்தி
custom.field.form.heading,,Certificate handlebars,සහයෝගයේ උපලේඛනයන්,சான்றிதழ் ஹேண்டில்பார்ஸ்
custom.field.form.hideField,,Hide field,ක්ෂේත් සැලසුම,புலம் மறைக்கும்
custom.field.form.inputWidth,,Input width,ඇතුල් පළල: {width},உள்ளீடு அகலம்
custom.field.form.label,,Label,ලේබල්,லேபிள்
custom.field.form.maxLength,,Max length,උපරිම දිගටම දිනයක්,அதிகபட்ச நீளம்
custom.field.form.placeholder,,Placeholder,තෝරාගත් අවස්ථාව,உடையவை
custom.field.form.requiredField,,Required for registration,ලියාපදිංචි සඳහා අවශ්‍යයි,பதிவு செய்ய தேவையானது
custom.field.form.tooltip,,Tooltip,Tooltip,Tooltip
custom.field.form.unit,,Unit,ඒකකය,அலகு
custom.field.form.unitOptionCm,,Centimeter (Cm),සෙන්ටිමීටර් (Cm),சென்டிமீட்டர் (செம்)
custom.field.form.unitOptionEmpty,,None,කිසිවක් නොවේ,எதுவும்
custom.field.form.unitOptionG,,Gram (G),ග්‍රෑම් (G),கிராம் (G)
custom.field.form.unitOptionKg,,Kilogram (Kg),කිලෝග්රෑම් (කිලෝ),கிலோகிராம் (கிஜி)
custom.field.form.unitOptionM,,Meter (M),මීටර් ({M}),மீட்டர் (மீ)
custom.field.number.heading,,Custom number input,විසින් ස්වරූ ඇතුලත් කිරීම,தனிப்பயன் எண் உள்ளீடு
custom.field.phone.heading,,Custom phone number,සැකසුම් දුරකථන අංකය,தனிப்பயன் தொலைபேசி எண்
custom.field.text.heading,,Custom text input,සියලු අංශයේ {officeName} සිටින {name} ගේ අත්සන් ප්‍රවේශයයි.,பிரபல உரை உள்ளிடுகின்றது
custom.field.textarea.heading,,Custom textarea,විසින් ස්වරූ ප්‍රවේශ කිරීමේ කුමන පසුබිම,தனிப்பட்ட உரைப்பெட்டி
dashboard.dashboardTitle,Dashboard title,Dashboard,ඩෑෂ්බෝර්ඩ්,டாஷ்போர்ட்
dashboard.leaderboardTitle,Leaderboards title,Leaderboards,උපරිම ලීඩර්බෝඩ්ස්,தலைப்புப் பட்டியல்கள்
dashboard.noContent,No content information for dashboard,No content to show. Make sure the following variables are configured in the <strong>client-config.js</strong> provided by your country config package:<br /><ul><li><strong>LEADERBOARDS_DASHBOARD_URL</strong></li><li><strong>REGISTRATIONS_DASHBOARD_URL</strong></li><li><strong>STATISTICS_DASHBOARD_URL</strong></li></ul>,පෙන්වන ලද අගයන් පෙන්වන්නේ නොමැත. ඔබගේ රට වින්‍යාස පැකේජය සම්බන්ධ ලබා ගත යුතු <strong>client-config.js</strong> එකෙන් පහත සඳහන් විස්තර විය යුතුය:<br /><ul><li><strong>LEADERBOARDS_DASHBOARD_URL</strong></li><li><strong>REGISTRATIONS_DASHBOARD_URL</strong></li><li><strong>STATISTICS_DASHBOARD_URL</strong></li></ul>,காண்பிக்க உள்ளது எந்த உள்ளடக்கம் இல்லை. உங்கள் நாட்டின் கான்ட்ரி கான்பிக்கேஜின் <strong>client-config.js</strong> இல் கட்டமைக்கப்பட்ட பின்னர் உள்ளங்களை உருவாக்கவும்:<br /><ul><li><strong>LEADERBOARDS_DASHBOARD_URL</strong></li><li><strong>REGISTRATIONS_DASHBOARD_URL</strong></li><li><strong>STATISTICS_DASHBOARD_URL</strong></li></ul>
dashboard.statisticTitle,Statistics title,Statistics,අංකමතාවය,புள்ளியியல்
duplicates.button.markAsDuplicate,Mark as duplicate button text,Mark as duplicate,පිළිගත් ලිපිය අත්හිටුවන්න,நகலாக குறிக்கவும்
duplicates.button.notDuplicate,Not a duplicate button text,Not a duplicate,පිළිගත නොහැකිය,நகல் அல்ல
duplicates.compare.supportingDocuments,Supporting documents header for duplicates comparison,Supporting documents,සහය ලබා ගැනීම්,உதவிய ஆவணங்கள்
duplicates.compare.title,Duplicate compare page title message,Review {actualTrackingId} against {duplicateTrackingId},{actualTrackingId} නිසා {duplicateTrackingId} ට සබැඳිය විමසීමක් දක්වන්න.,{actualTrackingId} ஐ {duplicateTrackingId} எதிர்காலமாகப் பரிசீலிக்கவும்.
duplicates.content.duplicateDropdownMessage,Selecting from the duplicate trackingIds,Duplicate of,පිළිතුරුද?,நகல் ஆக்கம்
duplicates.content.header,Declaration details header of two duplicate ones,Declaration details,ප්‍රකාශ විස්තරවලින්,அறிக்கை விவரங்கள்
duplicates.content.markAsDuplicate,Mark as duplicate content confirmation title message,Mark {trackingId} as duplicate?,{trackingId} හි ලිපියක් පිළිබඳව ලකුණක් දක්වනවා?,{trackingId} ஐ நகலெடுக்க வேண்டுமா?
duplicates.content.markAsDuplicateReason,Review page header for duplicates declarations,Please describe your reason,කරුණාකර ඔබගේ හවුල් විශේෂය විස්තර කරන්න.,உங்கள் காரணத்தை விவரிக்கவும்.
duplicates.content.notDuplicateConfirmationTitle,Not a duplicate content confirmation title message,Are you sure {name} ({trackingId}) is not duplicate?,ඔබ විශ්වාසද {name} ({trackingId}) දෙකට පිළිබඳව නොපිළිබඳාවේද?,உறுதி பெற்றுக்கொண்டீர்களா {name} ({trackingId}) பரிமாறம் அல்லது போலி இல்லையா?
duplicates.content.subtitle,Duplicates content subtitle message,"This record was flagged as a potential duplicate of: {trackingIds}. Please review these by clicking on each tracking ID in the tab section to view a side-by-side comparison below, and confirm if this record is a duplicate","මෙම වාර්තාව {trackingIds} හි පොදු අනුපාතයක් ලෙස අත්හිටුවා ඇත. මෙම වාර්තාව පොදු නම් නොවේම කරුණු පිළිබඳව පරිගණක අංකය වලට ඔබට එක් කිරීමට මෙම පෙට්ටියේ පැතුරෙන් එක් එක් පරිගණක අංකය ක්ලික් කිරීමට ක්ලික් කරන්න, ඉදිරිපත් කරන්න මෙම වාර්තාව පොදු නම් නොවේද තහවුරු කරන්න.","இந்த பதிவு {trackingIds} என்று அமைந்து ஒரு நகல் ஆகவேண்டும் என்று குறிக்கப்பட்டுள்ளது. தயவுசெய்து கீழே உள்ள பக்கத்தில் ஒவ்வொரு டிராக்கிங் ஐடியை கிளிக் செய்து பார்க்கவும், மீண்டும் இந்த பதிவு ஒரு நகல் என்று உறுதிசெய்யவும்."
duplicates.content.title,Duplicates content title message,Is {name} ({trackingId}) a duplicate?,{නම} ({ඊට ප්‍රථමවර්ගය}) දෙපලත්තුවක් වෙනස් වියද?,{name} ({trackingId}) ஒரு நகலாகுமா?
duplicates.review.header,Review page header for duplicates declarations,Potential {event} duplicate review,විධාන {event} අනුපාත සඳහා සබැඳිය විය හැකිය,{event} வரையறு மீண்டும் பரிசோதனை
duplicates.warning,The warning message shown when a declaration has potential duplicates,Potential duplicate of record {trackingId},හිමිකම් අංකය {trackingId} සහිත වාර්තාවක හැකිතාක් නක්ලයක් විය හැකිය,பதிவானது {trackingId} என்பதற்கான பதிவின் சாத்தியமான நகல் ஆக இருக்கலாம்
email.label.confirmation,Confirmation email address message,A verification code has been sent to {email},තහවුරු කේතය {email} වෙත යවා ඇත.,{email} க்கு ஒரு சரிபார்ப்பு குறியீடு அனுப்பப்பட்டுள்ளது.
error.code,Error code,401,401,401
error.draftFailed,Tips for failed declarations,This is some messaging on advicing the user on what to do... in the event of a failed declaration.,This is some messaging on advicing the user on what to do... in the event of a failed declaration.,This is some messaging on advicing the user on what to do... in the event of a failed declaration.
error.occurred,The error message that displays if we want the user to try the action again,An error occurred. Please try again.,දෝෂය සිද්. නැවත උත්සහා කරන්න.,ஒரு பிழை ஏற்பட்டுள்ளது. மீண்டும் முயற்சி செய்க.
error.page.load.failed,Error message when page failed to load,"Sorry, we couldn't load the content for this page","සමාවෙන්න, මෙම පිටුව සඳහා අන්තර්ගත කළ නොහොත් අපි අයත් කර නොමැති විය.","மன்னிக்கவும், இந்த பக்கத்திற்கான உள்ளடக்கத்தை ஏற்றுக்கொள்ள முடியவில்லை"
error.passwordSubmissionError,Error message when password verification fails,Sorry that password did not work,කරාත්මයෙන් ඉලක්කම සාර්ථකව කිරීමේ මුරපදය සාර්ථකව කිරීමට නොහැක,"மன்னிக்கவும், அந்த கடவுச்சொல் வேறு வேலை செய்யவில்லை"
error.required.password,New password required,New password is not valid,නව මුරපදය වලංගු නොවේ.,புதிய கடவுச்சொல் செல்லும் அளவு செல்லாது
error.search,The error message shown when a search query fails,An error occurred while searching,සෙවීම කිරීමේ වාර්තාවට දෝෂය හඩන්නේයි,தேடல் செய்யும் போது பிழை ஏற்பட்டது.
error.somethingWentWrong,Error description,Something went wrong.,කුමක් වැරදියි.,ஏதோ தவறு ஏற்பட்டுள்ளது.
error.title,Error title,Oops!,අයියෝ!,அய்யோ!
error.title.unauthorized,Error title unauthorized,Unauthorized!,අවිශ්‍යතාවයි!,அனுமதி இல்லை!
error.userListError,Error message when user list loads fails,Failed to load users,පරිශීලකයාගේ පැනය පූර්ව කළ නොහැකියි,பயனர்களை ஏற்றுக்கொள்ள தோல்வியடைந்தது
error.weAreTryingToFixThisError,Error description,This page could not be found,මෙම පිටුව හමුවෙන්නේ නැත,இந்த பக்கம் கண்டுபிடிக்கப்படவில்லை
event.birth.action.declare.form.label,This is what this form is referred as in the system,Birth decalration form,උපන්දින පිළිබඳ පෝරමය,பிறப்பு புரிவைப் பதிவு படிவம்
event.birth.action.declare.form.review.title,Title of the form to show in review page,Birth declaration for {firstname} {surname},{firstname} {surname} සඳහා උපලේඛනයක් ප්‍රකාශකිරීම.,{firstname} {surname} க்கான பிறப்பு அறிக்கை
event.birth.action.declare.form.section.documents.field.proofOfBirth.label,This is the label for the field,Proof of birth,උපලේඛනයට සහතිකයක්,பிறப்பு தொடர்பு
event.birth.action.declare.form.section.documents.field.proofOfFather.label,This is the label for the field,Proof of father's ID,පියාගේ හැඳුනුම් ප්‍රතිස්ථාපනය,அப்பாவின் அடையாளத்தின் தெரிவு
event.birth.action.declare.form.section.documents.field.proofOfMother.label,This is the label for the field,Proof of mother's ID,මව්ගේ හැඳුනුම් ප්‍රතිස්ථාපනය,தாயின் அடையாளம் சான்றிதழ்
event.birth.action.declare.form.section.documents.field.proofOther.label,This is the label for the field,Other,අමතර,மற்றொரு
event.birth.action.declare.form.version.1,This is the first version of the form,Version 1,සංස්කරණය 1,பதிப்பு 1
event.birth.action.declare.label,This is shown as the action name anywhere the user can trigger the action from,Declare,ප්‍රකාශයක් කරන්න,அறிக்கை
event.birth.label,This is what this event is referred as in the system,Birth declaration,උපන්දින ප්‍රකාශය,பிறப்பு அறிக்கை
event.birth.summary.title,This is the title of the summary,{child.firstname} {child.surname},{child.firstname} {child.surname},{child.firstname} {child.surname}
event.birth.workqueue.all.name.label,Label for name in all workqueue,{child.surname} {child.firstname},{child.firstname} {child.surname},{child.surname} {child.firstname}
events.status,,"{status, select, OUTBOX {Syncing..} CREATED {Draft} VALIDATED {Validated} DRAFT {Draft} DECLARED {Declared} REGISTERED {Registered} REJECTED {Requires update} ARCHIVED {Archived} MARKED_AS_DUPLICATE {Marked as a duplicate} NOTIFIED {In progress} other {Unknown}}","{status, select, OUTBOX {සිංදු කෙරෙමින්..} CREATED {උපාංගය} VALIDATED {වලංගු කරන ලදි} DRAFT {උපාංගය} DECLARED {ප්‍රකාශ කරන ලදි} REGISTERED {ලියාපදිංචි කරන ලදි} REJECTED {යළි සංවර්ධනය අවශ්‍ය වේ} ARCHIVED {ගත් ලිපිය} MARKED_AS_DUPLICATE {අනුපිටපත් කරන ලදි} NOTIFIED {ප්‍රකාශ කරන ලදි} other {නොදන්න}}","{status, select, OUTBOX {ஒப்பந்தம்..} CREATED {உத்தரவு} VALIDATED {சரிபார்க்கப்பட்டது} DRAFT {உத்தரவு} DECLARED {அறிக்கை செய்யப்பட்டது} REGISTERED {பதிவு செய்யப்பட்டது} REJECTED {புதுப்பிக்க தேவை} ARCHIVED {பதிவுசெய்யப்பட்டது} MARKED_AS_DUPLICATE {நகலாக குறிக்கப்பட்டது} NOTIFIED {செயல்பாடுகளில்} other {அறியப்படாது}}"
exitModal.cancel,The label for cancel button in exit modal,Cancel,අවලංගු කරන්න,ரத்து செய்
exitModal.exitWithoutSaving,The title for exit without saving modal,Exit without saving changes?,වෙනස් සුරකින්නේද?,மாற்றங்களை சேமிக்காதே வெளியேற வேண்டுமா?
exitModal.exitWithoutSavingDescription,The description for exit without saving modal,You have unsaved changes on your declaration form. Are you sure you want to exit without saving?,ඔබගේ ප්‍රකාශ පත්‍රයේ අසාර්ථක වෙනස්කම් ඇත. සුරකිමුවෙමින් සුරකිමු නොකිරීමට අවශ්‍යද?,உங்கள் பேரவை படிவத்தில் சேமிக்கப்படாத மாற்றங்கள் உள்ளன. சேமிக்காது வெளியேற வேண்டுமா?
fieldAgentHome.allUpdatesText,,Great job! You have updated all declarations,ස්ථානයේ සියලු ප්‍රලේඛන යාවත්කාලීන කරනවා!,மிகவும் நன்றாக செயல்பட்டுக்கொண்டீர்கள்! அனைத்து அறிக்கைகளையும் புதுப்பிக்கின்றீர்கள்.
fieldAgentHome.inProgressCount,,In progress ({total}),සිසුන් ({total}),செயல்பாடு ({total})
fieldAgentHome.queryError,The text when error ocurred loading rejected declarations,An error occurred while loading declarations,ප්‍රදේශීයයෙන් ප්‍රතිපල පූරණය කිරීමේ දෝෂය සිදු විය,விளக்கங்களை ஏற்றுதல் செய்யும் போது பிழை ஏற்பட்டது
fieldAgentHome.requireUpdatesCount,,Require updates ({total}),යාවත්කාලී අවශ්‍යයි ({total}),புதுப்பிக்கவும் ({total})
fieldAgentHome.requireUpdatesCountLoading,,Checking your declarations,ඔබගේ වාර්තා පරීක්ෂා කිරීමට පරිශීලකයාගේ නියාමිතව පරික්ෂා කරමු.,உங்கள் அறிக்கைகளை சரிபார்க்கிறேன்.
fieldAgentHome.sentForReviewCount,,Sent for review ({total}),සඳහන් කිරීමට යවන ලදි ({total}),மதிப்பீடுக்கு அனுப்பப்பட்டது ({total})
fieldAgentHome.zeroUpdatesText,,No declarations require updates,කිසිවක් විස්තර අවශ්‍ය නොවේ,எந்த அறிக்கைகளும் புதுப்பிக்க தேவையில்லை
foo.bar,bar,Foo,foo,bar
form.customField.label.numberOfDependants,,No. of dependants,අයිතියේ අංකය,சந்தையாளர்களின் எண்ணிக்கை
form.customField.label.reasonForLateRegistrationBirth,,Reason for delayed registration,විපරම් වූ ලියාපදිංචියට හේතුව,தாமதமான பதிவு செய்யும் காரணம்
form.customField.label.reasonForLateRegistrationDeath,,Reason for late registration,ප්‍රවේශ පිළිබඳ වෙනස් ලියාපදිංචියක්,தாமரை பதிவு தவறாக இருந்த காரணம்
form.field.SearchField.changeButtonLabel,,"{fieldName, select, registrationOffice {Change assigned office} other {Change health institute}}","{fieldName, select, registrationOffice {පාසැල වෙනස් කිරීම} other {සෞඛ්‍ය ආශිර වෙනස් කිරීම}}","{fieldName, select, registrationOffice {ஒப்பந்தப் பதிவு அலுவலகத்தை மாற்று} other {ஆரோக்கிய நிறுவனத்தை மாற்று}}"
form.field.SearchField.modalTitle,,"{fieldName, select, registrationOffice {Assigned registration office} other {Health institutions}}","{fieldName, select, registrationOffice {ලියාපදිංචි කාර්යාලය} other {සෞඛ්‍ය ආයෝජන}}","{fieldName, select, registrationOffice {பதிவு அலுவலகம் ஒதுக்கப்பட்டது} other {சுகாதார நிறுவங்கள்}}"
form.field.SearchField.officeLocationId,,Id: {locationId},අංකය: {locationId},ஐடி: {locationId}
form.field.SearchField.placeHolderText,,Search,සෙවුම,தேடல்
form.field.dateRangepicker.checkbox.dateLabel,,{rangeStart} to {rangeEnd},{rangeStart} සිට {rangeEnd} දක්වා දක්වා,{rangeStart} முதல் {rangeEnd} வரை
form.field.helpertext.nid,Helper text for nid input field,The National ID can only be numeric and must be 10 digits long,ජාතික හැඳුනුම් අංකය සංඛ්‍යාත්මයෙන් පමණි විය යුතු හා 10 දශක දිගු විය යුතුයි,தேசிய ஐடி எண்ணிக்கையாக மட்டுமே இருக்க வேண்டும் மற்றும் 10 இலக்கங்களாக இருக்க வேண்டும்.
form.field.hideLabel,Button to hide section,Hide,පැහැදිලි කරන්න,மறைக்க
form.field.label.NID,,NID,නි.අ.ඩි.,என் பெயர் {name} ஆகும்.
form.field.label.NIDNetErr,,The request to the NID system was unsuccessful. Please try again with a better connection.,NID පද්ධතියට ඉල්ලීම සාර්ථකව නොවේ. ක්‍රියාත්මක සම්බන්ධයක් සහිත නැති නම් නැවත උත්සහා කරන්න.,NID அமைப்புக்கு கோரிக்கை வெற்றிகரமாக இல்லை. சிறந்த இணைப்புடன் மீண்டும் முயற்சி செய்க.
form.field.label.addFile,,Upload,උඩුගත කරන්න,பதிவேற்றுக
form.field.label.addressLine1,,Street / Lane,වීදිය / මාවත,தெரு / ஒழுங்கை
form.field.label.addressLine1RuralOption,,Village,ගමය,கிராமம்
form.field.label.addressLine1UrbanOption,,Street / Lane,වීදිය / මාවත,தெரு / ஒழுங்கை
form.field.label.addressLine2,,House Number / Name,නිවසේ අංකය / නම,வீட்டு எண் / பெயர்
form.field.label.addressLine2UrbanOption,,Street,වීදිය,தெரு
form.field.label.addressLine3,,Union / Municipality / Cantonment,එක්සන් / නගරය / කැන්ටෝන්මෙන්ට්,கூட்டமைப்பு / நகராட்சி / கேண்டமெண்ட்
form.field.label.admissionNumber,,Hospital Admission Number,රෝහල් ඇතුළත් කිරීමේ අංකය,மருத்துவமனை சேர்க்கை எண்
form.field.label.ageAtBirthOfChild,,Age as at the Date of Birth of Child,දරුවා උපන් වන විට වයස,குழந்தை பிறந்த தேதியின்படி வயது
form.field.label.ageOfBride,,Age of bride,මතුවාවේ වයස,மணமக்களின் வயது
form.field.label.ageOfDeceased,,Age of deceased,මියාසිකයාවේ වයසයි,இறந்தவரின் வயது
form.field.label.ageOfFather,,Age of father,පියාගේ වයස,அப்பாவின் வயது
form.field.label.ageOfGroom,,Age of groom,මගේ ගස් වයසයි,பருவம் மணமகனின் வயது
form.field.label.ageOfInformant,,Age of informant,නිවාඩුවේ වයස,தகவல் அறிக்கையாளரின் வயது
form.field.label.ageOfMother,,Age of mother,මව්න්ගේ වයසේ,தாயின் வயது
form.field.label.ageOfSpouse,,Age of spouse,සිහින්දාවේ වයස්,உறவினரின் வயது
form.field.label.app.certifyRecordTo.bride,,Print and issue to bride,මකා හා මතක කරන්න සහ මත්කුඩයට ලබා ගත හැකිය හැකි නිවාඩුවක් මෙම්බර්ගෙන්.,மணமகளுக்கு அச்சிடுக்கவும் அச்சிடுக்கவும்
form.field.label.app.certifyRecordTo.father,,Print and issue to father,පින්දට මුද්‍රණය කරන්න හා දැනුම් ලබාගන්න.,அப்பாவிற்கு அச்சிட்டு வெளியிடுக.
form.field.label.app.certifyRecordTo.groom,,Print and issue to groom,ගුPrint and issue to groom,Print and issue to groom
form.field.label.app.certifyRecordTo.informant,,Print and issue to informant ({informant}),දැනුම්දෙන පුද්ගලයාට මුද්‍රණය කර නිකුත් කරන්න ({informant}),தகவல் வழங்குபவருக்கு அச்சிட்டு வழங்கவும் ({informant})
form.field.label.app.certifyRecordTo.mother,,Print and issue to mother,මවට මුද්‍රණය කරන්න හා දැනුම් ලබාගන්න.,அம்மாவுக்கு அச்சிட்டு அச்சிட்டு வெளியிடுக.
form.field.label.app.phoneVerWarn,,Check with the informant that the mobile phone number you have entered is correct,ඔබ ඇතුලත් කරන දුරකථන අංකය නිවැරදි විවෘත වීමට පිළිබඳව ප්‍රස්ථාරය හදුනා ගන්න,தகவல் வழங்குநருடன் சரியான மொபைல் தொலைபேசி எண்ணை உள்ளிட்டுக் கொண்டு சரிபார்க்கவும்.
form.field.label.app.whoContDet.app,,Informant,සුදුසුදුරන්,அறியப்படும்
form.field.label.app.whoContDet.both,,Both Parents,දෙමල සහ පියානියන්,இரண்டு பெற்றோர்
form.field.label.app.whoContDet.brother,,Brother,මහත්මයා,சகோதரா
form.field.label.app.whoContDet.daughterInLaw,,Daughter in law,කිරිදිමේදින්නා,மருமகள்
form.field.label.app.whoContDet.father,,Father,පියාව,அப்பா
form.field.label.app.whoContDet.grandDaughter,,Granddaughter,සුදු දෙවියන්,பெரியம்மா
form.field.label.app.whoContDet.grandFather,,Grandfather,මහාමුල්ලා,தாத்தா
form.field.label.app.whoContDet.grandMother,,Grandmother,දායකින්,பாட்டி
form.field.label.app.whoContDet.grandSon,,Grandson,සුරැකියා,மகன்
form.field.label.app.whoContDet.greatGrandFather,,Great Grandfather,මහා සීයා,பெரிய தாத்தா
form.field.label.app.whoContDet.legalGuardian,,Legal guardian,වෛරස් ආධාරයා,சட்டமன்ற காப்புத்தொகை
form.field.label.app.whoContDet.mother,,Mother,මව,தாய்
form.field.label.app.whoContDet.other,,Other,අමතර,மற்றொரு
form.field.label.app.whoContDet.sister,,Sister,කහවල්ලා,சகோதரி
form.field.label.app.whoContDet.sonInLaw,,Son in law,කිරිමේ පුද්ගලයා,மருமகன்
form.field.label.app.whoContDet.spouse,,Spouse,සහෝයි,ஜீவனவாழ்க்கை
form.field.label.appCurrAddSameAsPerm,,Is informant's permanent address the same as their current address?,සොයාගැනීමේ දිනවල ලිපිනය ඔවුන්ගේ වර්ගය සම්පූර්ණ ලිපිනයට සමානයිද?,தகவல் வழக்காடுகின் நிரந்தர முகவரி அவரது தற்போதைய முகவரி போலவே உள்ளதா?
form.field.label.assignedResponsibilityProof,,Proof of assigned responsibility,පැවරුම් සහිතව පැවරුම් තොරතුරුක් ලබා ගැනීම,ஒதுக்கப்பட்ட பொருத்தம்
form.field.label.attBirthOtherParaPers,,Other paramedical personnel,වෙනත් පැරම්ඇල් පුද්ගලනයාගේ සහිතයන්,பிற பெரியவர்கள் மருத்துவமையம்
form.field.label.attendantAtBirth,,Attendant at birth,උපරිම සේවයක්,பிறப்பில் உதவியாள்
form.field.label.attendantAtBirthLayperson,,Layperson,ප්‍රායෝගිකයා,அரசியல் அல்லது சட்டப் பணிகளில் அனுபவம் இல்லாத நபர்
form.field.label.attendantAtBirthMidwife,,Midwife,මිඩ්වයිෆ්,மகப்பேறு செய்பவர்
form.field.label.attendantAtBirthNone,,None,කිසිවක් නොවේ,எதுவும்
form.field.label.attendantAtBirthNurse,,Nurse,නර්ස්,மருத்துவமனையில் வேலை செய்யும் வேலையாளர்
form.field.label.attendantAtBirthOther,,Other,අමතර,மற்றொரு
form.field.label.attendantAtBirthTraditionalBirthAttendant,,Traditional birth attendant,සාමාජික උපත් ප්‍රසූතිය,பாரம்பரிய பிறவிப் பரிசுப் பணியாளர்
form.field.label.birthLocation,,Hospital / Clinic,රෝහල / රෝහල්ගල,மருத்துவமனை / கிளினிக்
form.field.label.birthOrder,,Live birth order,සජීවී උපත් අනුපිළිවෙළ,பிறப்பு ஒழுங்கு
form.field.label.birthType,,Type of birth,උපත් ස්වභාවය,பிறப்பு வகை
form.field.label.birthTypeHigherMultipleDelivery,,Higher multiple delivery,උසස් බහුල නිවේදනය,உயர் பல விநியோகம்
form.field.label.birthTypeQuadruplet,,Quadruplet,චක්‍රව්පල්ට්,நான்குப்பேர்
form.field.label.birthTypeSingle,,Single,එකයි,ஒற்றை
form.field.label.birthTypeTriplet,,Triplet,තුන්ක්ලිට්,மூவர்
form.field.label.birthTypeTwin,,Twin,ද්විත්වය,இரட்சரியாளர்
form.field.label.caregiver.father,,Father,පියාව,அப்பா
form.field.label.caregiver.informant,,Informant is the primary caregiver,නිවාඩුව ප්‍රතිමා සංරච්ඡයක් වේ.,அறிக்கையாளர் முதல் பரவிப்பாளர் ஆகும்
form.field.label.caregiver.legalGuardian,,Legal Guardian,වෛරස් ආධාරයා,சட்டமன்ற காப்புத்தொகை
form.field.label.caregiver.mother,,Mother,මව,தாய்
form.field.label.caregiver.other,,Other caregiver,වෙනත් පරිශීලකයා,மற்ற பராமரிப்பாளர்
form.field.label.caregiver.parents,,Mother and father,අම්මා සහ පියා,அம்மா மற்றும் அப்பா
form.field.label.causeOfDeathEstablished,,Cause of death has been established,මරණ හේතුව ස්ථාන කළ යුතුයි,மரணத்தின் காரணம் நிரூபிக்கப்பட்டுள்ளது.
form.field.label.causeOfDeathMethod,,Source of cause of death,මධ්‍යස්ථාන නිවේදනය,மரணத் தொலைவின் மூலம்
form.field.label.causeOfDeathProof,,Proof of cause of death,මරණ හේතුවෙහි ප්‍රතිස්ථාපනය,மரணத்தின் காரணத்தை தெரிவு செய்யும் தாண்டல்
form.field.label.certificatePrintInAdvance,,Print in advance,අතින් මුදා දැමීමට ප්‍රින්ට් කරන්න.,முன்பு அச்சிடுங்கள்
form.field.label.childFamilyName,,Last name,අවසන් නම,கடைசி பெயர்
form.field.label.childFirstNames,,First name(s),මුල් නම(විස්තර),முதல் பெயர்(கள்)
form.field.label.childSexOther,,Other,අමතර,மற்றொரு
form.field.label.city,Label for City,Town / Village,නගරය / ගම,நகரம் / கிராமம்
form.field.label.confirm,,Yes,ඔව්,ஆம்
form.field.label.contactDetails,,Contact Details,සම්බන්ධතා විස්තර,தொடர்பு விவரங்கள்
form.field.label.corrector.supportDocumentSubtitle,,"For all record corrections at a minimum an affidavit must be provided. For material errors and omissions eg. in paternity cases, a court order must also be provided.","සිසුන් සිහිනයේ විශේෂ දෝෂ සහ අත්සන් සංකේතන සංවර්ධනයන් සඳහා අවශ්‍ය ප්‍රතිස්ථාපනයක් ලබා දෙයි. පිරිමිත් ප්‍රතිස්ථාපන ප්‍රකාශකරු සඳහා, අත්සන් සහ අත්සන් දෝෂ සංකේතන සංවර්ධනයන් ලබා දෙයි.","அனைத்து பதிவு சரியாக்கங்களுக்கு குறைந்தபட்சம் ஒரு அபிதாவிட் வழங்கப்பட வேண்டும். பொருத்தமான பிழைகள் மற்றும் விடைகள் என்பதில், பாத்திர்த்தல் வழக்குகளில், ஒரு நீதிமன்ற கட்டளையும் வழங்கப்பட வேண்டும்."
form.field.label.country,,Country,රාජගේන්තුව,நாடு
form.field.label.creatingNewUser,,Creating new user,නව පරිශීලකයාගේ සෑදීමක් කරමු,புதிய பயனரை உருவாக்குவது
form.field.label.dateOfAdmission,,Date of Admission,ඇතුළත් වීමේ දිනය,சேர்க்கை தேதி
form.field.label.dateOfBirth,,Date of birth,උපන් දිනය,பிறந்த தேதி
form.field.label.dateOfMarriage,,Date of marriage,විවාහයේ දිනය,திருமண தேதி
form.field.label.deathAtFacility,,What hospital did the death occur at?,මෘදුකාංගයේ මධ්‍යස්ථානයේ මහත්කාරයේ සිටිනවාද?,இந்த மரணம் எதில் நடந்தது?
form.field.label.deathAtOtherLocation,,What is the other address that the death occurred at?,මධ්‍යස්ථානය කොරෝනාවේ නිවසට මධ්‍යම සිදු වී ඇත්ද?,இறந்தது எங்கே இருந்தது என்று மற்றொரு முகவரி என்ன?
form.field.label.deathAtPrivateHome,,What is the address of the private home?,පෞද්ගලික ගෙදරින් ලිපිනය කුමක්ද?,தனியார் வீட்டின் முகவரி என்ன?
form.field.label.deathDate,,"Enter the date as: day, month, year e.g. 24 10 2020","දිනය ඇතුළත් කරන්න: දිනය, මාසය, වසර ලෙස (උදා. 24 10 2020)","தேதியை درج செய்யவும்: நாள், மாதம், ஆண்டு (உதா. 24 10 2020)"
form.field.label.deathDescription,,Description,ප්‍රවේශය,விளக்கம்
form.field.label.deathPlace,,Place of Occurrence of Death,මරණ ස්ථානය,மரணத்தின் நடைபெறும் இடம்
form.field.label.deceasedCurAddSamePerm,,Is deceased's current address the same as their permanent address?,මස්පුරාදුවේ වර්තමාන ලිපිනය දැන් තිබේද?,இறந்தவரின் தற்காலிக முகவரி நிர்வாகியின் நிர்வாக முகவரியுடன் ஒப்புக்கொள்கின்றதா?
form.field.label.deceasedDeathProof,,Proof of death of deceased,මස්සාරේ මධුශාන් මරණ තහවුරු ප්‍රතිස්ථාපනය,இறந்தவரின் மரணத் தகவல்
form.field.label.deceasedDoBProof,,Proof of date of birth of deceased,මස්වරු {මස්වරු} නිශ්චිත උපන් දිනයේ ප්‍රතියටම තහවුරු කිරීමට සහතිකයක්,இறந்தவரின் பிறந்த தேதியை உறுதிசெய்
form.field.label.deceasedDocumentParagraph,,The following documents are required,පසුබිම් ලිපි ප්‍රදේශ වේ.,பின்வரும் ஆவணங்கள் தேவைப்படுகின்றன
form.field.label.deceasedFamilyName,,Last Name(s) in default character set other than English,ඉංග්‍රීසි අක්ෂර සැතිවලින් වෙනස් කළ පෙර නම(වර්ග)යේ අවසාන සිටින්නේ කුමරු සහිත අක්ෂර සැතිවලින්ද වෙනස් කළ නොහැකිය.,ஆங்கில மொழிக்கு வேறு இயல்பு எழுத்துக்கு கடைசி பெயர்(கள்)
form.field.label.deceasedFathersFamilyNameEng,,Last name,අවසන් නම,கடைசி பெயர்
form.field.label.deceasedFathersGivenNamesEng,,First name(s),මුල් නම(වව්),முதல் பெயர்(கள்)
form.field.label.deceasedGivenNames,,First Name(s) in default character set other than English,ඉංග්‍රීසි අක්ෂර සැතිවරයේ වෙනත් අක්ෂර සැතිවරයේ පළමු නම(වක්‍රය)ක්,ஆங்கிலம் இல்லாத இயல்புடைய முதல் பெயர்(கள்)
form.field.label.deceasedIDProof,,Proof of deceased's ID,මස්සාරේ ප්‍රතිස්ථාපනයට ප්‍රතිදාන අත්තිකාරම්කරන්න.,இறந்தவரின் அடையாளம் சான்றிதழ்
form.field.label.deceasedIdType,,Existing ID,පැරණි ID,ஏற்கனவே உள்ள ஐடி
form.field.label.deceasedMothersFamilyNameEng,,Last name,අවසන් නම,கடைசி பெயர்
form.field.label.deceasedMothersGivenNamesEng,,First name(s),මුල් නම(විස්තර),முதல் பெயர்(கள்)
form.field.label.deceasedPrimaryAddress,,Usual place of residence,සාමාන්‍ය වසරේ නිවාසය,வாசிக்கும் இடம்
form.field.label.deceasedPrimaryAddressProof,,Proof of Permanent Address of Deceased,මස්සාරේ ස්ථානයේ ස්ථාන ලිපිනයේ ප්‍රතිස්ථාපනය,இறந்தவரின் நிரந்தர முகவரி சான்றிதழ்
form.field.label.deceasedSecondaryAddress,,Secondary Address,දෙවන ලිපිනය,இரண்டாவது முகவரி
form.field.label.deceasedSecondaryAddressSameAsPrimary,,Was their secondary address the same as their primary address?,ඔවුන්ගේ දෙවන ලිපිනය අතිරික් ලිපිනයට සමානයිද?,அவர்களின் இரண்டாம் முகவரி முகவரியுடன் ஒப்பீடு உள்ளதா?
form.field.label.deceasedSexOther,,Other,අමතර,மற்றொரு
form.field.label.deceasedSpousesFamilyNameEng,,Last name,අවසන් නම,கடைசி பெயர்
form.field.label.deceasedSpousesGivenNamesEng,,First name(s),මුල් නම(විස්තර),முதல் பெயர்(கள்)
form.field.label.declaration.certLang.other,,Other,තවත්,மற்றொரு
form.field.label.declaration.certificateLanguage,,Which languages does the informant want the certificate issued in?,සේවාදායකයා ප්‍රදේශයේ ප්‍රප්රාදු කිරීමට අවශ්‍ය භාෂාවන් කුමන්ත්‍රණය කරනවාද?,அறிக்கையாளர் சான்றிதழை எப்போது வெளியிட விரும்புகிறார் என்று எந்த மொழிகளில் சான்றிதழ் வெளியிட விரும்புகிறார்?
form.field.label.declaration.comment.desc,,Use this section to add any comments or notes that might be relevant to the completion and certification of this declaration. This information won't be shared with the informants.,මෙම ප්‍රලේඛනය සම්පූර්ණ කිරීම සහ අත්සන් කිරීම සඳහා අදාළ සංවේදී හෝ අන්තර්ගත විස්තර එම ප්‍රශ්නයේ ප්‍රතිසංස්කරණය සඳහා භාවිතා කළ නොහැක.,இந்த அறிக்கையை முடிப்பற்றியும் சான்றிதழின் அங்கீகாரம் பற்றியும் உத்திகள் அல்லது குறிப்புகளை சேர்க்க இந்த பகுதியை பயன்படுத்தவும். இந்த தகவலை அறிக்கொளியாளர்களுடன் பகிரப்படாது.
form.field.label.declaration.commentsOrNotes,,Comments or notes,සටහන් හෝ සටහන්,கருத்துகள் அல்லது குறிப்புகள்
form.field.label.declaration.phone,,Phone number,දුරකථන අංකය,தொலைபேசி எண்
form.field.label.declaration.whoIsPresent,,Informant type,සුදුසුකරු වර්ගය,தகவல் வழக்கம்
form.field.label.declaration.whoIsPresent.both,,Both Parents,දෙමල සහ පියානියයි,இரண்டு பெற்றோர்
form.field.label.declaration.whoIsPresent.father,,Father,පියාව,அப்பா
form.field.label.declaration.whoIsPresent.mother,,Mother,මව,தாய்
form.field.label.declaration.whoIsPresent.other,,Other,තවත්,மற்றொரு
form.field.label.declaration.whoseContactDetails,,Main point of contact,මූලික අමාත්‍යය,தொடர்பு முகவரி
form.field.label.defaultLabel,,Label goes here,ලේබල් එක මෙහෙයි,லேபிள் இங்கே வருகின்றது
form.field.label.deliveryAddress,,Address of place of delivery,නිසාල ලිපිනය,விநியோக இடத்தின் முகவரி
form.field.label.deliveryInstitution,,Type or select institution,ආදානය ටයිප් කරන්න හෝ තෝරන්න,நிறுவனத்தை தட்டச்சு செய்க
form.field.label.deny,,No,නෑ,இல்லை
form.field.label.district,Label for District,District,දිස්ත්‍රික්කය,மாவட்டம்
form.field.label.docTypeBirthCert,,Birth certificate,උපන්දින සහතිකය,பிறப்பு சான்றிதழ்
form.field.label.docTypeChildAgeProof,,Proof of child's age,දරුවාගේ වයස සාර්ථකතාව,குழந்தையின் வயதுக்கான தானியங்கள்
form.field.label.docTypeChildBirthProof,,Notification of birth,උපරිම දිනයට දීම,பிறப்பு அறிக்கை
form.field.label.docTypeCopyOfBurialReceipt,,Certified copy of burial receipt,පසුගිය ලිපියේ සහයෝගිතා ලිපිය පිළිබඳව සහයෝගිතා ප්‍රභාවයක්,புறம் சான்றிதழ் படிவம்
form.field.label.docTypeCoronersReport,,Coroner's report,කොරෝනර්ස් වාර්තාව,மரணத்திற்கான அறிக்கை
form.field.label.docTypeDeathCertificate,,Attested certificate of death,මසයාගේ සහිතව තහවුරු කළ පිළිබඳ සහිතවාදී සහිතවාදීමේ ප්‍රභව පොරොන්දුව,இறப்புச் சான்றிதழ்
form.field.label.docTypeDoctorCertificate,,Doctor certificate,වෛරස් සහිතව ලියාපදිංචිය,மருத்துவர் சான்றிதழ்
form.field.label.docTypeEPICard,,EPI card,EPI කාඩය,EPI அட்டை
form.field.label.docTypeEPIStaffCertificate,,EPI staff certificate,EPI ස්ථාන සහිතව ලකුණු ප්‍රලේඛනය,EPI உடன் இணைந்த அட்டை
form.field.label.docTypeFuneralReceipt,,Certified copy of funeral receipt,මිලදී ගැනීමේ ප්‍රභාවිත පිටපත්ද,பயன்படுத்தப்படும் பரிசோதனை பதிவு
form.field.label.docTypeHospitalDeathCertificate,,Hospital certificate of death,රෝහල මරණ සහතිකය,மரண உத்தரவு மருத்துவமனை
form.field.label.docTypeLetterOfDeath,,Attested letter of death,මස්සාරු ලියාපදිංචිය,மரணத்தின் சான்றிதழ்
form.field.label.docTypeMarriageNotice,,Notice of marriage,විවේචනයේ දීම,திருமண அறிக்கை
form.field.label.docTypeMedicalInstitution,,Proof of birth from medical institution,රෝග ආශ්‍රිත ස්ථානයෙන් උපරිම ප්‍රතිස්ථාපනය,மருத்துவ நிறுவற்றிலிருந்து பிறப்புப் பதிவேற்றம்
form.field.label.docTypeNID,,National Identity Card,ජාතික හැඳුනුම්පත්පත,தேசிய அடையாள அட்டை
form.field.label.docTypeOther,,Other,අමතර,மற்றொரு
form.field.label.docTypePassport,,Passport,ගුවන් ලිපිනය,கடவுச்சீட்டு
form.field.label.docTypePoliceCertificate,,Police certificate of death,මරණ සහිතව සහිතවිය යුතු පොලිස් සහිතවය,காவல் மரண சான்றிதழ்
form.field.label.docTypePostMortemReport,,Certified post mortem report,සහතික පස් මරණ වාර්තාව,சான்றிதழ் பறிமறை அறிக்கை
form.field.label.docTypeSC,,School certificate,විෂය සහිතව පාසලේ සහිතවිය,பள்ளி சான்றிதழ்
form.field.label.docTypeSignedAffidavit,,Signed affidavit,අත්සන් කිරීම,கையொப்பம் செய்யப்பட்ட அத்தியாயம்
form.field.label.docTypeTaxReceipt,,Receipt of tax payment,බදු ගෙවිමේ ලිපිය,வரி கட்டணம் பரிமற்றம்
form.field.label.docTypebirthAttendant,,Proof of birth from birth attendant,උපත් සේවකයාගේ උපන් සහතිකය,பிறப்புச் சேவையாளர் வழங்கிய பிறப்புச் சான்று
form.field.label.educationAttainment,,Level of education,අධ්‍යාපන සාමාජිකයාගේ මට්ටම,கல்வி அளவு
form.field.label.educationAttainmentISCED1,,Primary,ප්‍රමුඛතාවය,முதன்மை
form.field.label.educationAttainmentISCED2,,Lower secondary,පහළ ද්‍රව්‍ය පාඨමාලා,குறைந்த தொடக்கம்
form.field.label.educationAttainmentISCED3,,Upper secondary,උසස් දෙපාර්තමේන්තුව,மேல் தொகுதி
form.field.label.educationAttainmentISCED4,,Secondary,දෙවන ආකෘතිය,இரண்டாவது
form.field.label.educationAttainmentISCED5,,Tertiary,තෙරියර්යයා,மூன்றாம்
form.field.label.educationAttainmentISCED6,,Second stage tertiary,දෙවන සම්පූර්ණ අංශය,இரண்டாவது தரம் மூன்றாவது நிலை
form.field.label.educationAttainmentNone,,No schooling,පාසලේ පාඩම නොදැක්කා ඇත.,பள்ளிக்கு செல்லவில்லை
form.field.label.educationAttainmentNotStated,,Not stated,නොවැයි,குறிப்பு இல்லை
form.field.label.email,,Email,ඊ-මොලය,மின்னஞ்சல்
form.field.label.empty,empty string,,,
form.field.label.exactDateOfBirthUnknown,,Exact date of birth unknown,උදාහරණයේ උපන් දිනය දැන්ම නොදක්වයි,பிறந்த தேதி தெரியவில்லை
form.field.label.familyName,,Last name in English,අවසන් නම,கடைசி பெயர்
form.field.label.father.nationality,,Nationality,ජාතිකත්වය,தேசியம்
form.field.label.father.nationalityBangladesh,,Bangladesh,බাংলাদেশ,பங்களாதேஷ்
form.field.label.fatherFamilyName,,Last Name(s) in default character set other than English,ඉංග්‍රීසි අක්ෂර සැතිවලින් වෙනස් කළ පෙරහන් නාම(වර්ග)යන්,ஆங்கில மொழிக்கு வேறு இயல்பு எழுத்துக்கு கடைசி பெயர்(கள்)
form.field.label.fatherFirstNames,,First Name(s) in default character set other than English,අංකාරාම් නාමෙන් ඉංග්‍රීසි හිර සැකසුම් වලට වෙනස් අකාරයක්,ஆதரிக்கப்படும் முதல் பெயர்(கள்) ஆங்கில மொழியைப் போலவே இருந்து இதர எழுத்து அமைப்பில் உள்ளது
form.field.label.fatherIsDeceased,,Father has died,පියා මියා ඇත,அப்பா மரணமடைந்துள்ளார்.
form.field.label.fatherPlaceOfBirth,,What is his village of origin?,ඔහුව ප්‍රසිද්ධ ගමක් කුමක් ඇතුල්ලා?,அவருடைய பிள்ளையின் ஊர் எது?
form.field.label.fatherPrimaryAddress,,Usual place of residence,සාමාජික ස්ථානය,வாசிக்கும் இடம்
form.field.label.fathersDetailsExist,,Father's details unavailable,පියාගේ විස්තර නොමැත,தந்தையின் விவரங்கள் கிடைக்கவில்லை
form.field.label.fetchDeceasedDetails,,VERIFY NATIONAL ID,ජාතික හැඳුනුම් පරීක්ෂණය කරන්න.,தேசிய ஐடி சரிபார்க்கவும்
form.field.label.fetchFatherDetails,,VERIFY NATIONAL ID,ජාතික හැඳුනුම් පරීක්ෂණය කරන්න.,தேசிய ஐடி சரிபார்க்கவும்
form.field.label.fetchIdentifierModalErrorTitle,,Invalid Id,අවලංගු හැඳුනුම්පතය,தவறான ஐடி
form.field.label.fetchIdentifierModalSuccessTitle,,ID valid,අනික් වලංගු නොවේ.,ID செல்லும்
form.field.label.fetchIdentifierModalTitle,,Checking,පරීක්ෂා කිරීම,சரிபார்த்தல்
form.field.label.fetchInformantDetails,,VERIFY NATIONAL ID,ජාතික හැඳුනුම් පරීක්ෂණය කරන්න.,தேசிய ஐடி சரிபார்க்கவும்.
form.field.label.fetchMotherDetails,,VERIFY NATIONAL ID,ජාතික හැඳුනුම් පරීක්ෂණය කරන්න.,தேசிய ஐடி சரிபார்க்கவும்
form.field.label.fetchPersonByNIDModalErrorText,,National ID not found.  Please enter a valid National ID and date of birth.,ජාතික හැඳුනුම් අංකය හමු නොවිය. සාරාංශගත සහ උපන් දිනය ඇතුළත් කරන්න.,தேசிய ஐடி காணப்படவில்லை. செல்லுபடியாகும் தேசிய ஐடி மற்றும் பிறந்த தேதியை உள்ளிடவும்.
form.field.label.fetchPersonByNIDModalInfo,,National ID,ජාතික හැඳුනුම්පත,தேசிய ஐடி
form.field.label.fetchRegistrationModalErrorText,,No registration found for provided BRN,ලබා දී ඇති BRN සඳහා රිසෝට්‍රේෂන් දත්ත ලිවීම නොමැත,வழக்கம் வழங்கப்பட்ட BRN க்கு பதிவு காணப்படவில்லை
form.field.label.fetchRegistrationModalInfo,,Birth Registration Number,උපන්දින ලියාපදිංචි අංකය,பிறப்பு பதிவு எண்
form.field.label.fileSizeError,,File size must be less than 2MB,ගොනු ප්‍රමාණය 2MB හෝ එමට වඩා කෙටි විය යුතු බවට සීයයි.,கோப்பு அளவு 2MB க்குக் குறைவாக இருக்க வேண்டும்.
form.field.label.fileUploadError,,{type} supported image only,{type} ආකාරයේ පමණක් පින්තූර සහය දක්වයි,{type} வகை படங்கள் மட்டுமே ஆதரிக்கப்படுகிறது
form.field.label.firstName,,First name(s),මුල් නම(විස්තර),முதல் பெயர்(கள்)
form.field.label.firstNames,,First name(s) in English,ඉංග්‍රීසිෙන් පළමු නම,ஆங்கிலத்தில் முதற் பெயர்
form.field.label.grandFatherBornInSriLanka,,Was the Grandfather of the child born in Sri Lanka?,දරුවාගේ සීයා උපන්නේ ලංකාවේද?,குழந்தையின் தாத்தா இலங்கையில் பிறந்தாரா?
form.field.label.greatGrandFatherBornInSriLanka,,"If the Grandfather was not born in Sri Lanka, was the Great Grandfather of the child born in Sri Lanka?","සීයාව ශ්‍රී ලංකාවේ උපත නොලැබුවහොත්, දරුවාගේ මහා සීයාව ශ්‍රී ලංකාවේ උපත ලබා ඇත්ද?","தாத்தா இலங்கையில் பிறக்கவில்லை என்றால், குழந்தையின் பெரிய தாத்தா இலங்கையில் பிறந்தவரா?"
form.field.label.healthInstitution,,Health Institution,ආධිර සම්පූර්ණය,ஆரோக்கிய நிறுவனம்
form.field.label.hospital,,Hospital,රෝහල,மருத்துவமனை
form.field.label.hospitalAdmissionInformation,,Hospital Admission Information (if available),රෝහලට ඇතුළත් වීමේ තොරතුරු (තිබේ නම්),மருத்துவமனையில் அனுமதி தகவல் (கிடைத்தால்)
form.field.label.iD,,National Identity Card No.,ජාතික හැඳුනුම්පත් අංකය,தேசிய அடையாள அட்டை எண்
form.field.label.iDType,,Type of ID,අංකයේ වර්ගය,அடையாள வகை
form.field.label.iDTypeAlienNumber,,Alien Number,ද්විතියි අංකය,ஏலியன் எண்
form.field.label.iDTypeBRN,,Birth Registration Number,උපන්දින ලියාපදිංචි අංකය,பிறப்பு பதிவு எண்
form.field.label.iDTypeDRN,,Death Registration Number,මරණ ලිපි අංකය,மரணம் பதிவு எண்
form.field.label.iDTypeDrivingLicense,,Drivers License,රියදුරු බලපත්රය,ஓட்டு அனுமதிப்பத்தில்
form.field.label.iDTypeNationalID,,National Identity Card No.,ජාතික හැඳුනුම්පත් අංකය,தேசிய அடையாள அட்டை எண்
form.field.label.iDTypeNoID,,No ID available,අන්තර්ජාලය නොලබා ඇත,ஐடி இல்லை
form.field.label.iDTypeNone,Option for form field: Type of ID,None,කිසිවක් නැත,எதுவும்
form.field.label.iDTypeOther,,Other,අමතර,மற்றொரு
form.field.label.iDTypeOtherLabel,,Other type of ID,වෙනත් ස්ථානයේ ID,மற்ற வகையான ஐடி
form.field.label.iDTypePassport,,Passport,ගුවන් ලිපිනය,கடவுச்சீட்டு
form.field.label.iDTypeRefugeeNumber,,Refugee Number,පුරවැසි අංකය,அவர்கள் படையில் உள்ள புலம்
form.field.label.idReader,,ID verification,හැඳුනුම්පත් සත්‍යාපනය,அடையாளச் சான்று சரிபார்ப்பு
form.field.label.imageUpload.uploadedList,,Uploaded:,උඩුගත කරන ලදි:,பதிவேற்றம் செய்யப்பட்டது:
form.field.label.informant,Informant Label,Informant,සුදුසුදුරන්,அறியப்படும் நபர்
form.field.label.informantAthorityToApplyProof,,Proof of informant's authority to apply,සේවාදායකයෙක් විසින් අයැදුම් කිරීමේ නිර්දේශයට ප්‍රතිස්ථාපනය පිළිබඳව සාකච්ඡා ප්‍රමාණයක් ලබා දීමට සහතිකයක්,தகவல் அறிக்கையாளரின் வரம்பை விண்ணப்பிக்க உதவும் சான்றிதழ்
form.field.label.informantOtherRelationship,,Other relation,වෙනත් සම්බන්ධය,மற்ற உறவு
form.field.label.informantPrimaryAddress,,Usual place of residence,සාමාජික ස්ථානය,வாசிக்கும் இடம்
form.field.label.informantRelation.bride,Label for option bride,Bride,මගේ නාමික නාමය විවාහයෙන් පිටවන්න.,மணமக்கள்
form.field.label.informantRelation.brother,Label for option brother,Brother,මහත්මයා,சகோதரா
form.field.label.informantRelation.contactPoint,,Contact Point,සම්බන්ධ ක්ෂේත්රය,தொடர்பு புள்ளி
form.field.label.informantRelation.daughter,Label for option Daughter,Daughter,කහවල්ලා,மகள்
form.field.label.informantRelation.daughterInLaw,Label for option Daughter in law,Daughter in law,පොදු දියණියේ,மருமகள்
form.field.label.informantRelation.driver,,"Driver or operator of the land or water vehicle or aircraft where the death occurredDriver or operator of the land or water vehicle or aircraft where the death occurred,Driver or operator of the land or water vehicle or aircraft where the death occurred","Driver or operator of the land or water vehicle or aircraft where the death occurredDriver or operator of the land or water vehicle or aircraft where the death occurred,Driver or operator of the land or water vehicle or aircraft where the death occurred","Driver or operator of the land or water vehicle or aircraft where the death occurredDriver or operator of the land or water vehicle or aircraft where the death occurred,Driver or operator of the land or water vehicle or aircraft where the death occurred"
form.field.label.informantRelation.extendedFamily,Label for option Extended Family,Extended Family,දිනෙන්නාගේ පවුලේ පවුලේදීම,நீண்ட குடும்பம்
form.field.label.informantRelation.father,Label for option father,Father,පියාව,அப்பா
form.field.label.informantRelation.granddaughter,Label for option Granddaughter,Granddaughter,සුදු දෙවියෝ,பெரியம்மா
form.field.label.informantRelation.grandfather,Label for option Grandfather,Grandfather,සුභළ දායකත්වයා,தாத்தா
form.field.label.informantRelation.grandmother,Label for option Grandmother,Grandmother,දායකින්,பாட்டி
form.field.label.informantRelation.grandson,Label for option Grandson,Grandson,සුරැකියා,பெரியப்பன்
form.field.label.informantRelation.groom,Label for option groom,Groom,මිනිස්සු,மணமகன்
form.field.label.informantRelation.groomAndBride,Label for option Groom & Bride,Groom & Bride,මගේ ගුරුවරු සහ මගේ මිත්‍රයා,மணமகன் & மணமகள்
form.field.label.informantRelation.headInst,,Head of the institution where the death occurred,මිනිසුන් සිදු වීමේ ආශ්‍රිත ආයතනේ උපරිම කළායන්ගේ නාමය,மரணம் நடந்த நிறுவனத்தின் முதல்வர்
form.field.label.informantRelation.legalGuardian,Label for option Legal Guardian,Legal guardian,වෛරස් ආධාරයා,சட்டமன்ற காப்புரிமை
form.field.label.informantRelation.mother,Label for option mother,Mother,මව්බින්දුවා,தாய்
form.field.label.informantRelation.officer,,Officer-in-charge of the road or public space where the death occurred,මාර්ගය හෝ මාර්ගයේ මධ්‍යහ්‍රයේ මරණය සිදු වීමේ ප්‍රතින්තයේ පත්වීමේ නියුතු අධිකාරිය,இறந்ததற்கான சாலை அல்லது பொது இடத்தின் பொருளாதாரத்தில் உள்ள அதிகாரியாக உள்ளவர்
form.field.label.informantRelation.other,,Other ({otherInformantType}),වෙනත් ({otherInformantType}),பிற ({otherInformantType})
form.field.label.informantRelation.others,Label for option someone else,Someone else,තවත් කාර්යයක්,யாரோ மற்றவர்
form.field.label.informantRelation.owner,,Owner of the house or building where the death occurred,Owner of the house or building where the death occurred,Owner of the house or building where the death occurred
form.field.label.informantRelation.sister,Label for option Sister,Sister,කෝෂියක්,சகோதரி
form.field.label.informantRelation.son,Label for option Son,Son,පුතා,மகன்
form.field.label.informantRelation.sonInLaw,Label for option Son in law,Son in law,කිරි පුද්ගලයා,மருமகன்
form.field.label.informantRelation.spouse,Label for option Spouse,Spouse,සහෝයි,ஜீவனவாழ்க்கை
form.field.label.informantRelation.whoIsBirthInformant,Label for option birth informant,Who is informant,තොරාගේ හොදය කුමක්ද?,அறிவுரையாளர் யார்?
form.field.label.informantRelation.whoIsDeathInformant,Label for option death informant,Who is informant,තොරාගේ හොදය කුමක්ද?,அறிவுரையாளர் யார்?
form.field.label.informantSecondaryAddress,,Secondary Address,දෙවන ලිපිනය,இரண்டாவது முகவரி
form.field.label.informantSecondaryAddressSameAsPrimary,,Is their secondary address the same as their primary address?,ඔවුන්ගේ දෙවන ලිපිනය අතිරික්කු ලිපිනයට සමානයිද?,அவர்களின் இரண்டாவது முகவரி முக்கிய முகவரியுடன் ஒப்புதலா?
form.field.label.informantTitle,,Informant's details,නිවේදනගේ විස්තරයන්,தகவல் வழங்குநரின் விவரங்கள்
form.field.label.informants.nationality,,Nationality,ජාතිකත්වය,தேசியம்
form.field.label.informantsDateOfBirth,,Date of Birth,උපන් දිනය,பிறந்த தேதி
form.field.label.informantsFamilyName,,Last Name(s) in default character set other than English,ඉංග්‍රීසි අක්ෂර සැතිවලින් වෙනස් කළ පෙරහන් නාම(වර්ග)යේ අවසන් නම්(නම)කරුණු වෙනස් කරන්න.,ஆங்கில மொழிக்கு வேறு இயல்பு எழுத்துக்கு கடைசி பெயர்(கள்)
form.field.label.informantsFamilyNameEng,,Last Name(s) in English,අවසාන නම(නම්) ඉංග්‍රීසි භාෂාවෙන්,கடைசி பெயர்(கள்) ஆங்கிலத்தில்
form.field.label.informantsGivenNames,,First Name(s) in default character set other than English,ඉංග්‍රීසි අක්ෂර සැතිවරයේ වෙනත් අක්ෂර සිටම පළමු නම(වව්)කයි.,ஆங்கிலம் இல்லாத இயல்புடைய முதல் பெயர்(கள்)
form.field.label.informantsGivenNamesEng,,First Name(s) in English,ඉංග්‍රීසි නම්බලයන්,ஆங்கிலத்தில் முதல் பெயர்(கள்)
form.field.label.informantsIdType,,Existing ID,පැරණි ID,ஏற்கனவே உள்ள ஐடி
form.field.label.informantsRelationWithChild,,Informant type,තොරතුරු සපයන්නාගේ වර්ගය,தகவல் தருபவர் வகை
form.field.label.informantsRelationWithDeceased,,Relationship to deceased,මස්සාර සම්බන්ධය,இறந்தவருடன் உறவு
form.field.label.internationalAddressLine1,,Address Line 1,ලිපිනය පේළි 1,முகவரி வரி 1
form.field.label.internationalAddressLine2,,Address Line 2,ලිපිනය පේළිය 2,முகவரி வரி 2
form.field.label.internationalAddressLine3,,Address Line 3,ලිපිනය පේළිය 3,முகவரி வரி 3
form.field.label.internationalCity,,Town / Village,නගරය / ගම,நகரம் / கிராமம்
form.field.label.internationalDistrict,,District,දිස්ත්‍රික්කය,மாவட்டம்
form.field.label.internationalPostcode,,Postal Code,තැපැල් කේතය,அஞ்சல் குறியீடு
form.field.label.internationalState,,Province,පළාත,மாகாணம்
form.field.label.lastName,,Last name,අවසන් නම,கடைசி பெயர்
form.field.label.lastNameAtBirth,,Last name at birth (if different from above),උපන් නම (ඉහළින් වෙනස් වෙනස් වීමට),பிற பெயர் (மேலே குறிப்பிட்டது இல்லையாம்)
form.field.label.lastNameEN,,Last name,අවසන් නම,கடைசி பெயர்
form.field.label.layReported,,Lay reported,ලේ වාර්තාව ප්‍රකාශයට පිවිසුද,லே அறிக்கை செய்தார்
form.field.label.legalGuardianProof,,Proof of legal guardianship,සාදන්නේ නිවේදනයේ ප්‍රතිස්ථාපනයයි.,சட்டப்பூர்வ காப்புத்துறை தாராளம்
form.field.label.locationLevel3,Label for locationLevel3,Divisional Secretariat Division (DS Division),ප්‍රාදේශීය ලේකම් කාර්යාලය,பிராந்திய செயலாளர் பிரிவு
form.field.label.locationLevel4,Label for locationLevel4,Grama Niladhari Division,ග්‍රාම නිලධාරී ව්‍යාප්තිය,கிராம நிர்வாக பிரிவு
form.field.label.locationLevel5,Label for locationLevel5,Location Level 5,ස්ථානය මට්ටම 5,இருப்பின் நிலை 5
form.field.label.mannerOfDeath,,Manner of death,මරණ ක්‍රමය,மரணத்தின் முறை
form.field.label.mannerOfDeathAccident,,Accident,අන්තර්ජාලය,விபத்து
form.field.label.mannerOfDeathHomicide,,Homicide,හිම්නිඩ්,கொலை
form.field.label.mannerOfDeathNatural,,Natural causes,ස්වභාවික හාසයන්,உயிரினங்கள்
form.field.label.mannerOfDeathSuicide,,Suicide,ඇදිරි මරණය,தற்கொலை
form.field.label.mannerOfDeathUndetermined,,Manner undetermined,ආකෘතිය අගයන්නේ නැත,முறை அராதமாகிறது
form.field.label.maritalStatus,,Marital status,විවාහක තත්ත්වය,திருமண நிலை
form.field.label.maritalStatusDivorced,,Divorced,විසින් වෙනස් වීමට අනිවාර්යයි,பிரிவு பெற்றுள்ளேன்
form.field.label.maritalStatusMarried,,Married,විවාහකයි,திருமணம் செய்யப்பட்டார்
form.field.label.maritalStatusNotStated,,Not stated,නොවැයි,குறிப்பு இல்லை
form.field.label.maritalStatusSeparated,,Separated,වෙනස් වීම් කර ඇත,பிரியமாகிறேன்
form.field.label.maritalStatusSingle,,Single,එකක්,தனிமை
form.field.label.maritalStatusWidowed,,Widowed,විවාහයට පවා වී ඇත්තේ,விதவை
form.field.label.marriedLastName,,Married last name (if different),විවාහයේ අවසන් නම (තවත් වෙනස් වූ නම තවත්),திருமணப் பெயர் (வேறு பெயர் உள்ளது எனில்)
form.field.label.medicallyCertified,,Medically Certified Cause of Death,මධ්‍දාන හානි සහිතව ප්‍රභවතාවක්,மருத்துவமாக சான்றிதழ் பெற்ற மரணத் தன்மை
form.field.label.methodOfCauseOfDeath,,Method of Cause of Death,මරණ හේතුවොන් ක්‍රමය,மரணத் தன்மையின் முறை
form.field.label.monogamy,,Monogamous,එක් පිරිසිදුවා,ஒற்றையர்
form.field.label.mother.nationality,,Nationality,ජාතිකත්වය,தேசியம்
form.field.label.mother.nationalityBangladesh,,Bangladesh,බাংলাদেশ,பங்களாதேஷ்
form.field.label.motherFamilyName,,Last name,අවසන් නම,கடைசி பெயர்
form.field.label.motherFirstNames,,First name(s),මුල් නම(විස්තර),முதல் பெயர்(கள்)
form.field.label.motherIsDeceased,,Mother has died,අම්මා මිය ගියා.,அம்மா இறந்துவிட்டார்
form.field.label.motherPlaceOfBirth,,What is her village of origin?,ඇසෙන් පිළිබද ගමක් කුමක් තිබේ?,அவள் பிறந்த ஊர் எது?
form.field.label.motherPlaceOfHeritage,,What is her place of origin (heritage)?,ඇයේ ස්ථානය (ස්ථානය) කුමක්ද?,அவள் பிறந்த இடம் (பரம்பரை) என்ன?
form.field.label.motherPrimaryAddress,,Usual place of residence,සාමාජික ස්ථානය,வாசிக்கும் இடம்
form.field.label.mothersDetailsExist,,Mother's details unavailable,අම්මාවේ විස්තර {details} ලබා නොපෙනේ.,தாயின் விவரங்கள் கிடைக்கவில்லை.
form.field.label.multipleBirth,,No. of previous births,පෙර උපසිරැසි ගණන,முந்தைய ஜன்மங்களின் எண்ணிக்கை
form.field.label.name,,Name,නම,பெயர்
form.field.label.nationality,,Nationality,ජාතිකත්වය,தேசியம்
form.field.label.numberOfChildren,,"If multiple births, number of children","බහු උපත් නම්, දරුවන් ගණන","பல்வேறு பிறப்புகள் இருந்தால், குழந்தைகளின் எண்ணிக்கை"
form.field.label.occupation,,Occupation,ආත්මය,பணி
form.field.label.optionalLabel,,Optional,විකල්පයට අයත් විකල්පයක් නොවේ.,விருப்பமாகும்
form.field.label.otherAddress,,Other address,වෙනත් ලිපිනය,மற்றும் முகவரி
form.field.label.otherBirthSupportingDocuments,,Other,තවත්,மற்றொரு
form.field.label.otherInformantType,,Other relation,වෙනත් සම්බන්ධය,மற்ற உறவு
form.field.label.otherInstitution,,Other,අමතර,மற்றொரு
form.field.label.otherOption,,Other,අමතර,மற்றொரு
form.field.label.parentDetailsType,,Do you have the mother and father's details?,ඔබට මව් සහ පිරිස්වාරයාගේ විස්තර ඇත්ද?,அம்மா மற்றும் அப்பாவின் விவரங்கள் உங்களுக்கு உள்ளனவா?
form.field.label.phoneNumber,,Mobile number,ජංගම දුරකථන අංකය,மொபைல் எண்
form.field.label.physician,,Physician,වෛරස්කාරයා,மருத்துவர்
form.field.label.placeOfBirth,,Location,ස්ථානය,இடம்
form.field.label.placeOfBirthIndividualTown,,Town / Village,නගරය / ගම,நகரம் / கிராமம்
form.field.label.placeOfBirthPreview,,Place of delivery,නිෂ්පාදන ස්ථානය,விநியோக இடம்
form.field.label.placeOfDeath,,Place of death,මරණ ස්ථානය,மரண இடம்
form.field.label.placeOfDeathOther,,Different Address,වෙනත් ලිපිනය,வேறு முகவரி
form.field.label.placeOfDeathSameAsCurrent,,Current address of the deceased,මසම් ලිපිනයේ වර්ගය {officeName} වෙත පිවිසෙන්න.,இறந்தவரின் தற்போதைய முகவரி
form.field.label.placeOfDeathSameAsPermanent,,Permanent address of the deceased,මස්සාරේ ස්ථානයේ ස්ථානවේදය,இறந்தவரின் நிரந்தர முகவரி
form.field.label.placeOfDeathSameAsPrimary,,Deceased's usual place of residence,මසයාගේ සාමාන්‍ය ස්වරූපය,இறந்தவரின் பொது வசதியின் இடம்
form.field.label.placeOfDeathType,,Type of Place,ස්ථානයේ වර්ගය,இடம் வகை
form.field.label.placeOfMarriage,,Place of marriage,විවාහ ස්ථානය,திருமணம் நடக்கும் இடம்
form.field.label.polygamy,,Polygamous,බහුල්මියාවාවන්,பலவீட்டு
form.field.label.postCode,,Number,අංකය,எண்
form.field.label.primaryAddress,,Usual place of residence,සාමාජික ස්ථානය,வாசிக்கும் இடம்
form.field.label.primaryAddressSameAsDeceasedsPrimary,,Same as deceased's usual place of residence?,මියෙන්නේ මියෙන්නේ අත්සන් රාජධානියක් සමාගම් සහිතව ස්ථානයක් වෙත සමානව වේද?,"இல்லை, மரணப்பட்டவரின் பொது வசதியையே?"
form.field.label.primaryAddressSameAsOtherPrimary,,Same as father's usual place of residence?,පියයාගේ සාමාන්‍ය නේවාසික ස්ථානයට සමානද?,தந்தையின் வழக்கமான வசிப்பிடத்துடன் இதுவேதா?
form.field.label.primaryCaregiverType,,Who is looking after the child?,දරුවන් කවරද?,பிள்ளையின் பார்வையாளர் யார்?
form.field.label.print.confirmMotherInformation,,Does their proof of ID document match the following details?,ඔවුන්ගේ හැඳුනුම් ප්‍රතිසාධනයේ පිළිබඳ ප්‍රතිසාධනය ගැලපෙන විස්තර ගැන එය ගැලපෙනවිද?,அவர்களின் அடையாள ஆதாரம் ஆகிய ஆவணத்தின் விவரங்களுடன் பொருந்துகின்றதா?
form.field.label.print.documentNumber,,Document number,ලේඛන අංකය,ஆவண எண்
form.field.label.print.otherPersonGivenNames,,Given name,නම ලබා දෙනවා,பெற்ற பெயர்
form.field.label.print.otherPersonPrompt,,"Because there are no details of this person on record, we need to capture their details:","මෙම පුද්ගලිකත්වයේ විස්තර කිසිවක් නොමැති බැවින්, අපි ඔවුන්ගේ විස්තර පොත් ලබා ගැනීමට අවශ්‍යවේ:","இந்த நபரின் விவரங்கள் பதிவிடப்படவில்லை என்று காரணமாக, அவரது விவரங்களை பிடித்துவைக்க வேண்டும்:"
form.field.label.print.signedAffidavit,,Do they have a signed affidavit?,ඔව්න්ට අත්සන් කිරීමේ ප්‍රලේඛනය තිබේද?,அவர்களுக்கு ஒப்புதல் பெற்ற அத்தியாயம் உள்ளதா?
form.field.label.print.warningNotVerified,,Please be aware that if you proceed you will be responsible for issuing a certificate without the necessary proof of ID from the collector.,කරුණාකර අවධානයෙන් සිටින්න: ඔබ ඉදිරියට යාමට තීරණය කළහොත්," ""එකතුකරුගේ අවශ්‍ය හැඳුනුම්පත් සනාථ කිරීමකින් තොරව සහතිකයක් නිකුත් කිරීම සඳහා ඔබ වගකිව යුතු වේ.,தயவுசெய்து கவனிக்கவும்: நீங்கள் தொடர்ந்தால், சேகரிப்பவரிடமிருந்து தேவையான அடையாள சான்றில்லை என்றாலும், சான்றிதழ் வழங்கும் பொறுப்பை நீங்கள் ஏற்க வேண்டியிருக்கும்."""
form.field.label.privateHome,,Residential address,නිවාස ලිපිනය,வாசியார் முகவரி
form.field.label.proofOfBirth,,Proof of birth,උපරිම උපලේඛනය,பிறப்பு தொடர்பு
form.field.label.proofOfBridesID,,Proof of bride's identity,මතකයේ හවුල්කාරීවේ හිතවත් ප්‍රතියානිකයාගේ සහයෝගය,மணமக்களின் அடையாளத்தை உறுதிசெய்யும் தகவல்
form.field.label.proofOfDocCertificateOfChild,,Certificate from doctor to prove child's age OR School certificate,වෛරසයෙන් දරුවාගේ වයස ප්‍රතිස්සමතා කිරීම සඳහා වෛරසයෙන් ප්‍රකාශය හෝ පාසලේ සහතිකය,குழந்தையின் வயதை தெரிவு செய்யும் மருத்துவரிடம் சான்றிதழ் அல்லது பள்ளி சான்றிதழ்
form.field.label.proofOfEPICardOfChild,,EPI Card of Child,දරුවෝහීන් එපි කාඩ්පය,குழந்தையின் EPI அட்டை
form.field.label.proofOfFathersID,,Proof of father's ID,පියාගේ හැඳුනුම් ප්‍රතිස්ථාපනය,தந்தையின் அடையாளம் சான்றிதழ்
form.field.label.proofOfGroomsID,,Proof of groom's identity,මගේ හවුල්වලින් හිතවත් ප්‍රතියානිකයාගේ සහතිකයක්,பரிசோதனை மணமக்களின் அடையாளத்தை உறுதிசெய்யும் சான்று
form.field.label.proofOfInformantsID,,Proof of informant's ID,නිවේදනගේ හැඳුනුම් තහවුරු ප්‍රතිස්ථාපනය,அறிக்கையாளரின் அடையாளம் தெரிவு
form.field.label.proofOfMarriageNotice,,Notice of intention to marriage,විවාහය පිළිබඳ දැනුම් පරිවාසය,திருமண இருப்பிடம் தெரிவு அறிக்கை
form.field.label.proofOfMothersID,,Proof of mother's ID,මව්ගේ හැඳුනුම් ප්‍රතිස්ථාපනය,தாயின் அடையாளம் சான்றிதழ்
form.field.label.proofOfParentPrimaryAddress,,Proof of Permanent Address of Parent,විස්තරයේ මව්බිම්බුරේ ස්වරූප පාර තහවුරු සහායකයාව,பெற்றோரின் நிரந்தர முகவரி சான்றிதழ்
form.field.label.race,,Race,ජාතිය,இனம்
form.field.label.radio.father,,Only the father's,පියාගේ පමණි.,அப்பாவின் மட்டும்
form.field.label.radio.mother,,Only the mother's,පියාගේ පණුවෙන්ම,அம்மாவின் மட்டும்
form.field.label.reasonFatherNotApplying,,Reason,කාලය,காரணம்
form.field.label.reasonFatherNotApplyingPreview,,Reason,කාලය,காரணம்
form.field.label.reasonMotherNotApplyingPreview,,Reason,කාලය,காரணம்
form.field.label.reasonNotApplying,,Reason,කාලය,காரணம்
form.field.label.registrationLandLine,,Land line number,ලෑන්ඩ් ලයින් නො.,லேண்ட் லைன் எண்.
form.field.label.registrationName,,Registration Name,ලියාපදිංචි නම,பதிவு பெயர்
form.field.label.registrationOffice,,Registration Office,ලියාපදිංචි කාර්යාලය,பதிவு அலுவலகம்
form.field.label.relInstHeadPlaceOfBirth,,Head of the institution where the birth occurred,උපන් දිනය සිදු වීමේ ආයතනයේ හැඳුනුම්කරු,பிறந்த இடத்தின் முதலாளி
form.field.label.relationBrother,,Brother,මහත්මයා,சகோதரா
form.field.label.relationGrandfather,,Grandfather,සුභළ දායකත්වයා,தாத்தா
form.field.label.relationGrandmother,,Grandmother,දායකත්වය,பாட்டி
form.field.label.relationHouseOwner,,Owner of the house or building where the birth occurred,උපතේ හෝ ගෝදරාව සිදු වීමේ නිවාස හෝ ගෝදරාවේ අයිතිය,பிறந்த இடத்தின் உரிமையாளர்
form.field.label.relationOfficeInCharge,,Officer-in-charge of the road or public space where the birth occurred,උපරිම වසරේ හෝ ප්‍රජාතාන්තියේ උපරිම ස්ථානයේ පුරාවිද්‍යාව සිදු වී ඇති අධිකාරියක්,பிறப்பு நடந்த சாலை அல்லது பொது இடத்தின் பொருளாதாரத்தில் உள்ள அதிகாரியின் பொருளாதாரி
form.field.label.relationOperator,,Driver or operator of the land or water vehicle or aircraft where the birth occurred,Driver or operator of the land or water vehicle or aircraft where the birth occurred,Driver or operator of the land or water vehicle or aircraft where the birth occurred
form.field.label.relationOtherFamilyMember,Label for other family member relation,Other family member,වෙනත් පවුලේ මෙම්බරයක්,மற்ற குடும்ப உறவினர்
form.field.label.relationSister,,Sister,කෝෂියයි,சகோதரி
form.field.label.relationSomeoneElse,,Someone else,තවත් කාර්යයක්,யாரோ மற்றவர்
form.field.label.relationship,,Relationship,සම්බන්ධතාව,உறவு
form.field.label.relationshipPlaceHolder,,eg. Grandmother,දායකත්වය,பாட்டி
form.field.label.relationshipToSpouses,,Relationship to spouses,සිහින් සම්බන්ධයට අයිතිකරුගේ සම්පූර්ණයට පිළිබඳව සහභාගී වීම.,உறவினருக்கு உறவு
form.field.label.resedentialAddress,,Residential address of the deceased,මසම් ලිපිනයේ නිවසේ නම්බලාව,இறந்தவரின் வாசியார் முகவரி
form.field.label.rural,,Rural,ප්‍රාන්තයේ,ஊராட்சி
form.field.label.secondaryAddress,,Secondary address,දෙවන ලිපිනය,இரண்டாவது முகவரி
form.field.label.secondaryAddressSameAsOtherSecondary,,Is the secondary address the same as the mother's secondary address?,දෙවන ලිපිනය මව්ගේ දෙවන ලිපිනය සමානයෙන්ම වෙනස් වේද?,இரண்டாவது முகவரி தாயார் இரண்டாவது முகவரி பொருந்துமா?
form.field.label.secondaryAddressSameAsPermanent,,Is her usual place of residence the same as her residential address?,ඇගේ සාසනික ලිවීමේ ලිපිනය සහ ඇගේ නියෝජිත ආශිර්වාදය සමාන වේද?,அவளின் பொது வசதியாகும் இடம் அவளின் வாசியக் குறியீடுடன் ஒரேயாகுமா?
form.field.label.secondaryAddressSameAsPrimary,,Is their secondary address the same as their primary address?,ඔවුන්ගේ දෙවන ලිපිනය ඔවුන්ගේ ප්‍රමාද ලිපිනයට සමානයිද?,அவர்களின் இரண்டாவது முகவரி முகவரியுடன் ஒப்பீடுக்கொள்கின்றதா?
form.field.label.selectOne,,Please select an option,කරුණාකර විකල්පයක් තෝරන්න,தயவுசெய்து ஒரு விகில் தேர்ந்தெடுக்கவும்.
form.field.label.self,The title that appears when selecting self as informant,Self,ඔබේ ස්වාධීනවත්වලට,சுயம்
form.field.label.sex,,Gender,ස්ත්‍රී පුරුෂ භාවය,பாலினம்
form.field.label.sexFemale,,Female,ගැහැණි,பெண்
form.field.label.sexMale,,Male,පුරුෂ,ஆண்
form.field.label.sexUnknown,,Unknown,නොදන්න,அறியப்படாது
form.field.label.sinhalaFirstName,,First name in Sinhala,සිංහලෙන් පළමු නම,சிங்களத்தில் முதற் பெயர்
form.field.label.sinhalaLastName,,Last name in Sinhala,සිංහලෙන් අවසාන නම,சிங்களத்தில் கடைசி பெயர்
form.field.label.socialSecurityNumber,,Social security no./NAPSA,සාමාජික ආරක්ෂක අංකය/NAPSA,சமூக பாதுகாப்பு எண் / NAPSA
form.field.label.someoneElse,Other Label,Someone else,තවත් කාර්යයක්,யாரோ மற்றவர்
form.field.label.someoneElseCollector,,Print and issue to someone else,මුදා දැනුම් ප්‍රින්ට් කරන්න හෝ වෙනස් කරන්න,அச்சிடுக மற்றவருக்கு
form.field.label.spouseDetailsExist,,Spouse's details are not available,සිහින් විස්තර {name} ලබා දෙන්නේ නැත.,உடன் தொலைபேசியில் கூட்டுறவு விவரங்கள் இல்லை
form.field.label.state,Label for State,Province,පළාත,மாகாணம்
form.field.label.tamilFirstName,,First name in Tamil,දෙමළෙන් පළමු නම,தமிழில் முதற் பெயர்
form.field.label.tamilLastName,,Last name in Tamil,දෙමළෙන් අවසාන නම,தமிழில் கடைசி பெயர்
form.field.label.totalFees,Label for input Reason for Change,,,
form.field.label.typeOfDocument,,Choose type of supporting document,උදව් ලිපි වර්ගය තෝරන්න,ஆதரவு ஆவண வகையைத் தேர்ந்தெடுக்கவும்.
form.field.label.typeOfId,,Type of ID,අංකයේ වර්ගය,அடையாள வகை
form.field.label.typeOfMarriage,,Type of marriage,විවාහයේ වර්ගය,திருமண வகை
form.field.label.updatingUser,,Updating user,පරිශීලක {name} යාවත්කාලීන කිරීමට යොදා ගැනීමට යොදා ගැනීමේ ක්‍රමයක් සහිතව පවතිනවා.,பயனரை புதுப்பிக்குகிறேன்
form.field.label.uploadDocForChild,,Child,දරුවන්,குழந்தை
form.field.label.uploadDocForFather,,Father,පියාව,அப்பா
form.field.label.uploadDocForMother,,Mother,අම්මා,தாய்
form.field.label.uploadDocForOther,,Other,තවත්,மற்றொரு
form.field.label.uploadDocForWhom,,Whose suppoting document are you uploading?,ඔබ උඩුගත කරන ලද සහාය ආදායම් කොට හෝදන්නේ කවුද?,நீங்கள் எவரின் ஆதரவு ஆவணத்தை பதிவேற்றுகிறீர்கள்?
form.field.label.uploadFile,,Upload,උඩුගත කරන්න,பதிவேற்றுக
form.field.label.urban,,Urban,නගරයා,நகர்
form.field.label.userAttachmentSection,,Signature,චාරිකවලින්,கையொப்பம்
form.field.label.userDevice,,Device,උපකරණය,சாதனம்
form.field.label.userFirstName,,User's first name,පරිශීලකාවේ මුල් නම,பயனரின் முதல் பெயர் {name}
form.field.label.userSignatureAttachment,,User's signature,පරිශීලකවරුන්විසින් අත්සන් ලිපිනය,பயனரின் கையொப்பம்
form.field.label.userSignatureAttachmentDesc,,Ask the user to sign a piece of paper and then scan or take a photo,"පරිශීලකයාට ප්‍රකාශකයක් අත්සන් කිරීමට ඉඩ දෙන්න පසු, ස්කෑන් කරන්න හෝ ඡායාගත කරන්න අවශ්‍යවේ.",தயவுசெய்து {name} ஒரு காகிதத்தை கையில் கையில் கொண்டு அல்லது ஒரு புகைப்படத்தை எடுத்துக்கொள்ள கேட்கவும்.
form.field.label.userSignatureAttachmentTitle,,Upload signature,අත්සන් කිරීම උඩුගත කරන්න,கையொப்பம் பதிவேற்றுக
form.field.label.userSurname,,User's surname,පරිශීලකවරුවේ ප්‍රධාන නම,பயனரின் குடும்பப் பெயர்
form.field.label.verbalAutopsy,,Verbal autopsy,වචන මරණ පරීක්ෂණය,வாய்மொழி பிரேத பரிசோதனை
form.field.label.verbalAutopsyReport,,Verbal autopsy report,ශ්‍රී ලංකාවේ ප්‍රාදේශීය අනුමැතියා වාර්තාව,உவமை பரிசோதனை அறிக்கை
form.field.label.weightAtBirth,,Birth weight,උපත් බර,பிறப்பு எடை
form.field.label.wereParentsMarried,,Were parents married?,දෙමාපියන් විවාහ වී සිටිද?,பெற்றோர் திருமணம் செய்து கொண்டார்களா?
form.field.label.whatDocToUpload,,Which document type are you uploading?,ඔබ උඩුගත කරන ලද ලේඛන වර්ගය කුමන්ත්‍රණයයි?,நீங்கள் எந்த ஆவண வகையை பதிவேற்றுகிறீர்கள்?
form.field.label.yearOfBirth,,Year of birth,උපන් වර්ෂය,பிறந்த ஆண்டு
form.field.nidNotVerified,,Authenticate,සත්‍යාව තහවුරු කරන්න,அங்கீகரிக்கவும்
form.field.nidNotVerifiedReviewSection,,Unauthenticated,අපේක්ෂාවන්ට සහිතව නොවේ.,அதை அங்கீகரிக்கப்படவில்லை
form.field.nidOffline,,National ID authentication is currently not available offline.,ජාතික හැඳුනුම් හඳුනා නොහැකි තරගයේ දැනුම දැනුම් දැනුම් ලබා දෙනවා.,தேசிய ஐடி அங்கீகாரம் தற்போது ஆஃப்லைனில் கிடைக்கவில்லை.
form.field.nidVerificationOngoing,Label for indicating offline status for the user. NID verification is not currently available offline.,National ID authentication is currently not available offline.,ජාතික හැඳුනුම් සහතිකය දැන් නොලබා ඇත.,தேசிய ஐடி அங்கீகாரம் தற்போது ஆஃப்லைனில் கிடைக்கவில்லை.
form.field.nidVerified,,Authenticated,සත්‍යාගශාසනීය කරන ලදි,அங்கீகரித்தது
form.field.previewGroups.primaryAddress,,Usual place of residence,සාමාජික ස්ථානය,வாசிக்கும் இடம்
form.field.previewGroups.secondaryAddress,,Secondary address,දෙවන ලිපිනය,இரண்டாவது முகவரி
form.field.qr.validation.error,Error message for QR code validation,This QR code is not recognised.,මෙම QR කේතය හඳුනාගෙන නැත.,குறியீடு அடையாளம் காணப்படவில்லை.
form.field.select.placeholder,,Select,තෝරන්න,தேர்ந்தெடுக்கவும்
form.field.showLabel,Button to show section,Show,පෙන්වන්න,காட்டு
form.field.tooltip.tooltipNationalID,,The National ID can only be numeric and must be 10 digits long,ජාතික හැඳුනුම් අංකය සංඛ්‍යාත්මයෙන් පමණි විය යුතු හා 10 දශක දිගු විසින් විය හැකිය,தேசிய ஐடி எண்ணிக்கையாக மட்டுமே இருக்க வேண்டும் மற்றும் 10 இலக்கங்களாக இருக்க வேண்டும்.
form.group.reasonNotApplying.parents,,Why are the mother and father not applying?,මව් සහ පියා ඇතුළු වෙනස් කිරීම් කරනවාද?,அம்மா மற்றும் அப்பா ஏன் விண்ணப்பிக்கவில்லை?
form.preview.group.label.english.name,,Full name in English,ඉංග්‍රීසිෙන් සම්පූර්ණ නම,ஆங்கிலத்தில் முழுப் பெயர்
form.preview.group.label.father.english.name,,Full name,සම්පූර්ණ නම,முழு பெயர்
form.preview.group.label.informant.english.name,,Full name,සම්පූර්ණ නම,முழு பெயர்
form.preview.group.label.mother.english.name,,Full name,පූර්ව නම,முழு பெயர்
form.preview.group.label.sinhala.name,,Full name in Sinhala,සිංහලෙන් සම්පූර්ණ නම,சிங்களத்தில் முழுப் பெயர்
form.preview.group.label.spouse.english.name,,Full name,මෙම අන්තර්ජාල නාමයට පිළිබඳව දත්ත ලබා ගැනීමට අවශ්‍ය නාමයයි.,முழு பெயர்
form.preview.group.label.tamil.name,,Full name in Tamil,දෙමළෙන් සම්පූර්ණ නම,தமிழில் முழுப் பெயர்
form.preview.group.label.witness.one.english.name,,Witness One English name,එක් දුරකථනවාදී උදව්වක්,ஒரு ஆங்கில பெயர் சாட்சி
form.preview.group.label.witness.two.english.name,,Witness Two English name,දෙවනි ඉංග්‍රීසි නමයි,இரண்டு ஆங்கில பெயர் சாட்சி
form.preview.tag.other.institution,,Other institution address,වෙනත් සංළු ලිපිනය,மற்ற நிறுவறின் முகவரி
form.preview.tag.permanent.address,,Usual place of residence,සාමාජික ස්ථානය,வாசிக்கும் இடம்
form.preview.tag.placeOfHeritage,,Place of heritage,ස්ථානයේ ස්ථානය හෝ ස්ථානය,புராண இடம்
form.preview.tag.private.home,,Private home address,පෞද්ගලික නිවසේ ලිපිනය,தனிப்பட்ட வீட்டு முகவரி
form.review.label.mainContact,,Main contact,මූලික සම්බන්ධය,முதல் தொடர்பு
form.section.accountDetails,,Account details,ගිණුම් විස්තරයන්,கணக்கு விவரங்கள்
form.section.assignedRegistrationOffice,,Assign to a registration office,ලියාපදිංචි කිරීමේ කාර්යයට වෙනස් කරන්න,ஒரு பதிவு அலுவலகத்திற்கு ஒதுக்கவும்.
form.section.assignedRegistrationOfficeGroupTitle,,Assigned registration office,පිළිබඳව ලියාපදිංචි කළ කාර්යය,ஒதுக்கிய பதிவு அலுவலகம்
form.section.bride.headOfBrideFamily,,Head of bride's family,මතුගේ පවුල් සහිතව අධිකරණය කරමින්ට,மணமக்களின் குடும்பத்தின் தலைவர்
form.section.bride.name,,Bride,මගේ නාමික නාමය විවාහයෙන් පිටපත් වෙනවා.,மணமக்கள்
form.section.bride.title,,Bride's details,මතුගේ විස්තරවල්,மணமக்களின் விவரங்கள்
form.section.causeOfDeath.name,,Cause of Death,මරණ හේතුව,மரணத்தின் காரணம்
form.section.causeOfDeath.title,,What is the medically certified cause of death?,මධ්‍යස්ථානවල ප්‍රලේඛනය විසින් මධ්‍යස්ථානවල සම්බන්ධතාවය කුමක්ද?,மரணத்தின் மருத்துவம் சான்றிதழ் அல்லது காரணம் என்ன?
form.section.causeOfDeathNotice,,A Medically Certified Cause of Death is not mandatory to submit the declaration. This can be added at a later date.,මරණ සහිතව ස්ථානය පිළිබඳ විශ්‍රාමික හැකියාව ඉදිරිපත් කිරීම අනිවාර්යයි. මෙය පසු දිනකට එක් කළ හැකිය.,மரணத்தின் மருத்துவம் சான்றிதழ் அறிக்கை சமர்ப்பிக்க அவசியமல்லை. இதை பின்னூட்டம் சேர்க்கலாம்.
form.section.child.name,,Child,දරුවන්,குழந்தை
form.section.child.title,,Child's details,දරුවාගේ විස්තරයන්,குழந்தையின் விவரங்கள்
form.section.deathEvent.date,,Date of death,මධ්‍යාත්මක දිනය,மரண தேதி
form.section.deathEvent.name,,Death event details,මරණ සහිත විස්තරයන්,மரண நிகழ்வு விவரங்கள்
form.section.deathEvent.title,,Event details,සිද්ධියේ විස්තර,நிகழ்வின் விவரங்கள்
form.section.deceased.father.name,,What is the deceased's father name?,මියුරුගේ පියාවේ නම කුමක්ද?,இறந்தவரின் தந்தையின் பெயர் என்ன?
form.section.deceased.father.title,,Father's details,පියාවේ විස්තරයන්,அப்பாவின் விவரங்கள்
form.section.deceased.hasSpouse,,Yes,ඔව්,ஆம்
form.section.deceased.mother.name,,What is the deceased's mother name?,මස්මයාගේ නම කුමක් ද?,இறந்தவரின் தாயார் பெயர் என்ன?
form.section.deceased.mother.title,,Mother's details,මව්ගේ විස්තරයන්,தாயின் விவரங்கள்
form.section.deceased.name,,Deceased,මියාගෙන ඇති,மரணமடைந்துள்ளுக்கும்
form.section.deceased.noSpouse,,No / Unknown,නැත / නොදන්නවා,அறியப்படாது
form.section.deceased.relationship,,Relationship to deceased,මස්සාර සම්බන්ධය,இறந்தவருடன் உறவு
form.section.deceased.spouse.name,,Does the deceased have a spouse?,මියෙන් සහිතව සහිතවයිද?,இறந்தவனுக்கு உடனடியாக உண்மையானவன் உண்டாகிறாரா?
form.section.deceased.spouse.title,,Spouse details,සහායෝගී විස්තරයන්,உடன் இருப்பவரின் விவரங்கள்
form.section.deceased.title,,Deceased's details,මසයාගේ විස්තරයන්,இறந்தவரின் விவரங்கள்
form.section.declaration.name,,Declaration,නිවාඩුව,அறிக்கை
form.section.declaration.title,,Declaration details,ප්‍රකාශ විස්තරයන්,அறிக்கை விவரங்கள்
form.section.documents.birth.requirements,,The following documents are required,පසුබිම් ලිපි ප්‍රදේශ වේලාවන් අවශ්‍ය වේ.,பின்வரும் ஆவணங்கள் தேவைப்படுகின்றன
form.section.documents.list.attestedBirthRecord,,"Attested copy of hospital document or birth record, or","රෝහලේ ලේඛනයේ ප්‍රතිපත්ති පොත හෝ උපරිම සත්‍ය වාර්තාවේ ප්‍රතිපත්ති පොත, හෝ","மருத்துவமனை ஆவணத்தின் அங்கீகாரம் அல்லது பிறப்பு பதிவுப் பத்தியின் ஒரு நகல், அல்லது"
form.section.documents.list.attestedVaccination,,"Attested copy of the vaccination (EPI) card, or","විස්තර ප්‍රථිපලයේ (EPI) කාඩයේ ප්‍රභව පිටපතක්, හෝ","தடைசெய்யப்பட்ட தடுப்பூசி (EPI) அட்டையின் பிரமாணப்படுத்தப்பட்ட நகல், அல்லது"
form.section.documents.list.certification,,"Certification regarding NGO worker authorized by registrar in favour of date of birth, or",අනුමත අයවැයෙන් අවසන් දිනය හෝ උපන් දිනය හිමිකරන අංශයෙන් අවසන් දිනය හෝ උපන් දිනය හිමිකරන අයවැය පිළිබඳ එන්නේ නියෝජිත එන්නේ නියෝජිත ආරෝපණය සඳහා ප්‍රලේඛනය.,பிரமாணப் பதிவு எனது பிறந்த தேதிக்கு அனுமதிக்கப்பட்ட NGO பணியாளரை பற்றிய பதிவுத் தொகை பதிவாளர் அனுமதியுடன் பதிவுச் செய்யப்பட்டுள்ளது.
form.section.documents.list.informantAttestation,,"Attestation of the informant, or","නිවේදනගේ තහවුරු සහිතව ඇතිවීමයි, හෝ","தகவல் அறிக்கையின் சான்றிதழ், அல்லது"
form.section.documents.list.otherDocuments,,Attested copy(s) of the document as prescribed by the Registrar,ලියාපදිංචි කිරීමේ අනුවාදය සහිත ලේඛනයේ ප්‍රථිපලය(ගම්භාෂය)ක් ලබා ගත හැකිය.,பதிவுச் சான்றிதழின் நகல்கள் பதிவுநிர்வாகி நிர்வாகம் செய்யப்பட்ட போது அதிகாரியாக உள்ளது.
form.section.documents.name,,Documents,ලේඛන්,ஆவணங்கள்
form.section.documents.paragraphAbove5Years,,For birth registration of births occurring after 5 years the following documents are required:,5 වසර පසින් සිදුවූ උපරිම ලිතියන් සඳහා පහත ලියාපදිංචි ලබා ගත යුතුය:,5 ஆண்டுகளுக்கு பிறந்தது நிரப்பப்பட்ட பிறப்புத் தகவல்களுக்கு பின்னர் கீழே கொடுக்கப்படும் ஆவணங்கள் தேவை:
form.section.documents.paragraphTargetdaysTo5Years,,For birth registration of births occurring within {BIRTH_REGISTRATION_TARGET} days and and 5 years old the following documents are required:,{BIRTH_REGISTRATION_TARGET} දින තුල සිදුවූ උපරිම ලකුණු සඳහා පහත ලබා ගත යුතු ලිපියන්:,{BIRTH_REGISTRATION_TARGET} நாட்கள் உள்ள பிறப்புகளுக்கான பிறப்பு பதிவுக்கு மற்றும் 5 வயது பிறப்புகளுக்கு பின்வரும் ஆவணங்கள் தேவை:
form.section.documents.title,,Upload supporting documents,සහයෝගී ලේඛන් උඩුගත කරන්න,உதவியை பதிவேற்றுக
form.section.documents.uploadImage,,Upload a photo of the supporting document,සහයෝගී ලේඛනයේ ඡායාරූපය උඩුගත කරන්න.,ஆதரவு ஆவணத்தின் புகைப்படத்தை பதிவேற்றவும்.
form.section.father.name,,Father,පියාව,அப்பா
form.section.father.title,,Father's details,පියාවේ විස්තරයන්,அப்பாவின் விவரங்கள்
form.section.grandfather.name,,Details of the Grandfather / Great Grandfather,සීයෙකුගේ / මහා සීයෙකුගේ විස්තර,தாத்தா / பெரிய தாத்தாவின் விவரங்கள்
form.section.groom.headOfGroomFamily,,Head of groom's family,මතුගෙවියේ ස්වාමිපාලනයේ හිමිකරු,மனைவியின் குடும்பத்தின் தலைவர்
form.section.groom.name,,Groom,මිනිස්සු,மணமகன்
form.section.groom.title,,Groom's details,මගේ විවාහකාගේ විස්තරයන්,மணமக்களின் விவரங்கள்
form.section.informant.name,,Informant,සුදුසුදුරන්,அறியப்படும்
form.section.informant.title,,Informant's details,නිවේදනගැනීම්වේලාකාරීතාවක්,தகவல் வழங்குநரின் விவரங்கள்
form.section.information.birth.bullet1,,I am going to help you make a declaration of birth.,මම ඔබට උපරිම උපලේඛනය සාදනවා.,நான் உங்களுக்கு பிறப்பு அறிக்கை உருவாக்க உதவுவேன்.
form.section.information.birth.bullet2,,As the legal Informant it is important that all the information provided by you is accurate.,නීතියෙන් සහිතව ඔබ වෙනස් කළ විස්තර සියලුම විශේෂයෙන් ලබා දෙනා ලදිය හැකිය.,சட்டமன்ற அறிக்கையாளராக உங்கள் வழக்குகள் அனைத்தும் சரியானவை என்று உறுதிப்படுத்தப்படும் முக்கியமாகும்.
form.section.information.birth.bullet3,,Once the declaration is processed you will receive an email to tell you when to visit the office to collect the certificate - Take your ID with you.,"ප්‍රකාශය සැකසීමෙන් පසු, ඔබට සහතිකය ලබා ගැනීමට කාර්යාලයට පැමිණිය යුතු දිනය පිළිබඳව දැනුම්දීමට ඊමේල් පණිවිඩයක් ලැබේ – ඔබගේ හැඳුනුම්පත අරගෙන යන්න.","அறிக்கை செயலாக்கப்பட்டதும், சான்றிதழை பெற்றுக்கொள்ள நீங்கள் அலுவலகம் செல்ல வேண்டிய தேதி குறித்த தகவலுடன் ஒரு மின்னஞ்சல் பெறுவீர்கள் – உங்கள் அடையாள அட்டையை கொண்டு செல்லவும்."
form.section.information.birth.bullet4,,"Make sure you collect the certificate. A birth certificate is critical for this child, especially to make their life easy later on. It will help to access health services, school examinations and government benefits.","තහවුරු කරන්න ඔබට සහයෝගය ලබාගත යුතුය. මෙම ළමයාගේ ජීවිතය පසුගිය වෙනත් කාලයට හොඳින් කරගෙන ඇතියි. එය සෞඛ්‍ය සේවාවන්, පාසලේ පරීක්ෂණ හා රජයේ ලත්වුණු ලබා ගත හැකිය.","சான்றிதழை சேகரிக்க உறுதிப்படுத்துங்கள். இந்த குழந்தைக்கு பிறந்த சான்றிதழ் முக்கியம், குறிப்பாக அவர்கள் பின்னணியம் பெற உதவும். இது சுகாதார சேவைகளை, பள்ளி தேர்வுகளை மற்றும் அரசு நன்குலுக்களை அணுக உதவும்."
form.section.information.death.bullet1,,I am going to help you make a declaration of death.,මම ඔබට මරයාගේ ප්‍රකාශය සාදනවා.,நான் உங்களுக்கு மரணத்தை அறிக்கை செய்ய உதவுவேன்.
form.section.information.death.bullet2,,As the legal Informant it is important that all the information provided by you is accurate.,වාර්තාවේ ප්‍රදේශීය පුද්ගලයාගේ ලේඛනය සහිතව ඔබ සපයන සියලු තොරතුරු සැකසුම් විය හැකිය.,சட்டமன்ற அறிக்கையாளராக உங்கள் வழக்குகள் அனைத்தும் சரியானவை என்று உறுதிப்படுத்தப்படும் முக்கியமாகும்.
form.section.information.death.bullet3,,Once the declaration is processed you will receive an email to tell you when to visit the office to collect the certificate - Take your ID with you.,නිවේදනය සැකසුම් කර ඇත්තේ ඔබට සහාය ලැබීමට කොටස පිළිබඳ ඔබට ඊමේල් ලිපියක් ලැබේදැයි ඔබට කොටස ප්‍රවේශ කිරීමට කුමක් දියුණු කරනු ඇත - ඔබගේ හැඳුනුම් සහිතව එය එකතු කරන්න.,"பிரகாரம் அறிக்கை செயலாக்கப்பட்ட பின்னர், உங்களுக்கு சான்றிதழை பெற அலுவலகத்தை அணுக எப்போது வர வேண்டும் என்று தெரிவிக்கும் மின்னஞ்சல் உங்களுக்கு அனுப்பப்படும் - உங்கள் ஐடி உங்களுடைய கூட்டுத்தாவரை எடுத்துக்கொள்ளுங்கள்."
form.section.information.death.bullet4,,Make sure you collect the certificate. A death certificate is critical to support with inheritance claims and to resolve the affairs of the deceased e.g. closing bank accounts and setting loans.,තහවුරු ලබාගන්නේ සියලුම ප්‍රවේශ අයිතියන් සහ මස්පිලියේ ප්‍රවේශ අයිතියන් සඳහා මුදල් අයිතියන් සහිත කිරීම සඳහා මරණ සහිත ප්‍රවේශ පසු ලබාගැනීම සඳහා අත්සන් ලබාගන්න.,"சான்றிதழை சேகரிக்க உறுதிப்படுத்துங்கள். ஒரு இறப்பு சான்றிதழ் பிரதிபாரப்பு கோரிக்கைகளை ஆதரிக்க முக்கியமாகும் மற்றும் இறப்பவரின் சம்பளங்களை முடிக்க, வங்கி கணக்குகளை மூடுவதும் மற்றும் கடன்களை அமைத்துவைக்க உதவும்."
form.section.information.name,,Information,තොරතුරු,தகவல்
form.section.label.timePeriodLast30Days,Label for option of time period select: last 30 days,Last 30 days,අවසන් 30 දිනයන්,கடந்த 30 நாட்கள்
form.section.label.timePeriodLast7Days,Label for option of time period select: last 7 days,Last 7 days,අවසන් 7 දිනයන්,கடந்த 7 நாட்கள்
form.section.label.timePeriodLast90Days,Label for option of time period select: last 90 days,Last 90 days,අවසන් 90 දිනයන්,கடந்த 90 நாட்கள்
form.section.label.timePeriodLastYear,Label for option of time period select: last year,Last year,පසුගිය වසරයේ,கடந்த ஆண்டு
form.section.marriageEvent.date,,Date of marriage,විවාහයේ දිනය,திருமண தேதி
form.section.marriageEvent.name,,Details of marriage,විවාහයේ විස්තරයන්,திருமண விவரங்கள்
form.section.marriageEvent.title,,Marriage details,විවාහක විස්තරයන්,திருமண விவரங்கள்
form.section.mother.name,,Mother,මව්බිම්බුවා,தாய்
form.section.mother.title,,Mother's details,මව්ගේ විස්තරයන්,தாயின் விவரங்கள்
form.section.primaryCaregiver.nameOrTitle,,Parents details,තෙරුණු විස්තරයන්,பெற்றோர் விவரங்கள்
form.section.upload.documentsName,,Documents Upload,ලේඛන් උඩුගත කිරීම,ஆவணங்களை பதிவேற்றுக்கவும்.
form.section.upload.documentsTitle,,Upload supporting documents,සහයෝගී ලේඛන් උඩුගත කරන්න.,உதவியுரையை பதிவேற்றுக
form.section.user.preview.title,,Confirm details,විස්තර තහවුරු කරන්න,விவரங்களை உறுதிசெய்
form.section.user.title,,Create new user,නව පරිශීලකයාට සාදන්න,புதிய பயனரை உருவாக்கவும்.
form.section.userDetails,,User details,පරිශීලක විස්තරයන්,பயனர் விவரங்கள்
form.section.witnessOne.name,Form section name for Witness one,Witness 1,සාකච්ඡාව 1,சாட்சி 1
form.section.witnessOne.title,,Witness 1 details,මෙම විශේෂයා 1 විස්තරයන්,சாட்சி 1 விவரங்கள்
form.section.witnessTwo.name,Form section name for Witness two,Witness 2,සාදකයා 2,சாட்சி 2
form.section.witnessTwo.title,,Witness 2 details,මෙම විස්තර 2 විස්තරයක් සඳහායි,2 விவரங்களை காண்பிக்கவும்
home.header.advancedSearch,Search menu advanced search type,Advanced Search,ප්‍රදාන සෙවුම,மேம்பட்ட தேடல்
home.header.email,Search email type,Email,ඊ-මොලය,மின்னஞ்சல்
home.header.helpTitle,Help title,Help,උදව්ථනය කරන්න,உதவுங்கள்
home.header.localSystemAdmin,The description for Sysadmin role,Local System Admin,දේශීය පද්ධති කළමනාකාරවරයා,உள்ளூர் அமைப்பு நிர்வாகி
home.header.nationalId,Search menu national ID type,National ID,ජාතික හැඳුනුම්පත,தேசிய ஐடி
home.header.placeHolderBrnDrn,Search menu brn drn place holder,Search for a BRN/DRN,BRN/DRN සෙවීමට යන්න,BRN/DRN தேடுக
home.header.placeHolderEmail,Search menu email place holder,Search for an email.,ඊමේල් සෙවීම කරන්න.,ஒரு மின்னஞ்சலை தேடுக.
home.header.placeHolderId,,Search for an ID,අංකය සෙවීම,ஒரு ஐடி தேடுக
home.header.placeHolderNationalId,Search menu national ID place holder,Search for a national ID.,ජාතික හැඳුනුම් සෙවීම කරන්න.,தேசிய ஐடி தேடுக.
home.header.placeHolderPhone,Search menu phone no place holder,Search for a phone no.,දුරකථන අංකය සොයන්න.,ஒரு தொலைபேசி எண்ணை தேடுகிறது.
home.header.placeHolderTrackingId,Search menu tracking id place holder,Search for a tracking ID,දල්ෆ්ලෝඩ් අංකය සොයන්න,ஒரு டிராக்கிங் ஐடி தேடுக
home.header.placeholderName,Search menu name placeholder,Search for a name,නම සොයන්න,ஒரு பெயரை தேடுக
home.header.settingsTitle,settings title,Settings,සැකසුම්,அமைப்புகள்
home.header.systemTitle,System title,System,පද්ධතිය,அமைப்பு
home.header.teamTitle,Team title,Team,කණ්ඩායම,குழு
home.header.typeName,Search menu name type,Name,නම,பெயர்
home.header.typePhone,Search menu phone no type,Phone no.,දුරකතන අංකය.,தொலைபேசி எண்.
home.header.typeRN,Search menu brn drn type,Registration no.,ලියාපදිංචි අංකය.,பதிவு எண்.
imageUploadOption.upload.documentType,Show error message if the document type is not selected,Please select the type of document first,කරුණාකර පළමුව ලියාපදිංචි වීමේ වර්ගය තෝරන්න.,முதலில் ஆவண வகையைத் தேர்ந்தெடுக்கவும்.
imageUploadOption.upload.error,Show error messages while uploading,File format not supported. Please upload a .png or .jpg (max {maxSize}mb),ගොනු ආදාන නොවේ. කරුණාකර .png හෝ .jpg උඩුගත (උපරිම {maxSize}mb),கோப்பு வடிவம் ஆதரிக்கப்படவில்லை. தயவுசெய்து .png அல்லது .jpg கோப்பை பதிவேற்றவும் ({maxSize}mb வரை)
imageUploadOption.upload.imageFormat,Show error message if the selected image type is not supported,File format not supported. Please upload a .png or .jpg (max {maxSize}mb),ගොනුවේ ආදාන ආකෘතිය සහිත නොවේ. කරුණාකර .png හෝ .jpg ගොනුවක් උඩුගත කරන්න ({maxSize}mb අධික ප්‍රමාණයක් අඩු),கோப்பு வடிவம் ஆதரிக்கப்படவில்லை. தயவுசெய்து .png அல்லது .jpg கோப்பை பதிவேற்றவும் ({maxSize}mb வரை)
imageUploadOption.upload.overSized,Error message for Attachment size greater than defined max size.,File is too large. Please upload a file less than {maxSize}mb,ගොනුව ඉතා දිගු වේ. {maxSize}mb හෝ එමනිසා වැඩි ගොනුවක් උඩුගත කරන්න.,கோப்பு பெரியது. {maxSize}mb க்குக் குறைந்த அளவில் கோப்பை பதிவேற்றவும்.
informant.name,Informant section name,Informant,සුදුසුදුවන්,அறிக்கையாளர்
informant.title,Informant section title,Informant type,සුදුසුකරු වර්ගය,அறிக்கையாளர் வகை
integrations.activate,Label for activate option,Activate,ක්‍රියාකරන්න,செயலாக்குக
integrations.activate.client,Label for activate client option,Activate client?,ක්ලයන්ට් සක්‍රීට් කරනවා?,வாடிக்கையாளரை செயலாக்கவா?
integrations.activate.status,Label for activate client,Client activated,ක්ලයන්ට් සක්‍රීක්කා විය,வாடிக்கையாளர் செயலாக்கப்பட்டார்
integrations.activatetext,This will activate the client,This will activate the client,මෙය ප්‍රස්තාවන්දෙන්නේ ස්ථානයට සම්බන්ධ කරනවා.,இது வாடிக்கையாளரை செயலாக்கும்.
integrations.active,Label for active integration,Active,ක්‍රියාත්මකයි,செயலில் உள்ளேயே
integrations.birth,Label for birth,Birth,උපන්දිනය,பிறப்பு
integrations.childDetails,Label for child details,Child's details,දරුවාගේ විස්තරයන්,குழந்தையின் விவரங்கள்
integrations.childDetailsNoPII,Label for child details no PII,Childs Details (No PII),දරුවාගේ විස්තර (පින්තූර නොවේ),குழந்தையின் விவரங்கள் (சகோதரன் அல்ல)
integrations.client.type,Label for type of client,Type,ටයිප් කරන්න.,வகை
integrations.clientId,Label for client Id,Client ID,Client ID,Client ID
integrations.clientSecret,Label for client secret,Client secret,Client secret,Client secret
integrations.copy,Label for the text Copy,Copy,පිළිගන්න,நகல்
integrations.createClient,Label for the button creating client,Create client,ප්‍රජාව නිර්දේශයක් සෑදීම,வாடிக்கையாளரை உருவாக்கவும்
integrations.deactivate,Label for deactivate option,Deactivate,අක්‍රමවලින් අක්‍රමවලින් කරන්න,முடக்கு
integrations.deactivate.client,Label for deactivate client option,Deactivate client?,ප්‍රායෝගය අක්‍රීය කරනවාද?,வாடிக்கையாளரை நிராகரிக்க வேண்டுமா?
integrations.deactivate.status,Label for deactivate client,Client deactivated,ක්ලයන්ට් අක්තිය කරයි,வாடிக்கையாளர் முடக்கப்பட்டார்
integrations.deactivatetext,This will deactivate the client,This will deactivate the client,මෙය ප්‍රස්ථාරයෙන් ඉවත් කරනවා,இது வாடிக்கையாளரை முடக்கும்.
integrations.death,Label for death,Death,මරණය,மரணம்
integrations.deathEventDetails,Label for death event details,Death event details,මරණ සිද්ධි විස්තරයන්,மரண நிகழ்வு விவரங்கள்
integrations.deceasedDetails,Label for Deceased details,Deceased's details,මසයාගේ විස්තරයන්,இறந்தவரின் விவரங்கள்
integrations.delete,Label for delete option,Delete,මකන්න,நீக்குக
integrations.deleteSystemMsg,Label for system deletion success message,System has been deleted successfully,සිසුන්ගේ නම {name} සාර්ථකව මකා දමන ලදි.,அமைப்பு வெற்றிகரமாக நீக்கப்பட்டுள்ளது
integrations.deleteSystemText,Label for system delete description,This will delete the system,මෙය පද්ධතිය මකා දෙනවා,இது அமைப்பை நீக்கும்.
integrations.disable,Label for disable option,Disable,අක්‍රීය කරන්න,முடக்கு
integrations.documentDetails,Label for document details,Document details,ලේඛන විස්තරයන්,ஆவண விவரங்கள்
integrations.enable,Label for enable option,Enable,ක්‍රියාකාරීත්වය සක්‍රිය කරන්න,செயல்படுத்து
integrations.error,Label for error option,Something went wrong,කුමක් වැරදියි,ஏதோ தவறு ஏற்பட்டுள்ளது
integrations.eventNotificationDescription,Label for  health notification description,"An event notification client (eg. hospital) can send a partial notification or a full declaration of a birth or death in the HL7 FHIR standard to OpenCRVS for processing. For more information, visit:","එන් එන් දෙනාට දැන්වීම් සේවාදායකය (උපතේරු) HL7 FHIR සම්මත අනුපාත හෝ මූලික දැන්වීම් යවන්නේ OpenCRVS සඳහා ප්‍රවේශ කිරීමට ප්‍රවේශ හෝ මූලික ප්‍රකාශයක් යවන්න. තවත් විස්තර සඳහා, පිළිගත් වෙබ් අඩවියට පිවිසෙන්න:","ஒரு நிகழ்வு அறிவிப்பு வாடிக்கையாளர் (எக். hospital) HL7 FHIR நிலையில் OpenCRVS க்கு செயலாக்கம் செய்ய ஒரு பகுதி அறிவிப்பு அல்லது பிறப்பு அல்லது மரணத்தின் முழு அறிவிப்பை அனுப்பலாம். மேலும் தகவலுக்கு, பார்க்க:"
integrations.fatherDetails,Label for fathers details,Father's details,පියාවේ විස්තරයන්,அப்பாவின் விவரங்கள்
integrations.fatherDetailsNoPII,Label for fathers details no PII,Fathers Details (No PII),පියාසරුවාගේ විස්තර (පින් ඇති තොරතුරු),தந்தையின் விவரங்கள் (தனிப்பட்ட தரவுகள் இல்லை)
integrations.inactive,Label for inactive integration,Inactive,අක්‍රීයයි,செயலில்லா
integrations.informantDetails,Label for informant details,Informant's details,නිවේදනගැනීම්වේලාකාරීතාව,தகவல் வழங்குநரின் விவரங்கள்
integrations.informantDetailsNoPII,Label for informant details no PII,Informant Details (No PII),සොයාගැනීමේ විස්තර (පින්තූර නොවේ),அறிக்கையாளர் விவரங்கள் (தனிப்பட்ட தரவுகள் இல்லை)
integrations.integratingSystemType,Label for integrating system type,System,පද්ධතිය,அமைப்பு
integrations.integratingSystemTypeAlertMosip,Label for alert when selecting MOSIP type,"When ""MOSIP"" National ID type is enabled, all forms require MOSIP E-Signet authentication. The MOSIP Token Seeder and OpenCRVS webhook compatible MOSIP Mediator must be installed. For more information, visit:","""MOSIP"" ජාල හැකියාව සක්‍රීය වූ සියලු ආඵදන ආශාවන්ට MOSIP E-Signet සලකා තිබේ. MOSIP Token Seeder සහ OpenCRVS webhook අත්විදිවීම සම්බන්ධ MOSIP Mediator ස්ථානය ස්ථාපනය කළ යුතුය. තවත් විස්තර සඳහා, පිළිබඳව පිළිතුරු සඳහා:","""MOSIP"" தேசிய ஐடி வகை இயக்கப்பட்டால், அனைத்து படிவங்களும் MOSIP E-Signet அங்கீகாரத்தை தேவைப்படுகின்றது. MOSIP டோக்கன் சீடர் மற்றும் OpenCRVS webhook உட்பொதிக்கும் MOSIP மீடியேட்டர் நிறுவப்பட வேண்டும். மேலும் தகவலுக்கு, பார்க்க:"
integrations.integratingSystemTypeAlertOsia,Label for alert when selecting OSIA type,"When ""OSIA"" National ID is enabled, birth use case compatible endpoints will be enabled. For more information, visit:","When ""OSIA"" National ID is enabled, birth use case compatible endpoints will be enabled. For more information, visit:","When ""OSIA"" National ID is enabled, birth use case compatible endpoints will be enabled. For more information, visit:"
integrations.integratingSystemTypeAlertOther,Label for alert when selecting other type,"When ""Other"" National ID is enabled, the default OpenCRVS National ID webhook mediator must be installed. For more information, visit:","""අනිර්භාවික"" ජාතික හැඳුනුම්පත සක්‍රීය වූ සිට, පෙරනිමි OpenCRVS ජාතික හැඳුනුම්පත වෙබ්‌හුක් මැඩියේටරය ස්ථිර කළ යුතුය. වැඩි විස්තර සඳහා, පිළිබඳව පිළිතුරු සක්‍රීයකරන්න:","""பிற தேசிய ஐடி"" செயலாக்கப்பட்டால், இயல்புநிலையாக OpenCRVS தேசிய ஐடி வெப்‌ஹூக் மீடியேட்டர் நிறுவப்பட வேண்டும். மேலும் தகவலுக்கு, பார்க்க:"
integrations.integratingSystemTypeMosip,"Integrating system type option ""MOSIP"",""MOSIP",MOSIP,MOSIP,MOSIP
integrations.integratingSystemTypeOsia,"Integrating system type option ""OSIA"",""OSIA (Coming soon)",OSIA (Prochainement),OSIA (සිටින්නේ එයි),OSIA (விரைவில்)
integrations.integratingSystemTypeOther,"Integrating system type option ""Other"",""Other",Autres,අතවිදිනයේ,மற்றவை
integrations.label,Label,Label,ලේබල්,லேபிள்
integrations.loading,Label for loading option,Loading,පූරණය වෙමින් පවතින්න,ஏற்றுகிறது
integrations.motherDetails,Label for mothers details,Mother's details,මව්ගේ විස්තරයන්,தாயின் விவரங்கள்
integrations.motherDetailsNoPII,Label for mothers details no PII,Mothers Details (No PII),මව්වේ විස්තර (පින්තූර නොවේ),தாயின் விவரங்கள் (தனிப்பட்ட தரவுகள் இல்லை)
integrations.name,Label for name input,Name,නම,பெயர்
integrations.nationalIDName,Label for name input for National ID,Name,නම,பெயர்
integrations.nationalidAlertDescription,,"A National ID client (eg. MOSIP) can react to birth or death webhooks to create or invalidate NID numbers, and respond to OpenCRVS to provide a temporary ID to children, and link vital events to each other. For more information, visit:","A National ID client (eg. MOSIP) can react to birth or death webhooks to create or invalidate NID numbers, and respond to OpenCRVS to provide a temporary ID to children, and link vital events to each other. For more information, visit:","A National ID client (eg. MOSIP) can react to birth or death webhooks to create or invalidate NID numbers, and respond to OpenCRVS to provide a temporary ID to children, and link vital events to each other. For more information, visit:"
integrations.newIntegrationDescription,Description to help user fill name and type of a new integration client,Add a unique name and select the type of client you would like to create,එක් විශේෂ නමක් එක් කරන්න හා ඔබට නිවැරදි ප්‍රජාවගේ වර්ගය තෝරන්න,ஒரு தனிப்பட்ட பெயரை சேர்க்கவும் மற்றும் உங்கள் உரிமையாளர் வகையைத் தேர்ந்தெடுக்கவும்.
integrations.otherAlertDescription,,...Please visit,...කරුණාකොට පිවිසෙන්න.,...தயவுசெய்து அடையாளம் செல்லவும்
integrations.pageIntroduction,Label for the text integration page intorduction,"For each new client that needs to integrate with OpenCRVS you can create unique client IDs. A number of integration use cases are currently supported, based on both API and webhook technologies.",OpenCRVS සමඟ ඒකාබද්ධ විය යුතු නව ප්‍රසිද්ධියක් සඳහා ඔබට විශ්වාස අංකයන් නිර්මාණය කළ හැක. API සහ webhook තාක්ෂණ තාක්ෂණ පදනම් පරිදි සහභාගී වේ.,OpenCRVS உடன் ஒதுக்கீடு செய்ய வேண்டும் புதிய வாடிக்கையாளருக்கான உனிக்கள் வாடிக்கையாளர் ஐடிகளை உருவாக்கலாம். API மற்றும் webhook தொழில்முறைகளின் அடிப்படையில் பல ஒதுக்கீடு பயன்படுத்துபவை தற்போது ஆதரிக்கப்படுகின்றன.
integrations.pageTitle,Title for integrations page,Integrations,ඒකාබද්ධකවරුන්,ஒருவர் பெயர் {name} ஆகும்.
integrations.recordSearchDescription,Label for  record search description,"A Record search client can perform an advanced search on OpenCRVS data. For more information, visit:","රාජ්‍ය සෙළුන් සෙළුන් ලැයිස්තුවේ දත්ත සෙළුන් ඉහල සෙළුන් සෙවීම ක්‍රියාත්මක කළ හැක. තවත් විස්තර සඳහා, පිළිබඳව පිළිබඳව පිළිබඳව:","ஒரு பதிவு தேடுபர் OpenCRVS தரவுகளில் மேம்பட்ட தேடலை செய்யலாம். மேலும் தகவலுக்கு, பார்க்க:"
integrations.registrationDetailsnNoPII,Label for registration details no PII,Registration Details (No PII),ලියාපදිංචි වීමේ විස්තර (පුද්ගලික තොරතුරු නොමැත),பதிவு விவரங்கள் (தனிப்பட்ட தரவுகள் இல்லை)
integrations.revealKeys,Label for reveal keys option,Reveal Keys,Reveal Keys,Reveal Keys
integrations.shaSecret,Label for SHA secret,SHA secret,SHA රහස,SHA ரகசியம்
integrations.supportingDescription,,Supporting description to help user make a decision and navigate the content,පරිශීලකයට තවත් තීරණය කිරීමට හා අන්තර්ගතය පිළිබඳ පිළිබඳව උපකාරක සහිතව අගයන්නේ කෙසේද යන්න පහතින් පෙළ දැක්වීමයි.,பயனர் ஒரு முடிவு எடுக்க மற்றும் உள்ளடக்கத்தை சேர்க்க உதவும் விளக்கம்
integrations.type.eventNotification,Label for event notification,Event notification,සෘජුවේ දැනුම,நிகழ்ச்சி அறிக்கை
integrations.type.healthSystem,Label for health system type,Health integration,සෞඛ්‍ය ඒකකයන්ගේ ඒකාබද්ධතාව,ஆரோக்கியம் ஒருங்கிணைப்பு
integrations.type.nationalId,Label for national id,National id,ජාතික හැඳුනුම්පත,தேசிய ஐடி
integrations.type.recordSearch,Label for record search,Record search,ලියාපදිංචියට පිවිසෙන්න,பதிவு தேடல்
integrations.type.webhook,Label for web hook,Webhook,වෙබ්හුක්,வெப்ஹுக்
integrations.uniqueKeyDescription,Label for the unique key description,These unique keys will be required by the client integrating...,මෙම විශේෂ යතුරු අගයන් අගයන් සැකසුම් කිරීම සඳහා ප්‍රකාශ කරන්නේ අවශ්‍ය වේ...,இந்த உயரிய விசைகள் {officeName} உள்ளிடும் வாங்குபவருக்கு தேவையாகும்.
integrations.updatePermissionsMsg,Label for update permissions message,Permissions update successfully,අවසන් අවසන් සංවේදී කරන ලදි.,அனுமதிகள் வெற்றிகரமாக புதுப்பிக்கப்பட்டன
integrations.webhook.PII,Label for PII,Include PII data,PII දත්ත අත්හිටුවන් ඇතුළත් කරන්න.,PII தரவை சேர்க்கவும்
integrations.webhookDescription,label for webhook client,"A Webhook client can subscribe to be notified upon a birth or death registration following W3C WebSub standards. For more information, visit:","වෙබ්හුක් පාදකය විසින් W3C WebSub සම්මත අන්තර්ගත හෝ මරණ ලියාපදිංචි විස්තර සඳහා පිවිසුමට ලැබේ. වැඩි විස්තර සඳහා, පිවිසුමට පිවිස් කරන්න:","ஒரு வெப்ஹுக் கிளையன்ட் W3C WebSub தரத்தின் பின்னியல் அல்லது மரண பதிவுக்கு சென்று அறிவிக்கப்பட முடியும். மேலும் தகவலுக்கு, இங்கே செல்க:"
integrations.webhookPermissionsDescription,Webhook description above permissions,Select the data you wish to be contained within the webhook payload,වෙබ්‌හුක් පේලෝඩ් ප්‍රස්ථාරයේ අත්සන් කිරීමට ඔබට අවශ්‍ය දත්‌වල් තෝරන්න.,நீங்கள் வெப்‌ஹுக் பாத்தியில் உள்ளதாக விரும்பும் தரவுகளைத் தேர்ந்தெடுக்கவும்.
misc.confirmPinTitle,The title displayed while creating a PIN,Confirm PIN,පිනය තහවුරු කරන්න,பின் உறுதிப்படுத்தவும்
misc.createDescription,The description displayed while creating a PIN,Choose a PIN that doesn't have 4 repeating digits or sequential numbers,4 න් අතිරික්ෂේප සංඛ්‍යාවක් හෝ ක්‍රමාන්ත සංඛ්‍යාවක් නොමැති PIN එක තෝරන්න.,4 மீது மீண்டும் பொருத்தமாக இருக்கும் அல்லது அரட்டை எண்களை கொண்ட பீனை தேர்ந்தெடுக்கவும்.
misc.createTitle,The title displayed while creating a PIN,Create a PIN,පිනක් නිර්මාණය කරන්න,ஒரு பின் உருவாக்கவும்.
misc.description.Complete,Description for review action component when complete declaration,The informant will receive an email with a registration number that they can use to collect their certificate.,සොයාගැනීමේ දැනුම්දුමේ අයිමේ අංකය ලබා ගත් ඊමේල් එක ලබා ගන්නා ලදි. එයට තහවුරු කිරීම සඳහා ඔවුන් ලබා ගන්න හැකි සහතිකයක් භාවිතා කළ හැකිය.,தகவல் வழங்குநர் தாங்கள் தங்கள் சான்றிதழை பெற பயன்படுத்த முடியும் பதிவு எண்ணைக் கொண்ட மின்னஞ்சல் பெறும்.
misc.description.inComplete,,Please add mandatory information before sending for approval.,අනිවාර්ය තොරතුරු එක් කරන්නේ අනික් අනිවාර්යයි.,அனுமதிக்கு அனுமதி அனுப்பும் முன் கட்டாய தகவலை சேர்க்கவும்.
misc.newPass.header,New Password header,Choose a new password,නව මුරපදයක් තෝරන්න,ஒரு புதிய கடவுச்சொல் தேர்ந்தெடுக்கவும்
misc.newPass.instruction,New Password instruction,"Create a unique password - one that you don't use for other websites or applications. A secure and easy to remember passphrase could include three random words, while avoiding the use of personal info.",වෙනත් වෙබ් හෝ යෙදුම් සඳහා භාවිතා කරන නොවේ එකක් නොමැති මුරපදයක් නිසා අතිරික්තයක් නොවේ. ආරක්ෂිත සහ අභිරහස් කිරීමෙන් පහසු සහ අභිරහස් පරික්ෂා කිරීමට පහසු සහ අභිරහස් පරික්ෂා කිරීමට පහසු සහ පෞද්ගලික තොරතුරු භාවිතා කිරීම ඉක්මන් වේගයෙන් තිබේ.,"ஒரு வேறுபட்ட கடவுச்சொல் உருவாக்கவும் - பிற இணையதளங்கள் அல்லது பயன்பாடுகளுக்கு பயன்படுத்தாத ஒன்றை உருவாக்கவும். ஒரு பாதுகாப்பான மற்றும் நினைவகமான பாச்பேர்டு மொழிபெயர்க்கு மூன்று தவறான வார்த்தைகளை சேர்க்கலாம், ஆனால் தனித்தனியான தகவலைப் பயன்படுத்தாதபடி அவதிப்படுத்தவும்."
misc.nidCallback.authenticatingNid,Label for nid authention ongoing phase,Authenticating National ID,ජාතික හැඳුනුම් හඳුනාවන්ගේ සත්කාරකයන්ට සත්කාරක කිරීම,தேசிய ஐடி சான்றிதழ் சரிபார்க்கின்றது
misc.nidCallback.failedToAuthenticateNid,Label for nid authention failed phase,Failed to authenticate National ID,ජාතික හැඳුනුම් සංතීරු කිරීම අසාර්ථක විය.,தேசிய ஐடி உறுதிப்படுத்த தோல்வியடைந்தது
misc.notif.declarationsSynced,The message that appears in notification when background sync takes place,"As you have connectivity, we can synchronize your declarations.","ඔබට සම්බන්ධතාවය ඇත්නම්, අපව ඔබගේ වාර්තා සපයා ගැනීමට හැකිය.","உங்களுக்கு இணைப்பு இருந்தால், உங்கள் அறிக்கைகளை ஒத்திசைக்கலாம்."
misc.notif.draftsSaved,The message that appears in notification when save drafts button is clicked,Your draft has been saved,ඔබගේ පාඨමාලා සුරකින්නේ සුරකින්නේ,உங்கள் வரையறை சேமிக்கப்பட்டுள்ளது.
misc.notif.duplicateRecord,Label for when a duplicate record is detected when registering a record.,{trackingId} is a potential duplicate. Record is ready for review.,{trackingId} වෙනස් විය හැකිය. විස්තරය සඳහා පිටුව සූදානම් කර ඇත.,{trackingId} ஒரு சாத்தியமான நகல் ஆகவேண்டும். பதிவு மதிப்பீடுக்கு தயார் உள்ளது.
misc.notif.emailAllUsersError,Label for Email all users error toast,Only one email can be sent per day,දිනයක් එකට එක ඊමේල් යවන හෝටියේ හිමිකරු විය හැකිය.,ஒரு நாளில் ஒரு மின்னஞ்சல் மட்டும் அனுப்பலாம்.
misc.notif.emailAllUsersSuccess,Label for Email all users success toast,Email sent to all users,සියලුම භාවිතයට ඊමේල් යවන ලදි.,அனைத்து பயனர்களுக்கும் அனுப்பப்பட்ட மின்னஞ்சல்
misc.notif.offlineError,The message that appears in notification when a new user creation fails in offline mode,Offline. Try again when reconnected,නොයෙදුණු. නැවත සම්බන්ධ විය යුතු වේ.,ஆஃப்லைனில். மீண்டும் இணைந்த போது முயற்சிக்கவும்.
misc.notif.onlineUserStatus,Label for online user status toast notification,You are back online,ඔබ නැවත නියමිත වී ඇත්දැයි අන්තර්ජාලයට පිවිසීමට ඇත්තේ.,நீங்கள் ஆன்லைனில் மீண்டும் வருகின்றீர்கள்.
misc.notif.outboxText,Declaration outbox text,Outbox ({num}),පිටුවෙහි ({num}),வெளியேற்று ({num})
misc.notif.processingText,Declaration processing text,{num} declaration processing...,{num} පවතින සාර්ථකව සැකසුම් කිරීම...,{num} அறிக்கை செயலாக்கம்...
misc.notif.sorryError,The message that appears in notification when a new user creation fails,Sorry! Something went wrong,සමාවරක්! දෝෂයක් හඩන්නේ නැත,மன்னிக்கவும்! ஏதேனும் தவறு ஏற்பட்டுள்ளது.
misc.notif.unassign,Label for unassigned toast notification,You were unassigned from {trackingId},ඔබ {trackingId} වෙනස් කළ දුන්නේයි,{trackingId} இலிருந்து நீங்கள் அணுகப்படவில்லை.
misc.notif.updatePINSuccess,Label for update PIN success notification toast,Your pin has been successfully updated,ඔබගේ පින් සාර්ථකව යාවත්කාලීන කරන ලදි.,உங்கள் பின் வெற்றிகரமாக புதுப்பிக்கப்பட்டுள்ளது.
misc.notif.userAuditSuccess,Label for user audit success notification,"{name} was {action, select, DEACTIVATE {deactivated} REACTIVATE {reactivated} other{deactivated}}",{name} වෙනස් කරන ලදි.,{name} முடக்கப்பட்டார்
misc.notif.userFormSuccess,The message that appears in notification when a new user is created,New user created,නව භාවිතයෙන් නියමිත විශේෂයක් නිර්මාණය විය,புதிய பயனர் உருவாக்கப்பட்டார்
misc.notif.userFormUpdateSuccess,The message that appears in notification when user details have been updated,User details have been updated,පරිශීලක විස්තරයන් යාවත්කාලීන කරන ලදි,பயனர் விவரங்கள் புதுப்பிக்கப்பட்டுள்ளன.
misc.pinMatchError,The error displayed if PINs don't match,PIN code did not match. Please try again.,පින අංකය ගැලපෙන්නේ නැත. නැවත උත්සහා කරන්න.,பிண் குறியீடு பொருந்தவில்லை. மீண்டும் முயற்சி செய்க.
misc.pinSameDigitsError,The error displayed if PIN contains 4 same digits.,PIN cannot have same 4 digits,පිනක් එක් සංඛ්‍යානයක් එක් සංඛ්‍යානයක් නොවේ.,பிஐஎன் ஒரே 4 இலக்கங்களை கொண்டிருக்க முடியாது
misc.pinSeqDigitsError,The error displayed if PIN contains sequential digits.,PIN cannot contain sequential digits,පිනක් ක්‍රමාංශ අංක ස්ථානවලින් නොසිටියි,பிஐஎன் தொடர்ச்சிக் குறிகளை கொண்டிருக்க முடியாது
misc.reEnterDescription,,Let's make sure we collected your PIN correctly,ඔබගේ පින් නිවැරදිව අපි එකතු කරබලා නැද්දේ නෑ?,உங்கள் PIN சரியாக சேர்த்துக்கொள்ள உங்கள் பின்னூட்டத்தை உறுதிப்படுத்துவோம்.
misc.reEnterTitle,The title displayed while creating a PIN,Re-enter your PIN,ඔබගේ PIN නැවත ඇතුලත් කරන්න,உங்கள் PIN மீண்டும் உள்ளிடவும்.
misc.session.expired,SessionExpire modal confirmation text,Your session has expired. Please login again.,ඔබගේ සැසිය අවසන් විය. කරුණාකර නැවත ලොග් වන්න.,உங்கள் அமரவு காலாவதியானது. மீண்டும் உள்நுழையவும்.
misc.title.declarationStatus,Title for review action component,Send for approval,අනුමත කිරීම සඳහා යවන්න,அனுமோனத்தைப் பெறுங்கள்
nationality.ABW,,Aruban,අරුබාන්,அருபன்
nationality.AFG,,Afghan,ඇෆ්ගනිස්ට්,ஆப்கான்
nationality.AGO,,Angolan,අංගෝලාන්,அங்கோலா
nationality.AIA,,Anguillan,ඇන්ගුයිලාන්,அங்கிலான்
nationality.ALA,,Åland Islander,ඕලන්ඩ් දූපත්තා,ஆலந்து தீவுவாசி
nationality.ALB,,Albanian,ඇල්බේනියාන්,அல்பேனியன்
nationality.AND,,Andorran,අන්ඩොරාවාන්,ஆண்டோரான்
nationality.ARE,,Emirati,එමිරාටි,எமிராதி
nationality.ARG,,Argentine,ආර්ජන්ටිනාවේ,அர்ஜென்டைன்
nationality.ARM,,Armenian,ආර්මේනියන්,ஆர்மேனியன்
nationality.ASM,,American Samoan,ඇමරිකානු සැමෝවානු,அமெரிக்க சமோவான்
nationality.ATA,,Antarctic,අන්ටාර්ක්ටික්,அண்டார்டிக்
nationality.ATF,,French Southern,පිටවුන් සූදුරුවන්,பிரான்சிய தெற்கு
nationality.ATG,,Antiguan/Barbudan,ඇන්ටිගුවාන්/බාර්බුඩාන්,அண்டிகுவா/பார்புடான்
nationality.AUS,,Australian,ඔස්ට්‍රේලියානු,ஆஸ்திரேலியன்
nationality.AUT,,Austrian,ඔස්ට්‍රියානු,ஆஸ்திரியன்
nationality.AZE,,Azerbaijani,අසර්බයිජානි,அஸர்பைஜானி
nationality.BDI,,Burundian,බුරුන්ඩියාන්,புருண்டியன்
nationality.BEL,,Belgian,බෙල්ජියානු,பெல்ஜியன்
nationality.BEN,,Beninese,බෙනින්ස්,பெனினீஸ்
nationality.BES,,Dutch Caribbean,ලංකාවේ ලොක්ලාන්ද් කැරිබියන්,டச்சு கரீபியன்
nationality.BFA,,Burkinabe,බුර්කිනා රාජ්යානුවාදී ජනරයාධිරාජ්යානුවාදීයායායායායායායායායායායායායායායායායායායායායායායායායායායායායායායායායායායායායායායායායායායායායායායායායායායායායායායායායායායායායායායායායායායායායායායායායායායායායායායායායායායායායායායායායායායායායායායායායායායායා,புர்கினா பெயர்ச்சி
nationality.BGD,,Bangladeshi,බাংলাদেশවාසීනියාව,பங்களாதேஷி
nationality.BGR,,Bulgarian,බල්ගේරියයි,பல்கேரியன்
nationality.BHR,,Bahraini,බහරේවියාවේ,பஹ்ரைனியன்
nationality.BHS,,Bahamian,බහාමියාන්,பகாமியன்
nationality.BIH,,Bosnian/Herzegovinian,බොස්නියාව/හර්සගෝවිනියාව,பாஸ்னியன்/ஹெர்ஸெகோவினியன்
nationality.BLM,,Saint Barthélemy Islander,ශාන්ත් බාර්තෙලෙමි දිවියෝ,செயிண்ட் பார்தேலமி தீவுவாசி
nationality.BLR,,Belarusian,බෙලරුසියාන්,பெலாருஷியன்
nationality.BLZ,,Belizean,බෙලීස්යානු,பெலிஸியன்
nationality.BMU,,Bermudian,බර්මියුඩියාන්,பெர்முடியன்
nationality.BOL,,Bolivian,බොලීවියානුවාහි,பொலிவியன்
nationality.BRA,,Brazilian,බ්‍රසීලියානු,பிரேசிலியன்
nationality.BRB,,Barbadian,බාබේඩියානු,பார்பேடியன்
nationality.BRN,,Bruneian,බෘරුනේවාවේ,புரூனேயன்
nationality.BTN,,Bhutanese,භූතාන්වීස්,பூடானீஸ்
nationality.BVT,,Bouvet Islander,බුවෙට් ද්විලන්තයා,பூவே தீவுவாசி
nationality.BWA,,Botswanan,බොට්ස්වානාවේ,போட்ஸ்வானாவிலிருந்து
nationality.CAF,,Central African,මධ්‍යම අප්‍රේලික්ස්යානුව,மத்திய ஆப்பிரிக்கா
nationality.CAN,,Canadian,කැනේඩියානු,கனடியன்
nationality.CCK,,Cocos Islander,කොකෝස් දූපත්වලින්,கோகோஸ் தீவுவாசி
nationality.CHE,,Swiss,ස්විස්,ஸ்விஸ்
nationality.CHL,,Chilean,චිලීයන්,சிலியன்
nationality.CHN,,Chinese,"චීන යනු හාදයක් යනු ඉංග්‍රීසි භාෂාවෙන් ""චීනීස්"" ලෙස පරිවර්තනය වේ.",சீன மொழி
nationality.CIV,,Ivorian,ඉවොරියානු,ஐவோரியன்
nationality.CMR,,Cameroonian,කැමෙරූනියානු,கேமரூனியன்
nationality.COD,,Congolese (DRC),කොංගෝලීස් (ඩීආර්සී),காங்கோலீஸ் (டிஆர்சி)
nationality.COG,,Congolese (Congo),කොංගෝලීස් ({country}),காங்கோலீஸ் (காங்கோ)
nationality.COK,,Cook Islander,කුක් ඉලන්ඩ්වාවාන්,சமையலாளி
nationality.COL,,Colombian,කොළොම්බියානු,கொலம்பியன்
nationality.COM,,Comoran,කොමොරාන්,கொமோரன்
nationality.CPV,,Cape Verdean,කේප් වර්ඩියන්,கேப் வெர்டியன்
nationality.CRI,,Costa Rican,කොස්ට රිකාවාන්,கோஸ்டா ரிகன்
nationality.CUB,,Cuban,කුබාන්,கியூபன்
nationality.CUW,,Curaçaoan,කුරාසෝවාන්,குராசவோவின்
nationality.CXR,,Christmas Islander,ක්‍රිස්මස් දිවියෝ,கிறிஸ்துமஸ் தீவுவாசி
nationality.CYM,,Caymanian,කේමන්වාවිකයියාන්,கெய்மேனியன்
nationality.CYP,,Cypriot,සයිප්‍රියානු,சைப்ரியாட்
nationality.CZE,,Czech,ශෙක්ක්ය්,செக்
nationality.DEU,,German,ජර්මන්,ஜெர்மன்
nationality.DJI,,Djiboutian,ජිබූටියාවාහි,ஜிபூட்டியன்
nationality.DMA,,Dominican,දොමිනිකානු,டொமினிகன்
nationality.DNK,,Danish,දැන්විෂ්,டேனிஷ்
nationality.DOM,,Dominican,දොමිනිකානු,டொமினிகன்
nationality.DZA,,Algerian,ඇල්ජීරියානු,அல்ஜீரியன்
nationality.ECU,,Ecuadorian,එක්වඩෝරියාන්,ஈக்வடோரியன்
nationality.EGY,,Egyptian,ඊජිප්තියානු,எகிப்தியன்
nationality.ERI,,Eritrean,එරිට්‍රියානු,எரித்ரியன்
nationality.ESH,,Sahrawi,සහ්රාවි,சஹ்ராவி
nationality.ESP,,Spanish,ස්පෑනිෂ්,ஸ்பானிஷ்
nationality.EST,,Estonian,"ඔබ පිළිගන්නවා නම්, ඔබගේ {officeName} වෙත පැමිණෙනවා.",எஸ்டோனியன்
nationality.ETH,,Ethiopian,ඉතියෝපියානු,எதியோபியன்
nationality.FAR,,Farajalandian,Farajalandian,பரஜாலாந்தியன்
nationality.FIN,,Finnish,ෆින්ලන්තිස්,பூஜிய மாணவர்
nationality.FJI,,Fijian,ෆීජියන්,பிஜியன்
nationality.FLK,,Falkland Islander,ෆෝක්ලන්ඩ් දිවයින්,ஃபால்க்லாந்து தீவுக்காரர்
nationality.FRA,,French,ෆ්‍රෙන්ච්,பிரஞ்சு
nationality.FRO,,Faroese,ෆාරොසීස්,பரோயிஸ்
nationality.FSM,,Micronesian,මයික්‍රෝනීසියානු,மைக்ரோனேஷியன்
nationality.GAB,,Gabonese,ගැබෝන්වේස්,கபோனீஸ்
nationality.GBR,,British,බ්‍රිතාන්යයා,பிரிட்டிஷ்
nationality.GEO,,Georgian,ජෝර්ජියාන්,ஜார்ஜியன்
nationality.GGY,,Guernsey,ගර්න්සේ,கெர்ன்சி
nationality.GHA,,Ghanaian,ඝානාවියාන්,கானாயன்
nationality.GIB,,Gibraltarian,ගිබ්‍රෝල්ටාවාන්,ஜிப்ரால்டாரியன்
nationality.GIN,,Guinean,ගිනියාවාසිකයා,கினியன்
nationality.GLP,,Guadeloupean,ග්වාඩෙලූපියාන්,குவாதெலோபியன்
nationality.GMB,,Gambian,ගැම්බියාවේ,காம்பியன்
nationality.GNB,,Bissau-Guinean,බිසාව්-ගිනියාවාවිකයි.,பிஸ்ஸாவ்-கினி
nationality.GNQ,,Equatoguinean,එක්වටෝගිනියාන්,ஈக்வடோகினியன்
nationality.GRC,,Greek,ග්‍රීක්ස්,கிரீக்கம்
nationality.GRD,,Grenadian,ග්‍රෙනේඩියාන්,கிரெனேடியன்
nationality.GRL,,Greenlander,කොළයාවාන්,கிரீன்லாந்தர்
nationality.GTM,,Guatemalan,ග්වාටමාලාන්,குவாடெமாலன்
nationality.GUF,,French Guianese,ෆ්‍රෙන්ච් ගුවියන්ස්වයිස්,பிரான்சு கியானிஸ்
nationality.GUM,,Guamanian,ගුවාමාවාහින්,குவாமானியன்
nationality.GUY,,Guyanese,ගයානීස්වාසියාවා,கயானீஸ்
nationality.HKG,,Hong Kong Special Administrative Region,හොංකොං විශ්ව පරිසරය,ஹாங்காங் சிறப்பு செயலாளரியம் மாநிலம்
nationality.HMD,,Heard Islander,හීර්ඩ් දූපත්වලින්,ஹேர்ட் தீவுவாசி
nationality.HND,,Honduran,හොන්ඩුරාන්,ஹோண்டுரான்
nationality.HRV,,Croatian,ක්‍රෝඒෂියාන්,குரோஷியன்
nationality.HTI,,Haitian,හයිටියාන්,ஹைத்தியன்
nationality.HUN,,Hungarian,හන්ගේරියන්,ஹங்கேரியன்
nationality.IDN,,Indonesian,ඉන්දුනීසියානුවෙන්,இந்தோனேஷியன்
nationality.IMN,,Manx,මැන්ක්ස්,மேன்ஸ்
nationality.IND,,Indian,ඉන්දියාව,இந்தியன்
nationality.IOT,,British Indian Ocean Territory,බ්‍රිතිශ් ඉන්දියානු පොස්ටලය,பிரித்தானிய இந்திய கடல் பகுதி
nationality.IRL,,Irish,ඉරිෂ්,ஐரிஷ்
nationality.IRN,,Iranian,ඉරානියාන්,இரானியன்
nationality.IRQ,,Iraqi,ඉරාකිවියාවේ,ஈராக்கியன்
nationality.ISL,,Icelander,අයිස්ලන්තයා,ஐச்லண்டர்
nationality.ISR,,Israeli,ඊශ්‍රායිල්යානු,இஸ்ரேலி
nationality.ITA,,Italian,ඉතාලි,இத்தாலிய
nationality.JAM,,Jamaican,ජැමෙයිකන්,ஜமைக்கன்
nationality.JEY,,Jersey,ජර්සි,ஜெர்சி
nationality.JOR,,Jordanian,ජෝර්ඩානියාවේ,ஜோர்டானியன்
nationality.JPN,,Japanese,ඔබ සිංහල පරිවර්තනය කරන්නේ නැතිනම් මම ඔබට උදව් කරන්නේ නැත.,ஜப்பானியம்
nationality.KAZ,,Kazakhstani,කසකස්ථානියාවිකරු,கஜாகிஸ்தானி
nationality.KEN,,Kenyan,කෙන්යාවා,கென்யன்
nationality.KGZ,,Kyrgyz,කිර්ගිස්,கிர்கிஸ்
nationality.KHM,,Cambodian,කැම්බෝඩියාන්,கம்போடியன்
nationality.KIR,,Kiribati,කිරිබාටි,கிரிபாடி
nationality.KNA,,Kittitian/Nevisian,කිට්සියාන්/නෙවිසියාන්වේනියාවේ,கிட்டியன்/நேவிஷியன்
nationality.KOR,,South Korean,දකුණු කොරියානු,தெற்கு கொரியன்
nationality.KWT,,Kuwaiti,කුවේටි,குவைத்தியன்
nationality.LBN,,Lebanese,ලෙබනෝස්,லெபனீஸ்
nationality.LBR,,Liberian,ලයිබීරියානු,லைபீரியன்
nationality.LBY,,Libyan,ලිබියානු,லிபியன்
nationality.LCA,,Saint Lucian,ශාන්ත ලුසියාන්,செயிண்ட் லூசியன்
nationality.LIE,,Liechtensteiner,ලිච්ටෙන්ස්ටර්ගේ,லிக்டென்ஸ்டைனர்
nationality.LKA,,Sri Lankan,ශ්‍රී ලංකාවේ,ஸ்ரீ லங்காவில்
nationality.LSO,,Lesotho,ලෙසෝතෝ,லெசோதோ
nationality.LTU,,Lithuanian,ලිතුවේනියාව,லிதுவேனியன்
nationality.LUX,,Luxembourgish,ලක්සැම්බර්ගිෂ්,லக்ஸம்பர்கிஷ்
nationality.LVA,,Latvian,ලැට්වියාන්,லாட்வியன்
nationality.MAC,,Macao Special Administrative Region,මකාඔ ස්පෙෂල් පරිවාසික කළමනාකාරවරය,மக்காவோ சிறப்பு நிர்வாக மாநிலம்
nationality.MAF,,Saint Martiner,ශාන්ත මාටින්කර්,புனித மார்ட்டினர்
nationality.MAR,,Moroccan,මොරොක්කිවලින්,மொராக்கன்
nationality.MCO,,Monégasque,මොනැගාස්වාස්කියාවේ,மொனேகாஸ்கு
nationality.MDA,,Moldovan,මෝල්ඩෝවාන්,மோல்டோவன்
nationality.MDG,,Madagascan,මැඩගස්කන්,மடகாஸ்கர்
nationality.MDV,,Maldivian,මාල්ඩිවියාන්,மாலதீவியர்
nationality.MEX,,Mexican,මෙක්සිකන්,மெக்சிகன்
nationality.MHL,,Marshallese,මාර්ෂලීස්,மார்ஷலீஸ்
nationality.MKD,,Macedonian,මැසිඩෝනියාන්,மெசிடோனியன்
nationality.MLI,,Malian,මාලියාන්,மாலியன்
nationality.MLT,,Maltese,මෝල්ටීස්,மால்டீஸ்
nationality.MMR,,Myanmarese,මියන්මාවාවිකයි.,என் மியான்மாரியர்
nationality.MNE,,Montenegrin,මොන්ටෙනීන්,மோண்டெனீகின்
nationality.MNG,,Mongolian,මොංගෝලියාන්,மங்கோலியன்
nationality.MNP,,Northern Marianan,උතුරු මැරියනාවාස්,வட மேரியானாவில்
nationality.MOZ,,Mozambican,මොසැම්බිකාවාව,மொசாம்பிகன்
nationality.MRT,,Mauritanian,මොරිටේනියාන්,மௌரிடேனியன்
nationality.MSR,,Montserratian,මොන්ට්සේරාන්,மான்ஸெராடன்
nationality.MTQ,,Martinican,මාටිනිකාන්,மார்டினிகன்
nationality.MUS,,Mauritian,මොරිෂියාන්,மொரிஷியஸ்
nationality.MWI,,Malawian,මලාවියාන්,மலாவியன்
nationality.MYS,,Malaysian,මැලේසියානු,மலேஷியன்
nationality.MYT,,Mayottean,මයෝට්වාන්,மயோட்டியன்
nationality.NAM,,Namibian,නැමීබියාන්,நமீபியன்
nationality.NCL,,New Caledonian,නිව් කැලිඩෝනියාන්,புதிய கேலிடோனியன்
nationality.NER,,Nigerien,නයිජීරියානු,நைஜீரியன்
nationality.NFK,,Norfolk Islander,නෝෆෝල්ක් දිවියින්,நார்போக் தீவுவாசி
nationality.NGA,,Nigerian,නයිජීරියාවේ,நைஜீரியன்
nationality.NIC,,Nicaraguan,නිකරාගුවාන්,நிகரகுவான
nationality.NIU,,Niuean,නියුවාවේ,நியூயியன்
nationality.NLD,,Dutch,"ලංකාවේ පළාත් නමක් ඇති නම්, එය දක්වා ඇත්තේ නැත.",டச்சு
nationality.NOR,,Norwegian,නෝර්වීජියානු,நார்வேஜியன்
nationality.NPL,,Nepalese,නේපාලීස්,நேபாளி
nationality.NRU,,Nauruan,නාවුරුවාන්,நாருவான்
nationality.NZL,,New Zealander,නවසීලන්තයා,புதிய சீலந்தியர்
nationality.OMN,,Omani,ඔමානි,ஓமானி
nationality.PAK,,Pakistani,පාකිස්ථාවේ,பாகிஸ்தானி
nationality.PAN,,Panamanian,පැනමාවාවිකයියා,பனாமாவின்
nationality.PCN,,Pitcairn Islander,පිට්කෙයර්න් දුරස්වාසිකයි.,பிட்கேயிர்ன் தீவுவாசி
nationality.PER,,Peruvian,පේරුවියන්ගේ,பெருவியன்
nationality.PHL,,Filipino,ෆිලිපීනෝ,பிலிப்பைனோ
nationality.PLW,,Palauan,පලවාන්,பலவியன்
nationality.PNG,,Papua New Guinean,පැපුවා නිව් ගිනියාවේදී,பபுவா நியூ கினியன்
nationality.POL,,Polish,පොලිෂ්,போலிஷ்
nationality.PRI,,Puerto Rican,පුවර්ටෝ රිකන්,போர்ட்டோ ரிக்கன்
nationality.PRK,,North Korean,උතුරු කොරියාවාව,வட கொரியா
nationality.PRT,,Portuguese,පෘතුරාන්විද්‍යාව,போர்த்துகீஸ்
nationality.PRY,,Paraguayan,පැරගුවේස්,பரகுவேயன்
nationality.PSE,,Palestinian,පෙලස්ටීනියන්,பாலெஸ்தீனியன்
nationality.PYF,,French Polynesian,ෆ්‍රෆ්ච් පොලිනීසියාන්,பிரெஞ்சு பாலினேஷியன்
nationality.QAT,,Qatari,කටාරි,கதாரி
nationality.REU,,Reunionese,රියුනිස්වේලියන්,தொடர்புடையிலார்
nationality.ROU,,Romanian,රුමේනියාව,ரோமேனியன்
nationality.RUS,,Russian,ඔබ දැනට අධ්‍යාපනය කරන ලදි.,உருசியன்
nationality.RWA,,Rwandan,ර්වන්ඩාවා,ருவாண்டா
nationality.SAU,,Saudi,සවියි,சவூதி
nationality.SDN,,Sudanese,සුදානුවේවි,சூடானீஸ்
nationality.SEN,,Senegalese,සෙන්ගාලීස්,செனெகலியன்
nationality.SGP,,Singaporean,සිංගප්පූරුවාන්,சிங்கப்பூராவின்
nationality.SGS,,South Georgian/South Sandwich Islander,දකුණු ජෝර්ජියානු/දකුණු සෑන්ඩ්විච් ද්විල්ලානු,தென் ஜார்ஜிய தீவு/தென் சாண்ட்விச் தீவுவாசி
nationality.SHN,,Saint Helenian,ශාන්ත් හෙලේනියාන්,செயிண்ட் ஹெலீனியன்
nationality.SJM,,Svalbardian,ස්වාල්බාර්ඩියාන්,ஸ்வால்பார்டியன்
nationality.SLB,,Solomon Islander,සොලමන් ද්වියානුවාගේ,சாலமன் தீவுக்காரர்
nationality.SLE,,Sierra Leonean,සියෙරා ලියෝනියාන්,சியேரா லியோனியன்
nationality.SLV,,Salvadoran,සැල්වදෝරන්,சால்வடோரியன்
nationality.SMR,,Sammarinese,සැමැරිනීස්,சம்மாரினீஸ்
nationality.SOM,,Somali,සෝමාලි,சோமாலி
nationality.SPM,,Saint-Pierrais/Miquelonnais,ශාන්ත්-පිය්රේ/මිකේලේනේස්,செயிண்ட்-பியேரை/மிக்வெலோனையர்
nationality.SRB,,Serbian,සර්බියාන්,"நீங்கள் செயலியாளர் ஆகும். இந்த ஆங்கில வாக்கியத்தை தமிழில் மொழிபெயர்க்கவும், {name}, {officeName} போல இடமற்ற இடத்தைப் பாதுகாக்கும்."
nationality.SSD,,South Sudanese,දකුණු සූඩාන්සිවාසිද,தெற்கு சூடானியன்
nationality.STP,,São Toméan,සාඕ ටොමේන්,சாவோ தோமியன்
nationality.SUR,,Surinamese,සුරිනාමීස්,சுரினாமீஸ்
nationality.SVK,,Slovak,ස්ලෝවැක්,ஸ்லோவாக்
nationality.SVN,,Slovene,ස්ලෝවේනියාවේ,ஸ்லோவேனியன்
nationality.SWE,,Swedish,ස්වීදිෂ්යයා,ஸ்வீடிஷ்
nationality.SWZ,,Swazi,ස්වාසි,ஸ்வாஸி
nationality.SXM,,Sint Maartener,සින්ත් මාර්ට්නර්,சிண்ட் மார்டெனர்
nationality.SYC,,Seychellois,සෙසෙල්වලිවා,சீஷெலாவின்
nationality.SYR,,Syrian,සිරියානු,சிரியன்
nationality.TCA,,Turks and Caicos Islander,ටර්ක්ස් සහ කේකෝස් දුරකථනවාදීන්,டர்க்ஸ் மற்றும் கைகோஸ் தீவுவாசி
nationality.TCD,,Chadian,චැඩියාන්,சாடியன்
nationality.TGO,,Togolese,ටොගෝලීස්,டோகோலீஸ்
nationality.THA,,Thai,තියි,தாய்
nationality.TJK,,Tajikistani,තජිකිස්ථානියාවේ,தஜிகிஸ்தானி
nationality.TKL,,Tokelauan,ටොකෙලවාන්,டொகெலாவன்
nationality.TKM,,Turkmen,ටර්ක්මෙන්,துர்க்மென்
nationality.TLS,,Timorese,ටිමොර්ස්වාසියාවේ,டிமோரியன்
nationality.TON,,Tongan,ටොංගාන්,தொங்கன்
nationality.TTO,,Trinidadian/Tobagonian,ට්‍රිනිඩෑඩාන්/ටොබැගෝනියාන්,ட்ரினிடாடியன்/டொபாகோனியன்
nationality.TUN,,Tunisian,ටිසියානුයි,துனிசியன்
nationality.TUR,,Turkish,තුර්කිෂ්,துருக்கி
nationality.TUV,,Tuvaluan,තුවාලුවාන්,துவாலுவான்
nationality.TZA,,Tanzanian,ටැන්සානියාවේ,தான்சானியன்
nationality.UGA,,Ugandan,ඔයාට මෙම වාක්‍යය සිංහලයට පරිවර්තනය කිරීමට හෝ ප්‍රාථමික පරිවර්තනය කිරීමට අවශ්‍ය නාමාවක් ඇත්ද?,உகாண்டா
nationality.UKR,,Ukrainian,ඔයාට අවශ්‍යද?,உக்ரைனியன்
nationality.UMI,,American,ඇමරිකානු,அமெரிக்கன்
nationality.URY,,Uruguayan,උරුගුවේනියානුවානු,உருகுவேயன்
nationality.USA,,American,ඇමරිකානු,அமெரிக்கன்
nationality.UZB,,Uzbekistani,උස්බෙකිස්ථානියාවිට,உஸ்பெகிஸ்தானி
nationality.VAT,,Holy See,ශුද්ධ දින්නායකයා,பவுலன் அரசன்
nationality.VCT,,Saint Vincentian,ශාන්ත් වින්සන්ටියාන්,செயிண்ட் வின்செண்டியன்
nationality.VEN,,Venezuelan,වෙනසුලාන්,வெனஜுவெலன்
nationality.VGB,,British Virgin Islander,බ්‍රිතිශ් වර්ජින් දිවයිනයා,பிரிட்டிஷ் வெர்ஜின் தீவுக்காரர்
nationality.VIR,,Virgin Islander,වර්ජින් ඉස්ලන්ඩර්,வர்ஜின் தீவுகளினவர்
nationality.VNM,,Vietnamese,වියෙට්නෑම්,வியட்நாமீஸ்
nationality.VUT,,Ni-Vanuatu,නි-වානුටුවාටු,நி-வானுவாடு
nationality.WLF,,Wallis and Futuna Islander,වොලිස් සහ ෆුටුනා දූපත්තා,வாலிஸ் மற்றும் ஃபுடுனா தீவுவாசி
nationality.WSM,,Samoan,සැමෝවාන්,சமோவான்
nationality.YEM,,Yemeni,යේමනියානුවාව,யெமனி
nationality.ZAF,,South African,දකුණු අප්‍රසන් රාජ්‍යයා,தென் ஆப்பிரிக்காவின்
nationality.ZMB,,Zambian,සැමදාම්මාවේ,ஸாம்பியன்
nationality.ZWE,,Zimbabwean,සිංහල පරිවර්තනය කිරීමේදී මෙම වර්ගයේ පරිවර්තනය කිරීමේ අවස්ථාවක් නොමැති අතර එය පරිවර්තනය කිරීම සඳහා අපේක්ෂා කිරීමේ අවස්ථාවක් ඇත්තේ නැත.,ஜிம்பாப்வேயின்
navigation.analytic,Analytic Group,Analytics,බිළිවිරුදා,பரிசோதனை
navigation.application,Application label in navigation,Application,අයිතිය,விண்ணப்பி
navigation.approvals,Sent for approval label in navigation,Sent for approval,අනුමත කිරීමට යවන ලදි,அனுமோனத்துக்கு அனுப்பப்பட்டுள்ளது
navigation.certificate,Certificates label in navigation,Certificates,සහතිකයන්,சான்றியல்கள்
navigation.communications,Communications label in navigation,Communications,සම්බන්ධතාව,தொடர்பு
navigation.completenessRates,Completeness rates in navigation,Completeness rates,සම්පූර්ණත්ව අනුවාදයන්,முழுமை விகிதம்
navigation.config,Config label in navigation,Configuration,මාධ්‍යයක්,கட்டமைப்பு
navigation.dashboard,Dashboard Section,Dashboard,ඩෑෂ්බෝඩ්,டாஷ்போர்ட்
navigation.declarationForms,Declaration forms label in navigation,Declaration forms,ප්‍රඳුන් පත්වීම්,அறிக்கை படிவங்கள்
navigation.emailAllUsers,Email all users label in navigation,Email all users,සියලුම භාවිතා කිරීමට ඊමේල් එකක් යවන්න.,அனைத்து பயனர்களுக்கு மின்னஞ்சல் அனுப்பவும்.
navigation.informantNotification,Informant notifications label in navigation,Informant notifications,සොයාගැනීම් දැනුම්,அறிக்கையாளர் அறிவிப்புகள்
navigation.integration,Integration forms label in navigation,Integrations,ඒකාබද්ධකවරුන්,ஒருவர் பணியில் {officeName} உள்ளது.
navigation.leaderboards,Leaderboards Dashboard Section,Leaderboards,ලීඩර්බෝඩ්ස්,தலைப்புப் பட்டியல்கள்
navigation.my-drafts,My drafts label in navigation,My drafts,මගේ සාරාංශයන්,என் வரையறைகள்
navigation.myDrafts,My drafts label in navigation,My drafts,මගේ පාරාට්ටියන්,என் வரையறைகள்
navigation.organisation,Organisations label in navigation,Organisation,සංවිධානය,நிறுவனம்
navigation.outbox,Label for navigation item outbox,Outbox,පෙළ වස්තුව,வெளியீட்டுப் பெட்டி
navigation.performance,Performance label in navigation,Performance,කාර්යබහධාරය,செயல்பாடு
navigation.performanceStatistics,Statistics Dashboard Section,Statistics,අංකරම්භය,புள்ளியியல்
navigation.print,Ready to print label in navigation,Ready to print,මුද්‍රණය සඳහා සූදානම්,அச்சிட தயாராக உள்ளது
navigation.progress,In progress label in navigation,In progress,සිදුවීම ප්‍රසිද්ධ වේ.,செயலாக்கம் செய்கிறது
navigation.readyForReview,Ready for review label in navigation,Ready for review,සමාවෙන්න සමාන්තරය සදහා,மதிப்பீடுக்கு தயாராக உள்ளேன்
navigation.readyToIssue,Ready to issue label in navigation,Ready to issue,නිවැරදි කිරීමට සූදානම් වේ.,வெற்றிகரமாக வெளியிட தயார்
navigation.report,Report Dashboard Section,Report,වාර්තාව,அறிக்கை
navigation.reports,Reports label in navigation,Vital statistics,විශේෂ සංඛ්‍යාලයන්,முக்கிய புள்ளிகள்
navigation.requiresUpdate,Requires update label for registrar in navigation,Requires updates,යාවත්කාලීන කිරීමට අවශ්‍යයි,புதுப்பிக்கப்பட வேண்டும்
navigation.sentForReview,Sent for review label in navigation,Sent for review,සඳහන් කිරීම සඳහා යවන ලදුව,மதிப்பீடுக்கு அனுப்பப்பட்டது
navigation.sentForUpdates,,Sent for updates,යාවත්කාලීනව යැවිය හැකිය.,புதுப்பிக்க அனுப்பப்பட்டது
navigation.team,Team label in navigation,Team,කණ්ඩායම,குழு
navigation.userroles,User roles label in navigation,User roles,පරිශීලක භාවිතයන්,பயனர் பாதைகள்
navigation.waitingValidation,Waiting for validation label in navigation,In external validation,බාහිර සංාර්ථකතාවේදී,வெளியே சரிபார்ப்பு
number.twelve,Minimum length password,12,12,12
password.cases,Password validation,At least one upper and lower case character,අහංගේ {officeName} හෝ අඩු අකුරු සංඛ්‍යාවක් ඇතුළු විය යුතුය,குறைந்தபட்சம் ஒரு மேலுள்ள எழுத்து மற்றும் ஒரு கீழ்ள்ள எழுத்து இருக்க வேண்டும்
password.label.confirm,Confirm password label,Confirm password,මුර පදය තහවුරු කරන්න,கடிதமைப்பாலை உறுதிசெய்
password.label.current,Current password label,Current password,වත්මන් මුරපදය,தற்போதைய கடவுச்சொல்
password.label.new,New password label,New password,නව මුරපදය,புதிய கடவுச்சொல்
password.match,Password validation,Passwords match,මුරපද ගැලපෙනු ඇත,கடவுச்சொல்லுகள் பொருந்துகின்றன
password.minLength,Password validation,{min} characters minimum,{min} අයිතියක් අවශ්‍යයි,{min} எழுத்துகள் குறைவாக இருக்க வேண்டும்
password.mismatch,Password validation,Passwords do not match,මුරපද ගැලපෙන්නේ නොසිටියි,கடவுச்சொல்லுகள் பொருந்தவில்லை
password.number,Password validation,At least one number,කිසිවක් අංකයක් එකක්කියලා.,குறைந்தது ஒரு எண்
password.validation.msg,Password validation message,Password must have:,මුරපදය යන්න අයත් විශේෂයෙන් තිබුණු ය.,கடவுச்சொல் வேண்டும்:
performance.appSrc.labels.fieldAgents,Label for field agents in application sources,Field agents,ක්ෂේත් ආගම්බරයන්,புலம்போர்கள்
performance.appSrc.labels.hospitalApplications,Label for hospital applications,Health system (integration),සෞඛ්‍ය පද්ධතිය ({integration}),ஆரோக்கிய அமைப்பு ({integration})
performance.appSrc.labels.nationalRegistrars,Label for national registrars in application sources,National registrars,ජාතික ලියාපදිංචියන්,தேசிய பதிவுபெறுநர்கள்
performance.appSrc.labels.registrars,Label for registrars in application sources,Registrars,ලියාපදිංචියන්,பதிவுநிர்வாகிகள்
performance.appSrc.labels.registrationAgents,Label for registration agents in application sources,Registration agents,ලියාපදිංචි නියාමකයි,பதிவு ஏஜென்ட்ஸ்
performance.completenessTable.completenessRate,Title for Completeness rate column in the table,Completeness {lineBreak}rate,සම්පූර්ණයි {lineBreak} අනුපාතය,முழுமை {lineBreak}விகிதம்
performance.fieldAgents.col.avgCompTime,Column header for avg declaration completion time in field agent list,Avg. time to send{linebreak}complete declaration,පූර්ව කාලය අනුව පිළිබඳව පිළිතුරු යවන්නේ කොළඹයි.,மொத்த அறிக்கையை அனுப்புவதற்கான சராசரி நேரம்
performance.fieldAgents.col.totInProg,Column header for total inprogress declaration sent in field agent list,Sent{linebreak}incomplete,අසම්පූර්ණයි,முடிவற்றை அனுப்பவில்லை
performance.fieldAgents.col.totRej,Column header for total rejected declarations in field agent list,Rejected,ප්‍රතිචාරයක් කරන ලදි,நிராகரிக்கப்பட்டது
performance.fieldAgents.columnHeader.name,Column header for field agent,Field Agents ({totalAgents}),ක්‍රියා නිලධාරියන් ({totalAgents}),புலம் முதலாளிகள் ({totalAgents})
performance.fieldAgents.columnHeader.office,Column header for office in field agent list,Office,කාර්යය,அலுவலகம்
performance.fieldAgents.columnHeader.role,Column header for role in field agent list,Role,භාවිතාව,பதவி
performance.fieldAgents.columnHeader.startMonth,Column header for start of month in field agent list,Start month,මාසය ආරම්භය,துவக்க மாதம்
performance.fieldAgents.columnHeader.totalSent,Column header for total declaration sent in field agent list,Declarations{linebreak}sent,ප්‍රකාශ{linebreak}යවන ලදි,அறிக்கைகள் {linebreak} அனுப்பப்பட்டன
performance.fieldAgents.columnHeader.type,Column header for type in field agent list,Type,ටයිප් කරන්න.,வகை
performance.fieldAgents.noResult,Text for no field agent found,No users found,පරිශීලකයාන් කිසිවක් හමු නොවිය,பயனர்கள் காணப்படவில்லை
performance.fieldAgents.options.event.births,Label for birth event option,Births,උපන්දිනයන්,பிறப்புகள்
performance.fieldAgents.options.event.both,Label for both event option,Births and deaths,උපන් සහ මුල් සිදුකළමු,பிறப்புகளும் மரணங்களும்
performance.fieldAgents.options.event.deaths,Label for death event option,Deaths,මියාන්න,மரணங்கள்
performance.fieldAgents.options.status.active,Label for active status option,Active,ක්‍රියාත්මකයි,செயலில் உள்ளேயே
performance.fieldAgents.options.status.deactive,Label for deactive status option,Deactive,අක්‍රමවලින්න,செயலிழாக்கு (Deactive)
performance.fieldAgents.options.status.pending,Label for pending status option,Pending,අනුමත කිරීම,நிலுவை
performance.fieldAgents.showMore,Label for show more link,Show next {pageSize},ඊළඟ {pageSize} පෙන්වන්න.,அடுக்கு {pageSize} காட்டு
performance.fieldAgents.title,Header title for field agent list page,Field agents,ක්ෂේත්‍ර ආගම් කාර්යයන්,புலம்போர்கள்
performance.header.sysadmin.home,Header for system admin performance home page,Search for an administrative area or office,පරිසර කළමනාකාරව හෝ කාර්‍යාලය සොයන්න,ஒரு நிர்வாக பகுதியோ அல்லது அலுவலகத்தை தேடுக.
performance.labels.certificationRate,,Certification rate,සහයෝගයේ අනුමැතිය,சான்றிதழ் வீதம்
performance.operational.workflowStatus.header,Header title for work flow status page,Current declarations in workflow,වසර දෙදෙනෙකු ප්‍රස්ථාර ප්‍රකාශ කිරීම්,பயந்தியில் தற்போதைய அறிக்கைகள்
performance.ops.statCount.desc,Description of the status wise declaration count view,"Current status of {event, select, BIRTH{birth} DEATH{death} other{birth}} records being processed.","දැනට {event, select, BIRTH{උපන්} DEATH{මරණ} other{උපන්}} ලිපි සක්‍රීය වේ.","தற்போதைய {event, select, BIRTH{பிறப்பு} DEATH{மரணம்} other{பிறப்பு}} பதிவுகள் செயலாக்கப்படுகின்றன."
performance.payments.label.certificationFee,Label for certification fee,Certification fee,සහත් ගාස්තුව,சான்றிதழ் கட்டணம்
performance.payments.label.correctionFee,Label for correction fee,Correction fees,සැසිල් ගිණුම්,திருத்தல் கட்டணம்
performance.regRates.column.location,Title for location column on estimation table,Locations,ස්ථානවලට,இடங்கள்
performance.regRates.select.item.byLocation,Label for select option By location,By locations,ස්ථානීයයින් වෙනස් කරන්න,இடங்கள் மூலம்
performance.regRates.select.item.byRegistrar,Label for select option By Registrar,By Registrars,රෙජිස්ට්රාර්ස් වෙනස්කලුවේ,பதிவுசெய்யுநர்கள் மூலம்
performance.regRates.select.item.overTime,Label for select option Over time,Over time,වේගයෙන්,நேரத்தில்
performance.registrarsToCitizen,Title for Registrars to citizens,Registrars to citizens,රෙජිස්ට්රාර්වරුන්ගෙන් පුරවැසියන්ට,பதிவாளர் இருந்து குடிமக்களுக்கு
performance.registrarsToCitizenValue,Value for Registrars to citizens,1 to {citizen},1 සිට {citizen} යටතේ,1 முதல் {citizen}-க்கு
performance.registrationByStatus.header,Title for Registration by status,Registration by status,තරග ලියාපදිංචිය,நிலையான பதிவு
performance.registrationsListTable.locationColumn,Title for location column in the table,Location,ස්ථානය,இடம்
performance.registrationsListTable.monthColumn,Title for month column in the table,Month,මාසය,மாதம்
performance.registrationsListTable.registrarColumn,Title for registrar column in the table,Registrar,ලියාපදිංචි,பதிவுசெய்பவர்
performance.registrationsListTable.totalRegistrationsColumn,Title for total registrations column in the table,Total Registrations,සම්පූර්ණ ලියාපදිංචියන්,மொத்த பதிவுகள்
performance.reports.appStart.desc,Description for declarations started in performance reports,Total and percentage breakdown of the declarations started by source from,මාදිලියේ ආරම්භ කරන ලද ප්‍රතිශ්‍රේණි සහිත එක් ප්‍රතිශ්‍රේණි ප්‍රචලිත ප්‍රතිශ්‍රේණි පෙන්වන්න.,மொத்தம் மற்றும் சதவீதம் பிரதிநிதியால் தொடங்கப்பட்ட அறிக்கைகளின் மூலம் ஆரம்பிக்கப்பட்ட அறிக்கைகளின் மொத்தம் மற்றும் சதவீதம் பிரிவின் விவரம்
performance.reports.appStart.fieldAgents,Field agent declarations started title,Field agents,ක්ෂේත්‍ර ආගන්තුකරණයෙන්,புலம்போர்கள்
performance.reports.corrections.other.label,"Label ""Other"" category in corrections",Other,අමතර,மற்றொரு
performance.reports.declarationsStarted.hospitals,Hospitals declarations started title,Hospitals (DHIS2),රෝහල ({officeName}),மருத்துவமனைகள் (DHIS2)
performance.reports.declarationsStarted.offices,Offices declarations started title,Registration offices,ලියාපදිංචි කාර්යයෙන්,பதிவு அலுவலகங்கள்
performance.reports.declarationsStarted.title,Title for declarations started in performance reports,Declarations started,ප්‍රකාශන් ආරම්භ විය,அறிக்கைகள் தொடங்கினது
performance.reports.declarationsStarted.total,Total declarations started title,Total started,සම්මුඛන්නේ සම්පූර්ණයි,மொத்தம் தொடங்கப்பட்டது
performance.reports.header.applicationSources,Header for sources of registrations,Sources of registrations,ලිපිනයේ ලියාපදිංචියන්ගේ ස්ථානයන්,பதிவுகளின் மூலங்கள்
performance.reports.header.completenessRates,Header for report completeness rates,Completeness rates,සම්පූර්ණත්ව අනුවාදයන්,முழுமை விகிதம்
performance.reports.header.totalCertificates,Header for report total certificates,Certificates issued,සහත්කම් නිකුත් කරන ලදි.,சான்றிதழ்கள் வெளியிடப்பட்டுள்ளன
performance.reports.header.totalCorrections,Header for report total corrections,Corrections,සංස්කරණයන්,திருத்தங்கள்
performance.reports.header.totalPayments,Header for report total payments,Fees collected,ගාස් ඇඳුම් එකක් ගෙවිය යුතුයි,கட்டணங்கள் சேகரிக்கப்பட்டன
performance.reports.header.totalRegistrations,Header for report total registrations,Registrations,ලියාපදිංචියන්,பதிவுகள்
performance.reports.select.item.operational,Label for select option Operational,Operational,ක්‍රියාකාරී,செயலாக்கி
performance.reports.select.item.reports,Label for select option Reports,Reports,ප්‍රාථෝගාවන්,அறிக்கைகள்
performance.reports.subHeader.applicationSources,Subheader for sources of registrations,The number and percentage of declarations started by each system role that has been registered,ලිපිනය ආරම්භ කරන ලද ප්‍රදේශ භාවිතය සියලු ලේඛන අංකය සහ ප්‍රතිවාස අනුව ආරම්භ කරන ලද ප්‍රදේශ නාමයන්ගේ ගණන සහ ප්‍රතිවාසය.,பதிவுசெய்யப்பட்ட ஒவ்வொரு கணினி பங்குகளால் தொடங்கப்பட்ட அறிக்கைகளின் எண்ணிக்கை மற்றும் சதவீதம்
performance.reports.subHeader.completenessRates,Sub header for report completeness rates,"The no. of registrations, expressed as a % of the total estimated no. of {event, select, BIRTH{birth} DEATH{death} other{birth}}s occurring","{event, select, BIRTH{උපන් දිනය} DEATH{මරණ දිනය} other{උපන් දිනය}} සිදු වීමේ මාසිකව අගයන් අනිවාර්ය අගයක් අන්තර්ගත අගයක් ලැබීමේ අංකය, එක් ප්‍රතිශතයක් ලෙස ප්‍රජාවේ එකක් වෙනස් කරන ලදි.","பதிவுகளின் எண்ணிக்கை, நடக்கும் மொத்த அறியப்பட்ட எண்ணிக்கையின் ஒரு சதவிகமமாக வெளிப்படுத்தப்பட்டது {event, select, BIRTH{பிறப்பு} DEATH{மரணம்} other{பிறப்பு}} நடந்துவிடும்."
performance.reports.subHeader.totalCertificates,Sub header for report total certificates,"Certification rate is the no. of certificates issues, expressed as a percentage of the total number of registrations","සහතිකකරණ අනුපාතය යනු නිකුත් කරන ලද සහතික ගණන, මුළු ලියාපදිංචි සංඛ්‍යාවට සාපේක්ෂයෙන් ප්‍රතිශතයක් ලෙස ප්‍රකාශිතය.","சான்றிதழ் வழங்கும் விகிதம் என்பது, மொத்த பதிவு எண்ணிக்கையை அடிப்படையாகக் கொண்டு சதவீதமாகக் கணக்கிடப்படும், வழங்கப்பட்ட சான்றிதழ்களின் எண்ணிக்கையாகும்."
performance.stats.header,Title for perforamce stats,Stats,තරුණයාට ප්‍රසූතියක් ලබා ගත හැකිය.,புள்ளிகள்
performance.values.labels.birth.healthFacility,Label text for display showing health facility births,Health facility birth,ආධාර ස්වාමින්වීය උපරිම උපාංගය,ஆரோக்கிய அமைப்பு பிறப்பு
performance.values.labels.birth.home,Label text for display showing private home births,Home birth,ගෙදර උපාදිය,வீட்டில் பிறப்பு
performance.values.labels.death.healthFacility,Label text for display showing health facility deaths,Health facility death,රෝහල මරණය,ஆரோக்கியம் அமைப்பு மரணம்
performance.values.labels.death.home,Label text for display showing private home deaths,Home death,ගෙදර මරණය,வீடு மரணம்
performance.values.labels.delayed,Label text for display showing delayed registrations,Delayed registrations,ප්‍රමාණවත් ලියාපදිංචියන්,தாமதமான பதிவுகள்
performance.values.labels.female,Label text for displays showing the number of females,Female,ගැහැණු ස්තුතියි,பெண்
performance.values.labels.late,Label text for display showing late registrations,Late registrations,ප්‍රවේශ ලියාපදිංචියන්,பிறகு பதிவுசெய்தல்கள்
performance.values.labels.male,Label text for displays showing the number of males,Male,පුරුෂයා,ஆண்
performance.values.labels.total,Label text for displays showing totals,Total,මුළුදැක්කේ,மொத்தம்
performance.values.labels.within1Year,Label text for displays showing registered within 1 year,Within 1 year,1 වසරක් තිබේද,1 ஆண்டுக்குள்
performance.values.labels.within5Years,Label text for displays showing registered within 5 years,Within 5 years,5 වසර තුල,5 ஆண்டுகள் உள்ளிட்டால்
performance.values.labels.withinTargetDays,Label text for displays showing registered within target days,"{withPrefix, select, true {Registered within} other {Within}} {target} days","{withPrefix, select, true {ලියාපදිංචි වී} other {වෙනස්}} {target} දිනයේ","{withPrefix, select, true {பதிவுசெய்யப்பட்டது} other {உள்ள}} {target} நாட்களில்"
phone.digit,,10,ඔබගේ අවශ්‍යතාව පිළිබඳව මම ඔබට සහය දක්වන්නේ නැත.,10
phone.label.changeEmail,Change email address label,What is your new email?,ඔබගේ නව ඊමේල් කුමක්ද?,உங்கள் புதிய மின்னஞ்சல் என்ன?
phone.label.changeNumber,Change phone number label,Enter new number,නව අංකයක් ඇතුලත් කරන්න,புதிய எண் உள்ளிடவும்
phone.label.confirmation,Confirmation phone number message,A verification code has been sent to {num},{num} වෙනස් කේතය යවන ලදි.,{num} க்கு ஒப்புதல் குறியீடு அனுப்பப்பட்டுள்ளது.
phone.label.verify,Verify phone number label,Enter 6 digit verification code,තහවුරු 6 දශක ඡායාරූකාව ඇතුළත් කරන්න,6 இலக்க சரிபார்ப்பு குறியீட்டை உள்ளிடவும்
phone.start,Should starts with,0(4|5),0(4|5),0(4|5)
print.cert.coll.id.actions.cancel,The for the dialog when details of the collector not verified,Cancel,අවලංගු කරන්න,ரத்து செய்
print.cert.coll.id.actions.send,The for the dialog when details of the collector not verified,Confirm,තහවුරු කරන්න,உறுதிப்படுத்தவும்
print.cert.coll.id.description,The description for the dialog when details of the collector not verified,"Please be aware that if you proceed, you will be responsible for issuing a certificate without the necessary proof of ID from the collector","කරුණාකර හැකියාව ලබා ගත්තේ නම්, ඔබට ප්‍රයෝජනවලින් සහිතව නොවන හැකියාවන් සහිත සහතිකය නොමැති අතර ප්‍රයෝජනය කිරීම පිළිබඳ ඔබ නියමිත වන්නේ නැතයි පිළිබඳව ප්‍රතික්ෂේප කිරීමට පටන් ගත හැකිය.","தயவுசெய்து உங்கள் முன்னேற்றத்தை மேற்கொள்ளும்போது, நீங்கள் கலெக்டரிடம் உள்ள அவசியமான அடையாள தானத்தை இல்லாமல் ஒரு சான்றிதழை வெளியிடுவதற்கு பொருந்தும்."
print.cert.coll.idCheck.actions.noVer,The label for id check component action when does not verify details,Identity does not match,හැකියාව ගමන් නොගෙනියාව නොගෙනියාව.,அடையாளம் பொருந்தவில்லை
print.cert.coll.idCheck.actions.ver,The label for id check component action when verify details,Verified,තහවුරු කර ඇත,சரிபார்க்கப்பட்டது
print.cert.coll.other.aff.check,Label for no affidavit checkbox,No signed affidavit available,අත්සන් කිරීම් ලබා දෙනවා නැත,ஒப்பந்தம் கையொப்பம் இல்லை
print.cert.coll.other.aff.description,Modal description for other coller form submission without signed affidavit,"Please be aware that if you proceed, you will be responsible for issuing a certificate without necessary evidence from the collector","කරුණාකර අවධානයෙන් සිටින්න: ඔබ ඉදිරියට යාමට තීරණය කරන්නේ නම්, එකතුකරුගෙන් අවශ්‍ය සාක්ෂි නොමැතිව සහතිකයක් නිකුත් කිරීම සම්බන්ධයෙන් ඔබ වගකිව යුතුය.","தயவுசெய்து கவனிக்கவும்: நீங்கள் தொடர்ந்தால், சேகரிப்பவரிடமிருந்து தேவையான ஆதாரங்களின்றி சான்றிதழ் வழங்குவதற்கான பொறுப்பை நீங்கள் ஏற்க வேண்டியிருக்கும்."
print.cert.coll.other.aff.error,Form level error for other collector affidavit form,Upload signed affidavit or click the checkbox if they do not have one.,අත්සන් කිරීමේ ප්‍රලේඛනය උඩුගත කරන්න හෝ එය නොමැති විට චෙක් කිරීමේ කොටසට ක්ලික් කරන්න.,கையொப்பம் செய்யப்பட்ட சான்றிதழை பதிவேற்றவும் அல்லது அவற்றை கொண்டிருக்கவில்லை என்பதை அங்கீகரிக்க செக்குப்பெட்டியை அழுத்தவும்.
print.cert.coll.other.aff.form.title,Form title for other collector affidavit form,Upload signed affidavit,අත්සන් කිරීම් උඩුගත කරන්න,கையொப்பம் செய்யப்பட்ட அத்திட்டவிடம் பதிவேற்றுக
print.cert.coll.other.aff.label,File label for signed affidavit,Signed affidavit,අත්සන් ප්‍රලේඛනය,கையொப்பம் செய்யப்பட்ட அத்தியாயம்
print.cert.coll.other.aff.paragraph,Form paragraph for other collector affidavit form,This document should clearly prove that the individual has the authority to collect the certificate,මෙම ලිපියෙහි විශේෂයෙන් මහතා ලබා ගැනීමේ බලපත්‍රය හොඳහාර දැක්වූ බව ප්‍රතියාත්මක කිරීම අවශ්‍ය වේ.,இந்த ஆவணம் தானாகவே அவருக்கு சான்றிதழை சேகரிக்க உத்தியை உள்ளது என்று தெரிகின்றது.
print.cert.coll.other.aff.title,Modal title for other coller form submission without signed affidavit,Print without signed affidavit?,අත්සන් ප්‍රස්ථාරය සහිත ප්‍රින්ට් කරන්නේ කියන්නේ කුමක්ද?,கையொப்பம் இல்லாதிருக்கும் அத்தியாயம் அச்சிட்டவிடப்படுமா?
print.certificate.addAnotherSignature,,Add another,තවත් එකක් එක්කරන්න.,மற்றொருதான் சேர்க்கவும்.
print.certificate.birthService,Amount due on certificate for birth label,Service: <strong>Birth registration after {service} of D.o.B.</strong><br/>Amount Due:,සේවා: <strong>{service} පසු උපරිම උපන් දින ලියාපදිංචි කිරීම</strong><br/>ගාස්තුව:,சேவை: <strong>{service} பிறப்பு பதிவு பிறப்பு தேதி பிறப்பு பதிவு</strong><br/>தொகை உள்ளிடப்பட்டது:
print.certificate.button.confirmPrint,The text for print button,"Yes, print certificate","හරි, සහභාගී කොමසාරියක් මුද්‍රණය කරන්න","ஆம், சான்றியம் அச்சிடுக"
print.certificate.certificatePreview,The title for certificate preview form,Certificate preview,සහතෝටි පෙරදසුන්,சான்றிதழ் முன்பே பார்க்க
print.certificate.collectPayment,The label for collect payment paragraph,"Please collect the payment, print the receipt and hand it over to the payee.","කරුණාකර ගෙවීම එකතු කරන්න, ලැයිස්තුව මුද්‍රණය කරන්න හා ගෙවීමේ පුද්ගලයාට එවන්න.","தயவுசெய்து கட்டணத்தை சேகரிக்கவும், ரசீதை அச்சிட்டு செலுத்தி கொடுக்கவும்."
print.certificate.collector.father,The label for select value when father is the collector of certificate,Father is collecting,පියා ගත්තාද එක්කරනවා.,அப்பா {officeName} சேகரிக்கிறார்.
print.certificate.collector.form.error,Form level error for collector form,Please select who is collecting the certificate,කරුණාකර ලියාපදිංචි කිරීමේ පිළිගැනීම ලබා ගන්නා පුද්ගල තෝරන්න.,சான்றிதழை ஏற்கிறவர் யார் என்பதை தயவுசெய்து தேர்ந்தெடுக்கவும்.
print.certificate.collector.form.error.template,Form level error for collector form template type,Please select certificate type,කරුණාකර සහයෝගයේ වර්ගය තෝරන්න,சான்றிதழ் வகையைத் தேர்ந்தெடுக்கவும்.
print.certificate.collector.idCheck.title,The title for id check component,Verify their identity,ඔව්න්ට්යෝගේ හැඳුනුම සත්‍යය තහවුරු කරන්න,அவர்கள் தங்கள் அடையாளத்தை சரிபார்க்கவும்.
print.certificate.collector.idCheckDialog.title,The title for the dialog when details of the collector not verified,Print without proof of ID?,අන්තර්ජාලය හෝ ප්‍රදේශය හිස් පෙළ නොපෙනෙනවාද?,அடையாள அதீதம் இல்லாமல் அச்சம் அச்சுக்கொள்?
print.certificate.collector.informant,The label for select value when informant is the collector of certificate,Informant is collecting,දැනුම්දෙන පුද්ගලයා ලබාගනිමින් සිටී,தகவல் வழங்குபவர் பெறுகிறார்
print.certificate.collector.mother,The label for select value when mother is the collector of certificate,Mother is collecting,මව එකතු කරනවා,அம்மா {officeName} சேகரிக்கிறார்.
print.certificate.collector.other,The label for select value when the collector of certificate is other person,Other,අමතර,மற்றொரு
print.certificate.collector.other.form.error,Form level error for other collector information form,Complete all the mandatory fields,සියලුම අනිවාර්ය ක්‍රියාවලින් අවශ්‍ය ක්‍රියා පිහිටාගෙන යන්න.,அனைத்து கட்டாய புலம்களையும் முழுமையாக நிரப்புக.
print.certificate.collector.other.paragraph,,,,
print.certificate.collector.other.title,Title for other collector form,Collector details,කොලෙක්ටර් විස්තරයන්,கலெக்டர் விவரங்கள்
print.certificate.collector.whoToCollect,The label for collector of certificate select,Certify record,ලේඛනය සහතිකරන්න,பதிவேற்றுகையை சான்றிதழிக்கவும்.
print.certificate.deathService,Amount due on certificate for death label,Service: <strong>Death registration after {service} of D.o.D.</strong><br/>Amount Due:,සේවා: <strong>{service} පසු මරණ ලියාපදිංචි කිරීම</strong><br/>වටිනා මුදල:,சேவை: <strong>{service} பிறகு மரண பதிவு</strong><br/>தொகை விவகாரம்:
print.certificate.form.name,The title of review button in list expansion actions,Print,මුද්‍රණය කරන්න,அச்சு
print.certificate.form.title,The title of review button in list expansion actions,Print certificate,සහභාගී කිරීම මුද්‍රණය කරන්න,சான்றிதழை அச்சிடுங்கள்
print.certificate.manualPaymentMethod,The label for select option for manual payment method,Manual,අන්තර්ගතය,கையேற்று
print.certificate.next,,Next,ඊළඟ,அடுத்து
print.certificate.noLabel,,,,
print.certificate.noPayment,The title for no payment section,No payment required,ගෙවීම අවශ්‍ය නොවේ,கட்டணம் தேவையில்லை
print.certificate.payment,The title for payment section,Collect payment,ගෙවීම එකතු කරන්න,கட்டணம் சேகரிக்கவும்
print.certificate.paymentAmount,The label for payment amount subsection,රු. {paymentAmount},රු. {paymentAmount},ரூ. {paymentAmount}
print.certificate.paymentInstruction,Description for payment section,"Please collect the payment, print the receipt and hand it over to the payee.","කරුණාකර ගෙවීම එකතු කරන්න, ලැබීම මුද්‍රණය කරන්න හා ගෙවීමේ පුරවරු එක් කරන්න.","கட்டணத்தை சேகரிக்க, ரசீதை அச்சிட்டு செலுத்தி பெறுநருக்கு கையெழுத்து வழங்கவும்."
print.certificate.paymentMethod,The label for payment method select,Payment method,ගෙවීමේ ක්‍රමකාංගම,கட்டண முறை
print.certificate.printCertificate,,Print certificate,සහතිකය මුද්‍රණය කරන්න,சான்றிதழை அச்சிடவும்
print.certificate.printReceipt,The label for print receipt button,Print receipt,ලේඛනය මුද්‍රණය කරන්න.,ரசீதை அச்சிடுங்கள்
print.certificate.queryError,The error message shown when a query fails,An error occurred while quering for birth registration data,උපදෙස් සිදුවීම් දත්ත සේදීමේ සදහා ොත්තයක් සිදු විය.,பிற பதிவு தரவை கேட்கும் போது பிழை ஏற்பட்டது
print.certificate.review.description,Certificate review description,Please confirm that the informant has reviewed that the information on the certificate is correct and that it is ready to print.,කරුණාකර දැනුම්දෙන පුද්ගලයා සහතිකයෙහි තොරතුරු නිවැරදි බව සමාලෝචනය කර ඇතිද සහ මුද්‍රණය සඳහා සූදානම්දැයි තහවුරු කරන්න.,சான்றிதழில் உள்ள தகவல்கள் சரியானவை என்றும் அச்சிடுவதற்குத் தயாராக உள்ளது என்றும் தகவல் வழங்குபவர் பரிசீலனை செய்ததை உறுதிப்படுத்தவும்.
print.certificate.review.modal.body.print,Print certificate modal body text,A PDF of the certificate will open in a new tab for you to print. This record will then be moved to your ready to issue work-queue,ලේඛනයේ PDF එක ඔබට මුදා කිරීමට නව ටැබයේ විවෘත වේ. මෙම වාර්තාව ඔබගේ සූදාරිය ක්‍රියාකාරී ක්‍රියාකාරියට ගෙන යනුවද යැයි ඇත.,உங்களுக்கு அச்சடக்கம் பீடிஎஃப் பதிவேற்றம் ஒரு புதிய கத்தியில் திறக்கப்படும். இந்த பதிவு பின்னர் உங்கள் வெளியே வைக்க வேலை பட்டியலில் நகர்க்கை செல்லும்.
print.certificate.review.modal.body.printAndIssue,Print certificate modal body text,A PDF of the certificate will open in a new tab for you to print and issue,ලේඛන්ගාරයේ PDF එක ඔබට මුදා කර දායකින්න සඳහා නව ටැබයේ විවෘත වේ.,உங்களுக்கு அச்சடிப்புப் பதிவேற்றும் பிடிஎஃப் பதிவேற்று புதிய கத்தியில் திறக்கிறது.
print.certificate.review.printAndIssueModalTitle,Print and issue certificate modal title text,Print and issue certificate?,ප්‍රින්ට් කරන්න සහ ප්‍රතිසාධනය කරන්නේ?,சான்றிதழை அச்சிட்டு வெளியிடவுமா?
print.certificate.review.printModalTitle,Print certificate modal title text,Print certificate?,සහතෝටිකය මුද්‍රණය කරන්නේ?,சான்றிதழை அச்சிடுக?
print.certificate.review.title,Certificate review title,Ready to certify?,බලාපොරොත්තු කිරීමට සූදානම්ද?,சான்றிதழ் பெற தயாரா?
print.certificate.section.title,The title of print certificate action,Certify record,ලේඛනය සහතිකරන්න,பதிவேற்றுகையை சான்றிதழ் செய்யுங்கள்.
print.certificate.selectSignature,The label for choose signature select,Select e-signatures,එසම් අත්සන් කිරීමන් තෝරන්න,கையொப்பம் தேர்ந்தெடுக்கவும்
print.certificate.serviceMonth,The label for service paragraph,"Service: <strong>Birth registration after {service, plural, =0 {0 month} one {1 month} other{{service} months}} of D.o.B.</strong><br/>Amount Due:","සේවා: <strong>උපරිම උපරිමේ පසු උපරිම {service, plural, =0 {0 මාසය} one {1 මාසය} other{{service} මාස}} පසු උපරිම ලියාපදිංචි කිරීම.</strong><br/>මුදල අවශ්‍ය:","சேவை: <strong>பிறந்த தேதி பிறகு {service, plural, =0 {0 மாதம்} one {1 மாதம்} other{{service} மாதங்கள்}} பிறகு பிறப்பு பதிவு</strong><br/>தொகை தேவை:"
print.certificate.serviceYear,,"Service: <strong>Birth registration after {service, plural, =0 {0 year} one {1 year} other{{service} years}} of D.o.B.</strong><br/>Amount Due:","සේවා: <strong>උපරිම උපරිම {service, plural, =0 {0 වසර} one {1 වසර} other{{service} වසර}} පසු උපරිම ලිපිනය</strong><br/>මුදල අවශ්‍යයි:","சேவை: <strong>பிறந்த தேதி பிறப்பு பதிவு பிறகு {service, plural, =0 {0 வருடம்} one {1 வருடம்} other{{service} வருடங்கள்}} பிறப்பு பதிவு</strong><br/>தொகை தேவை:"
print.certificate.signature.person1,,UP Secretary Shakib al hasan,UP සංදේශවර්ධන ශাকিব් ඇල් හසන්,உயர்நிலை செயலாளர் ஷாகிப் அல் ஹாசன்
print.certificate.signature.person2,,Local Registrar Shakib al hasan,දේශීය ලියාපදිංචි ශාකීබ් ඇල් හසාන්,உள்ளூர் பதிவாளர் ஷாகிப் அல் ஹாசன்
print.certificate.toast.message,Floating Toast message upon certificate ready to print,Certificate is ready to print,සහත්කම මුද්‍රණය කිරීම සඳහා විසින් සූදානම් විය,சான்றிதழ் அச்சிடுவது தயார் ஆகிவிட்டது
print.certificate.userReviewed,,The informant has reviewed and confirmed that the information on the certificate is correct.,දස පරීක්ෂා කර සහභාගී කරන්නේ අත්සන් ප්‍රදේශයේ තොරතුරු නිවැරදි බවයි.,தகவலியாளர் சான்றிதழில் உள்ள தகவல்கள் சரியானவை என்று பரிசோதித்து உறுதிப்படுத்தினார்.
print.declaration.civilRegistrationOffice,,Civil registration office,සිවිල් ලිපි ලේඛනය,சிவில் பதிவு அலுவலகம்
print.declaration.header.title,,Civil Registration Centre,සිවිල් ලිපේ මධ්‍යස්ථානය,பொது பதிவு மையம்
print.declaration.informantAttestation,,"I attest to having received this {eventType, select, birth{birth} death{death} marriage{marriage} other{}} declaration","මම මෙම {eventType, select, birth{උපන්දින} death{මධ්‍යම} marriage{විවාහ} other{}} ප්‍රකාශය ලබා දෙනවා ය.","நான் இந்த {eventType, select, birth{பிறப்பு} death{மரணம்} marriage{திருமணம்} other{}} அறிக்கையை பெற்றுக்கொண்டதை உறுதிசெய்கிறேன்."
print.declaration.placeOfDeclaration,,Place of declaration,ප්‍රකාශයේ ස්ථානය,அறிக்கையின் இடம்
print.declaration.warning.declarationDetails,,To be completed by office,කාර්යයෙන් සම්පූර්ණ කිරීමට,அலுவலகம் மூலம் முடிக்கப்பட வேண்டும்
recommender.none,No recommender,No recommender,අන්තර්ක්‍රියයා නෑ,பரிந்துரையர் இல்லை
record.certificate.collectedInAdvance,Table column header showing collector info in record audit,Printed in advance by,පෙරදිග මුද්‍රණය කරන ලදි.,முன்பே அச்சிடப்பட்டு
record.certificate.collector,Table column header showing collector info in record audit,Printed on collection,කක්ෂප් මත ප්‍රවාහනය කරන ලදි.,சேகரிக்கப்பட்டது அச்சிடுகளில்
recordAudit.archive.confirmation.body,Confirmation body for archiving a declaration,This will archive the record and remove it from your workspace,මෙය වාර්තා කිරීමේ වාර්තා පිළිබඳ පිහිටුවාදී ඇතුව යැවිය හැකිය.,இது பதிவை சேமிக்கும் மற்றும் உங்கள் பணியாளர் இடத்திலிருந்து அதை நீக்கும்.
recordAudit.archive.confirmation.title,Confirmation title for archiving a declaration,Archive declaration?,ආත්‍රාත්තී ප්‍රකාශය?,ஆவண அறிக்கை?
recordAudit.archive.status,Archived status,Archived,අතිරික්කුවක්,பதிவுசீராக்கப்பட்டுள்ளது
recordAudit.contact,Contact for record audit,Contact,ඇමතුම්කරන්න,தொடர்பு
recordAudit.dateOfBirth,Label for date of birth,Date of birth,උපන් දිනය,பிறந்த தேதி
recordAudit.dateOfDeath,Label for date of death,Date of death,මධ්‍යමාන දිනය,மரண தேதி
recordAudit.dateOfMarriage,Label for date of marriage,Date of marriage,විවාහයේ දිනය,திருமண தேதி
recordAudit.declaration.markAsDuplicate,,Marked as a duplicate,නිවැරදි ලිපියක් ලක් විය,நகலாக குறிக்கப்பட்டது
recordAudit.declaration.reinstateDialog.actions.cancel,Button label for the dialog when cancel reinstate declaration,Cancel,අවලංගු කරනවා,ரத்து செய்
recordAudit.declaration.reinstateDialog.actions.confirm,Button label for the dialog when confirm reinstate declaration,Confirm,තහවුරු කරන්න,உறுதிப்படுத்தவும்
recordAudit.declaration.reinstateDialogDescription,Description for the dialog when reinstate declaration,This will reinstate the record back to its original status,මෙය රාජකීය තත්ත්වයට ආරක්ෂා කරනු ඇත.,இது பதிவை அதன் மூல நிலைக்கு மீள்படுத்தும்.
recordAudit.declaration.reinstateDialogTitle,Title for the dialog when reinstate declaration,Reinstate declaration?,නැවත ප්‍රකාශය ප්‍රකාශයක්?,புதுப்பிக்கலாமா?
recordAudit.history.started,Declaration Started,Started,ආරම්භයි,தொடங்கினேன்
recordAudit.noContact,No contact for record audit,No contact details provided,සදහා දුරකතන අංක සපයා නොමැත,தொடர்பு விவரங்கள் வழங்கப்படவில்லை
recordAudit.noDateOfBirth,Label for date of birth not available,No date of birth,උපන්දිනය නැත,பிறந்த தேதி இல்லை
recordAudit.noDateOfDeath,Label for date of death not available,No date of death,මධ්‍යස්ථානයේ {officeName} නාමයේ දිනය නොමැත.,மரண தேதி இல்லை
recordAudit.noDateOfMarriage,Label for date of marriage not available,No date of marriage,විවාහයේ දිනය නොමැත.,திருமணத் தேதி இல்லை
recordAudit.noName,Label for name not available,No name provided,නම සපයා නැත,பெயர் வழங்கப்படவில்லை
recordAudit.noPlaceOfBirth,Label for place of birth not available,No place of birth,උපන්වර්සයන් නොවේ.,பிறந்த இடம் இல்லை
recordAudit.noPlaceOfDeath,Label for place of death not availale,No place of death,මියෙන ස්ථානයක් නොවේ,மரணத்தின் இடம் இல்லை.
recordAudit.noPlaceOfMarriage,Label for place of marriage not availale,No place of marriage,විවාහයේ නිවාසයක් නොමැතිව ඇත්තේ නැත.,திருமண இடம் இல்லை
recordAudit.noStatus,Label for status not available,No status,නිවේදනය නොමැත,நிலை இல்லை
recordAudit.noTrackingId,Label for tracking id not available,No tracking ID,අටවන් හිමිකරුගේ ID නොමැතිව ඇත.,கண்காணிப்பு ஐடி இல்லை
recordAudit.noType,Label for type of event not available,No event,කිසිවක් සිහින් නොවේ,நிகழ்வு இல்லை
recordAudit.placeOfBirth,Label for place of birth,Place of birth,උපන් ගවේෂණය,பிறந்த இடம்
recordAudit.placeOfDeath,Label for place of death,Place of death,මරණ ස්ථානය,மரண இடம்
recordAudit.placeOfMarriage,Label for place of marriage,Place of marriage,විවාහයේ ස්ථානය,திருமண இடம்
recordAudit.regAction.approvedCorrection,,Correction approved,සංශෝධනය අනුමත කර ඇත,திருத்தம் அங்கீகரிக்கப்பட்டது
recordAudit.regAction.assigned,,Assigned,වෙනස් කළ හැකිය.,ஒதுக்கப்பட்டுள்ளேன்
recordAudit.regAction.corrected,,Record corrected,නිවාස සංස්කරණය කරන්න,பதிவேற்றம் சரிசெய்யப்பட்டது
recordAudit.regAction.downloaded,,Retrieved,අපි ලබා ගත්හ,பெறப்பட்டது
recordAudit.regAction.flaggedAsPotentialDuplicate,,Flagged as potential duplicate,ප්‍රතිපලයක් සහිතව අනුපාතයක් ලක්ෂේය,பொருளாதாரம் முடிக்கப்பட்டது
recordAudit.regAction.markedAsDuplicate,,Marked as a duplicate,නිකුත් කර ඇත,நகலாக குறிக்கப்பட்டது
recordAudit.regAction.markedAsNotDuplicate,Marked not a duplicate status message for record audit,Marked not a duplicate,අන්තර්ක්‍රියාවක් නොවේදින්නේ නම්,நகல் அல்லது நகல் அல்லாத என்று குறிக்கப்பட்டது
recordAudit.regAction.reinstated,,"Reinstated to {regStatus, select, validated{ready for review} in_progress{in progress} declared{ready for review} rejected{requires updates} other{}}","{regStatus, select, validated{ප‍්‍රථම සටහන් කර ඇත්තේ} in_progress{ක්‍රියාත්මක කෙරුම් වෙනස් කර ඇත්තේ} declared{ප‍්‍රථම සටහන් කර ඇත්තේ} rejected{යළි යොමු කිරීම් අවශ්‍ය වේ} other{}} වෙත පිළිගත් බව නැවත ස්ථාපනය කර ඇත්වේ.","{regStatus, select, validated{பரிசீலனைக்கு தயார்} in_progress{செயலாக்கத்தில்} declared{பரிசீலனைக்கு தயார்} rejected{புதுப்பிக்கப்பட வேண்டும்} other{}} ஆக மீள்புரிக்கப்பட்டுள்ளது."
recordAudit.regAction.rejectedCorrection,,Correction rejected,සාදන්නේ ප්‍රතිස්ථාපනය කරන ලදි.,திருத்தல் மறுக்கப்பட்டது
recordAudit.regAction.requestedCorrection,,Correction requested,නිවැරදියි ඉලේලාමු.,திருத்தம் கோரப்பட்டது
recordAudit.regAction.unassigned,,Unassigned,අයවැයක් සම්පූර්ණ කර නොපෙනෙනවා.,ஒதுக்கப்படாது
recordAudit.regAction.verified,Verified action,Certificate verified,සහත්කරණය සත්‍යාදයි,சான்றிதழ் சரிபார்க்கப்பட்டது
recordAudit.regAction.viewed,,Viewed,දැක්කාවෙන්,காணப்பட்டது
recordAudit.regStatus.archived,,Archived,අතිරික්කුවක්,பதிவுசீரமைக்கப்பட்டது
recordAudit.regStatus.certified,,Certified,බාරදෙනවා,சான்றிதழ் பெற்றுள்ளேன்
recordAudit.regStatus.correctionRequested,Label for when someone requested correction,Correction requested,නිවාස ඉල්ලීමක් ඉංග්‍රීසි භාෂාවෙන් සිංහලයට පරිවර්තනය කරන්න.,திருத்தம் கோரப்பட்டது
recordAudit.regStatus.declared,,Declaration started,නිවාඩුව ආරම්භ විය,அறிக்கை தொடங்கப்பட்டது
recordAudit.regStatus.declared.sentNotification,Field agent sent notification,Sent notification for review,සඳහන් කිරීම සඳහා ප්‍රස්ථාරය යවන ලදි.,பரிமற்றம் செய்தியை அனுப்பவும்
recordAudit.regStatus.issued,,Issued,නඩත්තු කරන ලදි,வெளியிடப்பட்டது
recordAudit.regStatus.markedAsNotDuplicate,,Marked not a duplicate,අන්තර්ක්‍රියාවක් නොවේදින්නේ නම්,நகல் அல்லது நகல் அல்லாத என்று குறிக்கப்பட்டது
recordAudit.regStatus.registered,,Registered,ලියාපදිංචියි,பதிவு செய்யப்பட்டது
recordAudit.regStatus.rejected,,Rejected,ප්‍රතිචාරයක් කරන ලදි,நிராகரித்தது
recordAudit.regStatus.updatedDeclaration,,Updated,යාවත්කාලීන කරන ලදි,புதுப்பிக்கப்பட்டது
recordAudit.regStatus.waitingValidation,,Waiting for validation,වලංගු වීම බලන්නේ නැත,சரிபார்க்கப்படுத்தப்படுகிறேன்
recordAudit.registrationNo,Label for Event Registration Number,Registration No,ලියාපදිංචි අංකය,பதிவு எண்
recordAudit.rn,Label for Birth Registration Number,Registration No.,ලියාපදිංචි අංකය.,பதிவு எண்.
recordAudit.status,Label for status,Status,තරඟකාරීත්වය,நிலை
recordAudit.trackingId,Label for tracking id,Tracking ID,දල්ෆ් කිරීමේ හැඳුනුම්පත්කරණය,கண்காணிப்பு ஐடி
recordAudit.type,Label for event type,Event,උදව්,நிகழ்வு
regHome.archived,Label for registration status archived,Archived,අත්සන් කරන ලදි,பதிவுசீராக்கப்பட்டுள்ளது
regHome.certified,Label for registration status certified,Certified,බාරදෙනවා,சான்றிதழ் பெற்றுள்ளேன்
regHome.inPro.selector.field.agents,The title of In progress field agents,Field agents,ක්ෂේත්‍ර ආගාරයන්,புலம்போர்கள்
regHome.inPro.selector.hospital.drafts,The title of In progress Hospitals,Health system,ආධෝර පද්ධතිය,ஆரோக்கிய அமைப்பு
regHome.inPro.selector.own.drafts,The title of In progress own drafts,My drafts,මගේ සාරාංශයන්,என் வரையறைகள்
regHome.inProgress,The title of In progress,In progress,සිදුකළ යුතු අතර,செயல்பாடு செய்கிறது
regHome.issued,Label for registration status issued,Issued,නඩත්තු කරන ලදි,வெளியிடப்பட்டது
regHome.outbox.failed,Label for declaration status failed,Failed to send,යවන්නේ අසාර්ථකයි,அனுப்ப தோல்வி ஏற்பட்டது
regHome.outbox.retry,Label for Retry button in Outbox shown for records that failed to send,Retry,නැවත උත්සහා කරන්න,மீண்டும் முயற்சி செய்க
regHome.outbox.statusArchiving,Label for application status Archiving,Archiving...,ගත්කරමින්...,பதிவுசெய்யப்படுகின்றது...
regHome.outbox.statusCertifying,Label for declaration status Certifying,Certifying...,තහවුරු කිරීම...,சான்றிதழ் பதிவு செய்தல்...
regHome.outbox.statusIssuing,Label for declaration status Issuing,Issuing...,නිකුත් කිරීම...,வெளியிடுவது...
regHome.outbox.statusRegistering,Label for declaration status Registering,Registering...,ලියාපදිංචියෙන්...,பதிவு செய்யப்படுகின்றது...
regHome.outbox.statusReinstating,Label for application status Reinstating,Reinstating...,නැවත ප්‍රතිස්ථාපනය කිරීම...,மீள்படுத்துவது...
regHome.outbox.statusRejecting,Label for declaration status Rejecting,Sending for updates...,යාවත්කාලීන කිරීම සඳහා...,புதுப்பிக்க அனுப்புகிறேன்...
regHome.outbox.statusRequestingCorrection,Label for declaration status Requesting correction,Correcting...,සැහැල්ලුවක්කා...,சரிபார்க்கிறது...
regHome.outbox.statusSendingForApproval,Label for declaration status waiting for validate,Sending for approval...,අනුමත කිරීම සඳහා යවනු ලැබේ...,அனுமோனத்துக்கு அனுப்புகிறது...
regHome.outbox.statusSubmitting,Label for declaration status submitting,Sending...,යවන්න...,அனுப்புகிறது...
regHome.outbox.statusWaitingToBeArchived,Label for application status waiting to be archived,Waiting to be archived,සංරක්ෂණය කිරීමට බලාපොරොත්තු වේ,காப்பகப்படுத்த காத்திருக்கிறது
regHome.outbox.statusWaitingToBeReinstated,Label for application status waiting to be reinstated,Waiting to be reinstated,නැවත ස්ථානගත කිරීම බලාපොරොත්තු වේ.,மீண்டும் நியமிக்கப்பட காத்திருக்கிறேன்.
regHome.outbox.statusWaitingToCertify,Label for declaration status waiting for certify,Waiting to certify,සහත් කිරීම බලන්නේ බලාපොරොත්තු වෙනවා.,சான்றிதழ் சரிபார்க்க காத்திருக்கிறேன்.
regHome.outbox.statusWaitingToIssue,Label for declaration status waiting for certify,Waiting to issue,නියමිත කිරීම බලන්න,விஷயம் வெளியீடு செய்ய காத்திருக்கிறேன்
regHome.outbox.statusWaitingToRegister,Label for declaration status waiting for register,Waiting to register,ලියාපදිංචි වීම බලාපොරොත්තු වේ,பதிவு செய்ய காத்திருக்கிறேன்
regHome.outbox.statusWaitingToReject,Label for declaration status waiting for reject,Waiting to send for updates,යාවත්කාලීන කිරීම් සඳහා යැවීමට බලාපොරොත්තු වේ,புதுப்பிப்புகளுக்கு அனுப்ப காத்திருக்கிறது
regHome.outbox.statusWaitingToSubmit,Label for declaration status waiting for reject,Waiting to send,යවන්න අපි බලන්නේ නැතිලුණුද?,அனுப்ப காத்திருக்கிறேன்
regHome.outbox.statusWaitingToValidate,Label for declaration status waiting for validate,Waiting to send for approval,අනුමත කිරීම සඳහා බැලීම බලාපොරොත්තු වේ.,அனுமோனத்துக்கு அனுப்ப காத்திருக்கிறேன்
regHome.outbox.waitingToRetry,Label for declaration status waiting for connection,Waiting to retry,නැවත උත්සාහ කිරීමට බලපානු ඇත,மீண்டும் முயற்சி செய்ய காத்திருக்கிறேன்
regHome.queryError,,An error occurred while searching,සෙවීම කිරීමේ වාර්තාවේ දෝෂය සිදු විය යුතු විය.,தேடல் செய்யும் போது பிழை ஏற்பட்டது
regHome.readyForReview,The title of ready for review,Ready for review,සමාවෙන්න සඳහා අයිතිකරුගේ අනුවාදයට පිවිසෙන්න,மதிப்பீடுக்கு தயாராக உள்ளோம்
regHome.readyToPrint,The title of ready to print tab,Ready to print,මුද්‍රණය කිරීම සඳහා සූදාර්ථයක් විසින් ඇත,அசைவு செய்ய உள்ளேன்
regHome.registrationNumber,The heading of registration no. column,Registration no.,ලියාපදිංචි අංකය.,பதிவு எண்.
regHome.requestedCorrection,Label for registration status requested correction,Requested correction,ඇයගේ අවශ්‍යතාව සංස්කරණය කිරීමට ඉල්ලීමට ඉල්ලුම් විය.,கோரிய சரியாக செய்யப்பட்டது
regHome.searchInput.placeholder,,Look for a record,ලාමාලා සෙවීම කරන්න,ஒரு பதிவை தேடுங்கள்
regHome.sentForApprovals,The title of sent for approvals tab,Sent for approval,අනුමත කිරීම සඳහා යවන ලදුව,அனுமோனத்துக்கு அனுப்பப்பட்டுள்ளது
regHome.sentForExternalValidation,The label for external validation waiting duration column,Sent for external validation,බාහිර සංස්කරණය සදහා යවන ලදුවද යන්නේ.,வெளியேற்றுக்கு அனுப்பப்பட்டுள்ளது
regHome.sentForUpdates,The title of sent for updates tab,Sent for updates,යාවත්කාලී කිරීම සඳහා යවන ලදුදුන්න,புதுப்பிக்க அனுப்பப்பட்டது
regHome.table.label,Results label at the top of the data table component,Results,ප්‍රතිඵල,முடிவுகள்
regHome.table.label.action,Label for action in work queue list item,Action,ක්‍රියාකාරකයාගේ නාමය සහ කාර්යයන් පිළිබඳව ප්‍රතිචාරයක් ලබා දෙන්න.,செயல்
regHome.table.label.declarationDate,Label for declaration date in work queue list item,Declaration sent,නිවේදනය යැවීම යවන ලදි.,அறிக்கை அனுப்பப்பட்டது
regHome.table.label.registeredDate,Label for date of registration in work queue list item,Registered,ලියාපදිංචියා,பதிவு செய்யப்பட்டது
regHome.val.regAgent.tooltip,Text to display for validated declaration as tooltip,Declaration has been validated and waiting for approval,ප්‍රඳුන් සංවර්ධනය කළ හැකි වීම සහිතව අනුමැතිය පිළිබඳව පොඩි වී ඇත.,அறிக்கை சரிபார்க்கப்பட்டு அனுமதி காத்திருக்கின்றது.
regHome.validated.registrar.tooltip,Text to display for validated declaration as tooltip,Declaration has been validated by a registration agent,ලියාපදිංචි කළ ලදි ලියාපදිංචි නිර්දේශිතයා විසින් තහවුරු කරන ලදි,பதிவு பரிசீலிக்கப்பட்டுள்ளது ஒரு பதிவு மதிப்பாய்வு மனுவராக்காள்.
regHome.waitingForExternalValidation,The title of waiting for external validation,Waiting for external validation,බාහිර සංහිතය බලන්නේ නැත,வெளியேற்று அங்கீகாரத்தை காத்திருக்கிறேன்
regHome.workqueue.downloadDeclarationFailed,Label for declaration downloading failed,Failed to download record. Please try again,රෙදිල් බා‌ගත කිරීම අසාර්ථකව පවතී. කරුණාකර නැවත උත්සහා කරන්න.,பதிவேற்றுவதில் தோல்வி ஏற்பட்டது. மீண்டும் முயற்சி செய்க
register.SelContact.birthRelLabel,,Relationship to child,ළමයාට සම්බන්ධයක්,குழந்தைக்கு உறவு
register.SelectContactPoint.error,,Please select a main point of contact,කරුණාකර ප්‍රස්ථාරයේ මූලික දුරකථන අංකය තෝරන්න.,தயவுசெய்து ஒரு முக்கிய தொடர்பு புள்ளி தேர்ந்தெடுக்கவும்.
register.SelectContactPoint.heading,,Main point of contact,මූලික අදාළ අන්තරජාලය,தொடர்பு முகவரி
register.SelectContactPoint.phoneNoError,Phone no error text,Not a valid mobile number,එය වලංගු ජංගම දුරකථන අංකය නොවේ.,செல்லுபடியாக இல்லை என்று உறுதிப்படுத்தப்பட்ட மொபைல் எண்
register.SelectContactPoint.phoneNoLabel,,Phone number,දුරකතන අංකය,தொலைபேசி எண்
register.SelectContactPoint.title,,Birth declaration,උපන්දින ප්‍රකාශය,பிறப்பு அறிக்கை
register.conf.butt.back.dup,,Back to duplicate,පුද්ගලයාට ආරම්භ කරන්න.,மறுபடியும் திரும்பு (Back to duplicate)
register.conf.butt.newDecl,,New declaration,නව ප්‍රකාශය,புதிய அறிக்கை
register.confirmationScreen.boxHeaderDesc,,"{event, select, declaration {{eventType, select, birth {birth} death {death} other{birth}} declaration has been sent for review.} registration {{eventType, select, birth {birth} death {death} other{birth}} has been registered.} duplication {{eventType, select, birth {birth} death {death} other{birth}} has been registered.} rejection {{eventType, select, birth {birth} death {death} other{birth}} declaration has been rejected.} certificate {{eventType, select, birth {birth} death {death} other{birth}} certificate has been completed.} offline {{eventType, select, birth {birth} death {death} other{birth}} declaration will be sent when you reconnect.} other {{eventType, select, birth {birth} death {death} other{birth}}}","{සිදුවීම, තෝරාගත්, නිවාස {{eventType, තෝරාගත්, උපන්දින {birth} මරණ {death} වෙනත්{birth}} නිවාස සඳහා සටහන පැහැදිලි කළා.} ලියාපදිංචි {{eventType, තෝරාගත්, උපන්දින {birth} මරණ {death} වෙනත්{birth}} ලියාපදිංචි කළා.} අනුරූපනය {{eventType, තෝරාගත්, උපන්දින {birth} මරණ {death} වෙනත්{birth}} ලියාපදිංචි කළා.} ප්‍රතිපාදනය {{eventType, තෝරාගත්, උපන්දින {birth} මරණ {death} වෙනත්{birth}} සටහන පැහැදිලි කළා.} වසර {{eventType, තෝරාගත්, උපන්දින {birth} මරණ {death} වෙනත්{birth}} සටහන ඔබට නැවත සම්බන්ධ වෙනවා.} වෙරණ {{eventType, තෝරාගත්, උපන්දින {birth} මරණ {death} වෙනත්{birth}}}}","{event, select, declaration {{eventType, select, birth {பிறப்பு} death {மரணம்} other{பிறப்பு}}} அறிக்கை மதிப்புரையிடப்பட்டுள்ளது.} பதிவு {{eventType, select, birth {பிறப்பு} death {மரணம்} other{பிறப்பு}}} பதிவு செய்யப்பட்டுள்ளது.} நகலெடுப்பு {{eventType, select, birth {பிறப்பு} death {மரணம்} other{பிறப்பு}}} பதிவு செய்யப்பட்டுள்ளது.} நிராகரணம் {{eventType, select, birth {பிறப்பு} death {மரணம்} other{பிறப்பு}}} அறிக்கை நிராகரிக்கப்பட்டுள்ளது.} சான்றிதழ் {{eventType, select, birth {பிறப்பு} death {மரணம்} other{பிறப்பு}}} முடிக்கப்பட்டுள்ளது.} ஆஃப்லைன் {{eventType, select, birth {பிறப்பு} death {மரணம்} other{பிறப்பு}}} அறிக்கை உங்கள் மீது மீண்டும் இணைந்தால் அனுப்பப்படும்.} மற்றவை {{eventType, select, birth {பிறப்பு} death {மரணம்} other{பிறப்பு}}}"
register.confirmationScreen.buttons.back,,Back to homescreen,නැවත නිවාඩු තිබෙනවා,முதல் தளத்திற்கு திரும்புக
register.confirmationScreen.trackingSectionDesc,,"{event, select, certificate {Certificates have been collected from your jurisdiction.} other {The informant will receive this number via SMS, but make sure they write it down and keep it safe. They should use the number as a reference if enquiring about their registration.} registration {The informant will receive this number via SMS with instructions on how and where to collect the certificate.} duplication{The informant will receive this number via SMS with instructions on how and where to collect the certificate.} rejection{The declaration agent will be informed about the reasons for rejection and instructed to follow up.} offline {The informant will receive the tracking ID number via SMS when the declaration has been sent for review.}} ","{event, select, certificate {ඔබගේ ප්‍රාදේශීයේ සහය සොයාගත හැකිය.} other {ප්‍රස්තුවේ පිළිබඳ දැනුම් අයගේ දුරකථනයට මෙම අංකය ලබා දෙනවා, නම් ඒවා ලිවීමේ සහාය හා ආරක්ෂා කරන්න. එවිට අයගේ ලියාපදිංචි ගැන විමසීමට ඒ අංකය භාවිතා කරනවා.} registration {ප්‍රස්තුවේ පිළිබඳ දැනුම් අයගේ දුරකථනයට මෙම අංකය ලබා දෙනවා, නම් ඒවා ලිවීමේ සහාය හා ආරක්ෂා කරනවා.} duplication{ප්‍රස්තුවේ පිළිබඳ දැනුම් අයගේ දුරකථනයට මෙම අංකය ලබා දෙනවා, නම් ඒවා ලිවීමේ සහාය හා ආරක්ෂා කරනවා.} rejection{ප්‍රස්තුව නිකුත් කළ හැකි හේතුවන් පිළිබඳ ප්‍රකාශ කිරීම සඳහා ප්‍රකාශක් දැක්වීම සහ පිළිබඳ සපුරා කිරීම පිළිබඳ පිළිබඳ ප්‍රකාශ කිරීම සඳහා ප්‍රකාශක් දැක්වීම සහ පිළිබඳ සපුරා කිරීම පිළිබඳ ප්‍රකාශ කිරීම සඳහා ප්‍රකාශක් දැක්වීම සහ පිළිබඳ සපුරා කිරීම පිළිබඳ ප්‍රකාශ කිරීම සඳහා ප්‍රකාශක් දැක්වීම සහ පිළිබඳ සපුරා කිරීම පිළිබඳ ප්‍රකාශ කිරීම සඳහා ප්‍රකාශක් දැක්වීම සහ පිළිබඳ සපුරා කිරීම පිළිබඳ ප්‍රකාශ කිරීම සඳහා ප්‍රකාශක් දැක්වීම සහ පිළිබඳ සපුරා කිරීම පිළිබඳ ප්‍රකාශ කිරීම සඳහා ප්‍රකාශක් දැක්වීම සහ පිළිබඳ සපුරා කිරීම පිළිබඳ ප්‍රකාශ කිරීම සඳහා ප්‍රකාශක් දැක්වීම සහ පිළිබඳ සපුරා කිරීම පිළිබඳ ප්‍රකාශ කිරීම සඳහා ප්‍රකාශක් දැක්වීම සහ පිළිබඳ සපුරා කිරීම පිළිබඳ ප්‍රකාශ කිරීම සඳහා ප්‍රකාශක් දැක්වීම සහ පිළිබඳ සපුරා කිරීම පිළිබඳ ප්‍රකාශ කිරීම සඳහා ප්‍රකාශක් දැක්වීම සහ පිළිබඳ සපුරා කිරීම පිළිබඳ ප්‍රකාශ කිරීම සඳහා ප්‍රකාශක් දැක්වීම සහ පිළිබඳ සපුරා කිරීම පිළිබඳ ප්‍රකාශ කිරීම සඳහා ප්‍රකාශක් දැක්වීම සහ පිළිබඳ සපුරා කිරීම පිළිබඳ ප්‍රකාශ කිරීම සඳහා ප්‍රකාශක් දැක්වීම සහ පිළිබඳ සපුරා කිරීම පිළිබඳ ප්‍රකාශ කිරීම සඳහා ප්‍රකාශක් දැක්වීම සහ පිළිබඳ සපුරා කිරීම පිළිබඳ ප්‍රකාශ කිරීම සඳහා ප්‍රකාශක් දැක්වීම සහ පිළිබඳ සපුරා කිරීම පිළිබඳ ප්‍රකාශ කිරීම සඳහා ප්‍රකාශක් දැක්වීම සහ පිළිබඳ සපුරා කිරීම පිළිබඳ ප්‍රකාශ කිරීම සඳහා ප්‍රකාශක් දැක්වීම සහ පිළිබඳ සපුරා කිරීම පිළිබඳ ප්‍රකාශ කිරීම සඳහා ප්‍රකාශක් දැක්වීම සහ පිළිබඳ සපුරා කිරීම පිළිබඳ ප්‍රකාශ කිරීම සඳහා ප්‍රකාශක් දැක්වීම සහ පිළිබඳ සපුරා කිරීම පිළිබඳ ප්‍රකාශ කිරීම සඳහා ප්‍රකාශක් දැක්වීම සහ පිළිබඳ සපුරා කිරීම පිළිබඳ ප්‍රකාශ කිරීම සඳහා ප්‍රකාශක් දැක්වීම සහ පිළිබඳ සපුරා කිරීම පිළිබඳ ප්‍රකාශ කිරීම සඳහා ප්‍රකාශක් දැක්වීම සහ පිළිබඳ සපුරා කිරීම පිළිබඳ ප්‍රකාශ කිරීම සඳහා ප්‍රකාශක් දැක්වීම සහ පිළිබඳ සපුරා කිරීම පිළිබඳ ප්‍රකාශ කිරීම සඳහා ප්‍රකාශක් දැක්වීම සහ පිළිබඳ සපුරා කිරීම පිළිබඳ ප්‍රකාශ කිරීම සඳහා ප්‍රකාශක් දැක්වීම සහ පිළිබඳ සපුරා කිරීම පිළිබඳ ප්‍රකාශ කිරීම සඳහා ප්‍රකාශක් දැක්වීම සහ පිළිබඳ සපුරා කිරීම පිළිබඳ ප්‍රකාශ කිරීම සඳහා ප්‍රකාශක් දැක්වීම සහ ප","{event, select, certificate {உங்கள் பகுப்பாய்வுக்கு சான்றிதழ்கள் சேர்க்கப்பட்டுள்ளன.} other {தகவல் அறியப்படுவது என்ன என்பது அவர்கள் எந்த பதிவுக்கு கேட்கின்றனர் என்று SMS வழியாக அவர்களுக்கு அறியப்படும், ஆனால் அவர்கள் அதை எழுதி காப்பாற்ற வேண்டும். அவர்கள் தங்கள் பதிவுக்கு கேட்கும்போது இதை குறிப்பிட்ட எண் பயன்படுத்த வேண்டும்.} registration {தகவல் அறியப்படுவது என்ன என்பது அவர்கள் SMS வழியாக அவர்களுக்கு அறியப்படும், அதிகாரத்தில் எப்படி மற்றும் எங்கே சான்றிதழை சேர்க்க வேண்டும் என்ற வழிகளுடன்.} duplication{தகவல் அறியப்படுவது என்ன என்பது அவர்கள் SMS வழியாக அவர்களுக்கு அறியப்படும், அதிகாரத்தில் எப்படி மற்றும் எங்கே சான்றிதழை சேர்க்க வேண்டும் என்ற வழிகளுடன்.} rejection{நிருபர் அதிகாரத்திற்கு நிராகரிக்கப்பட்ட காரணங்களை அறியப்படுத்தப்படும் மற்றும் பின்பு பிரகடனை பின்பற்ற உத்தியை அறியப்படுத்தப்படும்.} offline {தகவல் அறியப்படுவது என்ன என்பது அவர்கள் பிரகடனத்தை மதிப்பீடு செய்யப்பட்ட பின்னர் SMS வழியாக அவர்களுக்கு டிராக்கிங் ஐடி எண் அறியப்படும்.}}"
register.confirmationScreen.trackingSectionTitle,,"{event, select, declaration {Tracking number:} registration {{eventType, select, birth {Birth} death {Death}} Registration Number:} duplication {{eventType, select, birth {Birth} death {Death}} Registration Number:} other {Tracking number:} certificate {} offline {Tracking number:}} ","{event, select, declaration {බදු අංකය:} registration {{eventType, select, birth {උපන් අවුරුදු} death {මරයා අවුරුදු}} ලියාපදිංචි අංකය:} duplication {{eventType, select, birth {උපන් අවුරුදු} death {මරයා අවුරුදු}} ලියාපදිංචි අංකය:} other {බදු අංකය:} certificate {} offline {බදු අංකය:}}","{நிகழ்வு, தேர்ந்தெடு, அறிக்கை {கண்காணிப்பு எண்:} பதிவு {{eventType, தேர்ந்தெடு, பிறப்பு {பிறப்பு} மரணம் {மரணம்}} பதிவு எண்:} நகல் {{eventType, தேர்ந்தெடு, பிறப்பு {பிறப்பு} மரணம் {மரணம்}} பதிவு எண்:} மற்றவை {கண்காணிப்பு எண்:} சான்றிதழ் {} ஆஃப்லைன் {கண்காணிப்பு எண்:}}"
register.eventInfo.birth.listItem0,,I am here to start the birth registration process for you.,මා ඔබට උපරිම ලිපි ලියාපදිංචි කිරීමේ ක්‍රියාකාරී කිරීම සඳහා මෙමෙන් එදිනෙදා ඉන්නවා.,உங்களுக்கு பிறப்பு பதிவு செய்ய இங்கே வருகிறேன்.
register.eventInfo.birth.listItem1,,You will receive an SMS to tell you when to visit the office to collect the certificate - Take your ID with you.,ඔබට කාර්යාලයට සහතිකය ලබා ගැනීමට පැමිණිය යුතු දිනය පිළිබඳව දැනුම්දෙන SMS පණිවිඩයක් ලැබේ – ඔබගේ හැඳුනුම්පත අරගෙන යන්න.,சான்றிதழை பெற நீங்கள் அலுவலகம் செல்ல வேண்டிய நேரத்தைத் தெரிவிக்க ஒரு குறுஞ்செய்தி வரும் – உங்கள் அடையாள அட்டையை கொண்டு செல்லவும்.
register.eventInfo.birth.listItem2,,"Make sure you collect the certificate. A birth certificate is critical for this child, especially to make their life easy later on. It will help to access health services, school examinations and government benefits.","තහවුරු කරන්න ඔබට සහයෝගය ලබාගත යුතුය. මෙම ළමයාගේ ජීවිතය පසුගිය වසරේ පසු පහසු කිරීමට තිබේ. එය සෞඛ්‍ය සේවාවන්, පාසලේ පරීක්ෂණ සහ රජයේ බාහිර ලදි.","சான்றிதழை சேகரிக்க உறுதிப்படுத்துங்கள். இந்த குழந்தைக்கு பிறப்பு சான்றிதழ் முக்கியம், குறிப்பாக அவர்கள் பின்னணியில் உதவும். இது சுகாதார சேவைகளை, பள்ளி தேர்வுகளை மற்றும் அரசு நன்குலுக்களை அணுக உதவும்."
register.eventInfo.birth.listItem3,,,,
register.eventInfo.birth.title,,Introduce the birth registration process to the informant,නිවාස වාර්තා ස්ථානයට පිළිබඳ දැනුම්දීමක් දැක්කගත හැකිය.,பிறப்புப் பதிவு செயல்முறையை தகவல் வழங்குபவருக்கு அறிமுகப்படுத்தவும்
register.eventInfo.death.listItem0,,I am here to start the death registration process for you.,මා ඔබට මධ්‍යහන ලියාපදිංචි කිරීමේ ක්‍රියාකාරී කිරීම සඳහා මෙම්බර් ඇතුල් වෙයි.,உங்களுக்கு மரண பதிவு செய்துவிட வந்துவிட்டேன்.
register.eventInfo.death.listItem1,,You will receive an SMS to tell you when to visit the office to collect the certificate - Take your ID with you.,ඔබට සහයෝගිතා SMS එක ලැබේ නම් ලියාපදිංචි ගොනු ගමනට පැමිණෙන්නේ නම් - ඔබගේ හැඳුනුම් එක එකතු කරන්න.,உங்களுக்கு சான்றிதழை பெற அலுவலகத்தில் சந்திக்க எப்போது வர வேண்டும் என்று தெரிவிக்கும் எஸ்எம்எஸ் பெறுவீர்கள் - உங்கள் ஐடி உங்களுடைய கூட்டுத்தாவரை எடுத்து செல்லுங்கள்.
register.eventInfo.death.listItem2,,Make sure you collect the certificate. A death certificate is critical to support with inheritance claims and to resolve the affairs of the deceased e.g. closing bank accounts and settling loans.,තහවුරු ලබාගන්නේ සියලුම ප්‍රවේශ අයිතියන් සහ මස්පිලියන් සහිත ප්‍රවේශ අයිතියන් සඳහා අවශ්‍ය වේ. බැංකු ගිනුම් වසා ගැනීම් සහ ණය කිරීම් සදහා මධ්‍යස්ථාන වසා ගැනීම සහ ණය කිරීම සදහා මහතා අවශ්‍ය වේ.,"சான்றிதழை சேகரிக்க உறுதிப்படுத்துங்கள். பிரபஞ்சத்தில் இல்லாதவரின் சம்பளங்களை உதவ முக்கியமான மரண சான்றிதழ் உதவும், உத்தரவுகளை தீர்மானிக்க உதவும் என்பது முக்கியமாகும், உதாரணம், வங்கி கணக்குகளை மூடுவது மற்றும் கடன்களை தீர்மானிக்கும்."
register.eventInfo.death.listItem3,,,,
register.eventInfo.death.title,,Introduce the death registration process to the informant,නිවාඩුවට මිලදී ගැනීමේ ක්‍රමය ප්‍රවේශ කරන්න.,தகவல் வழக்குக்கு அறிக்கையாளருக்கு மரணத் தகவல் பதிவு செய்யும் முறையை அறியவும்.
register.eventInfo.event.title,,"Introduce the {eventType, select, birth{birth} death{death} other{marriage}} registration process to the informant","නිවාඩුවක් ලැබීමේ {eventType, select, birth{උපරිම} death{මරණ} other{විවේචන}} ලියාපදිංචි කිරීමේ ක්‍රමය පොදු විස්තරයක් ලබා දෙන්න.","தகவலருக்கு {eventType, select, birth{பிறப்பு} death{மரணம்} other{திருமணம்}} பதிவு செய்யும் செயல்பாடுகளை அறியவும்."
register.eventInfo.marriage.listItem0,,I am here to complete the marriage registration declaration for you.,මා ඔබට සියලු විවේචන ලියාපදිංචි කිරීම සඳහා මෙම්බර් ලියාපදිංචි සමාලෝචනය කිරීම සඳහා මා මෙතැනින් ඉන්නවා.,நான் உங்களுக்கு திருமண பதிவு அறிக்கையை முடிக்க இங்கே உள்ளேன்.
register.eventInfo.marriage.listItem1,,"Once I complete the declaration, it will be sent to the registration office for review.","මා ප්‍රලේඛනය සම්පූර්ණ කිරීමෙන් පසු, එය සකසා දැමීම සඳහා ලියාපදිංචි කාර්යයට යවනු ඇත.","நான் பிரதிநிதியை முடித்த பின்னர், அது பதிவு அலுவலகத்திற்கு அனுப்பப்படும்."
register.eventInfo.marriage.listItem2,,Wait for an SMS to tell you when to visit the office to collect the certificate - Take your ID with you.,සහතිකය ලබා ගැනීමට කාර්යාලයට පැමිණිය යුතු දිනය දැනුම්දෙන SMS පණිවිඩයක් සඳහා රැදී සිටින්න – ඔබගේ හැඳුනුම්පත අරගෙන යන්න.,சான்றிதழை பெற நீங்கள் அலுவலகம் செல்ல வேண்டிய நேரத்தைத் தெரிவிக்கும் ஒரு குறுஞ்செய்திக்காக காத்திருங்கள் – உங்கள் அடையாள அட்டையை கொண்டு செல்லவும்.
register.eventInfo.marriage.title,,Introduce the marriage registration process to the informant,නිවාඩුවට සහයෝගය පිළිබඳ දැනුම් දැක්කා දක්වන්න.,தகவல் வழியாக திருமண பதிவு செய்துகொள்ளும் படிக்காலியினுக்கு அறிக்கையை அறிவிக்கவும்.
register.form.informationMissing,,Information missing,තොරතුරු අසාර්ථකයි,தகவல் இல்லை
register.form.missingFieldsDescription,,"The following information will be submitted for validation. Please
    make sure all required details have been filled in correctly. There
    are {numberOfErrors} missing mandatory fields in your form:",පරීක්ෂා සඳහා පිවිසුම් පිළිබඳ පහත විස්තර යොදා ඇත්ද නම් කරුණාකර සෑම අවශ්‍ය විස්තරයක්ද හෝ වැරදියි යන්න. ඔබගේ ආරක්ෂිත පොත් තුල {numberOfErrors} සුදුසු අත්තිකාර ක්ෂේත්‍ර සහිතව නොවේ:,பின்வரும் தகவல்கள் சரிபார்க்கப்படும். தயவுசெய்து அனைத்து தேவையான விவரங்களை சரியாக நிரப்பப்பட்டுள்ளனவாகவும். உங்கள் படிவத்தில் {numberOfErrors} இலவச தேவையான புலங்கள் இல்லை:
register.form.modal.areYouReadyToSubmit,,Are you ready to submit?,ඔබ ඉක්මන් වියදම් කිරීමට සූදානම්ද?,நீங்கள் சமர்ப்பிக்க தயாரா?
register.form.modal.desc.deleteDeclarationConfirm,Description for delete declaration confirmation modal,"Are you certain you want to delete this draft declaration form? Please note, this action cant be undone.",ඔබ මෙම ඡාංගය ඉවත් කිරීමට සිදුවෙමින්ටද? කරුණාකර අදාළ ක්‍රියාව අසලකා නොහැකිය.,"இந்த வரையறு படிவமையை நீக்க விரும்புகிறீர்களா? தயவுசெய்து கவனம் செலுத்தவும், இந்த செயல்பாடு மீண்டும் செயலாக்க முடியாது."
register.form.modal.desc.exitWithoutSavingDeclarationConfirm,Description for exit declaration without saving confirmation modal,You have unsaved changes on your declaration form. Are you sure you want to exit without saving?,ඔබේ ප්‍රකාශ පෝරමයේ සුරක්ෂිත කර නොමැති වෙනස්කම් ඇත. සුරක්ෂිත නොකර පිටවීමට ඔබට විශ්වාසද?,உங்கள் அறிக்கை படிவத்தில் சேமிக்கப்படாத மாற்றங்கள் உள்ளன. சேமிக்காமல் வெளியேற விரும்புகிறீர்களா?
register.form.modal.desc.exitWithoutSavingModalForCorrection,Description for exit declaration without saving confirmation modal for correct record,Are you sure you want to exit? Any corrections you have made will not be saved.,ඔබට නිවැරදිව ඉවත් වීමට අවශ්‍යද? ඔබ කළ තෝරාගත් සුළු සංස්කරණයන් සුරක්ෂිත කර නොයාමෙන් සුරැකිය නොහැකි වේ.,நீங்கள் வெளியேற விரும்புகிறீர்களா? நீங்கள் செய்த எந்த திருத்தங்களும் சேமிக்கப்படாது.
register.form.modal.desc.saveCorrectionConfirm,Description for save correction confirmation modal,The declarant will be notified of this correction and a record of this decision will be recorded,මානව මෙම සුළු දිනවල දී දීමනාවක් සහිත ප්‍රතිපත්තියට දැක්වීමට හා මෙම තීරණයේ වාර්තාව ලබා දෙනවීමට දීමට පිළිබඳව දීමනාවක් දැක්වීමට අවශ්‍ය වේ.,"இந்த சரிபார்ப்புக்கு அறிக்கையாளருக்கு அறிவித்து, இந்த முறையில் எடுக்கப்பட்ட முகவரி பதிவு சேர்க்கப்படும்."
register.form.modal.desc.saveCorrectionReject,Description for reject correction modal,The declarant will be notified of this decision and a record of this decision will be recorded,මානව ප්‍රකාශය මෙම නිවාඩුව දැක්වීමේ ප්‍රතිපත්ති සහිත විස්තරය ලබා දෙනවා හා මෙම නිවාඩුව ලියාපදිංචි කරනවා.,பேணி {name} இந்த முடிவுக்கு அறிவிக்கப்படும் மற்றும் இந்த முடிவின் பதிவு செய்யப்படும்.
register.form.modal.desc.saveDeclarationConfirm,Description for save declaration confirmation modal,All inputted data will be kept secure for future editing. Are you ready to save any changes to this declaration form?,සියලුම ආදායම් දත්ත අතිරික් කළ හැකිය යුතුය. මෙම ප්‍රලේඛන ප්‍රකාශක් සුරකින්නේද?,அனைத்து உள்ளீட்டு தரவுகளும் எதிர்கால திருத்தம் சேமிக்கப்படும். இந்த அறிக்கை படிவத்தில் எந்த மாற்றங்களையும் சேமிக்க உங்களுக்கு தயாரா?
register.form.modal.desc.validateConfirmation,Description for validate confirmation modal,This declaration will be sent for approval prior to registration.,මෙම ප්‍රඳාරය ලියාපදිංචි කළ පෙර ලියාපදි සඳහා යවනු ඇත.,இந்த அறிக்கை பதிவுக்கு முன்னர் அங்கீகாரம் அனுப்பப்படும்.
register.form.modal.submitDescription,Submit description text on submit modal,By clicking “Submit” you confirm that the informant has read and reviewed the information and understands that this information will be shared with Civil Registration authorities.,"""ඉස්ලාම් කිරීමෙන් ඔබ දැනටමත් දැනුම් කිරීම් කියා ඇත්තේ පිළිබඳව කිසිවක් කියනු ලබනු ඇත් ආදායම් පරීක්ෂා කර තිබේ ආදායක ලේඛන අත්සන් කරනු ලබනු ඇත.""","""சமர்பிக்கும் பொழுது “சமர்பிக்க” என்பதை அங்கத்தினர் வாசித்து ஆராய்த்து அறிந்துகொள்ளப்பட்டது என்பதை உறுதிசெய்கிறீர்கள் மற்றும் இந்த தகவல் புலம் பதிவு அதிகாரிகளுடன் பகிரப்படும் என்று புஷ்டிக்கிறீர்கள்."""
register.form.modal.title.deleteDeclarationConfirm,Title for delete declaration confirmation modal,Delete draft?,කාටහිමික ලිපිය ඉවත් කරන්නේ ද?,வரையறுக்கவும்?
register.form.modal.title.exitWithoutSavingDeclarationConfirm,Title for exit declaration without saving confirmation modal,Exit without saving changes?,වෙනස් සුරකින්නේද?,மாற்றங்களை சேமிக்காதே வெளியேற வேண்டுமா?
register.form.modal.title.exitWithoutSavingModalForCorrection,Title for exiting correction record without saving confirmation,Exit correct record?,වලංගු වාර්තා සපයනවාද?,சரியான பதிவை விட்டுப் போகவேண்டுமா?
register.form.modal.title.saveCorrectionConfirm,Title for save correction confirmation modal,Approve correction?,සංස්කරණය අනුමත කරනවාද?,சரிபார்க்கவும்?
register.form.modal.title.saveCorrectionReject,Title for reject correction modal,Reject correction?,නැවත සංස්කරණය ප්‍රතික්ෂේප කරනවාද?,பிழையை நிராகரிக்க வேண்டுமா?
register.form.modal.title.saveDeclarationConfirm,Title for save declaration confirmation modal,Save & exit?,සුරකින්න හෝ ඉවත්වෙනවා?,சேமி & வெளியேறுக?
register.form.modal.title.submitConfirmation,,"{completeDeclaration, select, true {Send for review?} other {Send for review?}}","{completeDeclaration, select, true {සම්පූර්ණ කිරීම?} other {සම්පූර්ණ කිරීම?}}","{completeDeclaration, select, true {மதிப்பீடு முடிந்ததால் அனுமதிக்கவும்?} other {மதிப்பீடு முடிந்ததால் அனுமதிக்கவும்?}}"
register.form.modal.title.validateConfirmation,Title for validate confirmation modal,Send for approval?,අනුමත කිරීම සඳහා යවන්නේ?,அனுமோனத்தை அனுப்பவா?
register.form.newVitalEventRegistration,The message that appears for new vital event registration,"{event, select, birth {Birth} death {Death} marriage {Marriage} divorce {Divorce} other {Adoption}} declaration","{event, select, birth {උප්පැන්න} death {මරණ} marriage {විවාහය} divorce {දික්කසාදය} other {දත්තා ගැනීම}} ප්‍රකාශය","{event, select, birth {பிறப்பு} death {மரணம்} marriage {திருமணம்} divorce {விவாகரத்து} other {தத்தெடுத்தல்}} அறிவிப்பு"
register.form.previewEventRegistration,The message that appears for new birth registrations,"{event, select, birth {Birth} death {Death} marriage {Marriage} divorce {Divorce} other {Adoption}} declaration preview","{event, select, birth {උපන්දිනය} death {මරණය} marriage {විවාහය} divorce {විස්තරය} other {ප්‍රතිස්සනය}} ප්‍රකාශකරණය පෙන්වන්න","{event, select, birth {பிறப்பு} death {மரணம்} marriage {திருமணம்} divorce {பிரிப்பு} other {ஏதேனும் மற்றவை}} அறிக்கை முன்பே காண்பிக்கும்"
register.form.required,Required field error message,This field is required,මෙම ක්ෂේත්‍රය අවශ්‍ය වේ.,இந்த புலம் தேவைப்படுகின்றது
register.form.reviewEventRegistration,The message that appears for new birth registrations,"{event, select, birth {Birth} death {Death} marriage {Marriage} divorce {Divorce} other {Adoption}} registration review","{event, select, birth {උප්පැන්න} death {මරණ} marriage {විවාහය} divorce {දික්කසාදය} other {දත්තා ගැනීම}} ලියාපදිංචි සමාලෝචනය","{event, select, birth {பிறப்பு} death {மரணம்} marriage {திருமணம்} divorce {பிரிப்பு} other {ஏதேனும் மற்றவை}} பதிவு மருத்துவம்"
register.form.saveAsDraft,,Save as draft,උපරිමයෙන් සුරකිනවා,உத்தரவை உள்ளிட்டுக்கொள்
register.form.section.preview.name,Form section name for Preview,Preview,පෙරදසුන්,முன்னோட்டம்
register.form.section.preview.title,Form section title for Preview,Preview,පෙළක් දර්ශනය කරන්න,முன்னோட்டம்
register.form.section.review.title,,Review,අදාළවල්,மதிப்பீடு
register.primaryInformant.description,,This person is responsible for providing accurate information in this declaration.,මෙම පුද්ගලයා මෙම ප්‍රකාශයේ ස්ථානය තුළ සාදන ස්ථානය ලබා දෙන්නේ සත්‍ය තොරතුරු සපයන්නේ.,இந்த பதிவில் சரியான தகவல்களை வழங்குவதற்கு இந்த நபர் பொறுப்பாக உள்ளார்.
register.primaryInformant.errorMessage,,Please select who is the primary informant,කරුණාකර ප්‍රථිප්‍රිකාව වෙනස් කළ යුතු පුද්ගල තෝරන්න.,முதன்மை அறிக்கையாளர் யார் என்பதை தேர்ந்தெடுக்கவும்.
register.primaryInformant.registerNewEventHeading,,Primary informant,මූලික ප්‍රස්ථාරයා,முதன்மை தகவல் அறிவியலாளர்
register.registerForm.queryError,The error message shown when a search query fails,"The page cannot be loaded at this time due to low connectivity or a network error. Please click refresh to try again, or try again later.",මාධ්‍යකයා හෝ වෛරස් දෝෂය නිසා මෙම පිටුව දැනට පූර්ව කළ නොහැක. නැවත උත්සහා කිරීමට ක්ලික් කරන්න හෝ එය නැවත උත්සහා කිරීමට පසු උත්සහා කරන්න.,தற்போது தொடர்பு கொண்டு பக்கம் ஏற்ற முடியவில்லை என்று குறைந்த இணைய இணைப்பு அல்லாத பிழை காரணமாக இருக்கிறது. மீண்டும் முயற்சி செய்ய ரிஃப்ரெஷ் ஐ அழுவதற்கு அல்லது பிற்கு மீண்டும் முயற்சி செய்யவும்.
register.selInf.deathInfSomeoneElse,,Relationship to the deceased,මස්සාරේ සම්මුඛයට අයිතියට සම්බන්ධයෙන්ම පිළිබඳව සහභාගී වන්නේ කුමන්ත්‍රණයක් වේ.,இறந்தவருக்கு உறவு
register.selectInformant.birthErrorMessage,Label for birth error message,Please select who is the informant,කරුණාකර ප්‍රසවි කළ යුතු දෙයින් තෝරන්න.,தயவுசெய்து அறிக்கையாளர் யார் என்பதை தேர்ந்தெடுக்கவும்.
register.selectInformant.birthInformantTitle,Who is applying for birth registration,Informant type,සුදුසුකරු වර්ගය,தகவல் வழக்கம்
register.selectInformant.daughter,,Daughter,කුමාදේවල්,மகள்
register.selectInformant.deathErrorMessage,Label for death error message,Please select the relationship to the deceased,කරුණාකර මියැසිකරුගේ සම්බන්ධය තෝරන්න.,தயவுசெய்து இறந்தவருக்கு உண்மையான உறவுகளைத் தேர்ந்தெடுக்கவும்
register.selectInformant.deathInformantTitle,Who is applying for death registration,Informant type,සුදුසුකරු වර්ගය,அறிக்கையாளர் வகை
register.selectInformant.extendedFamily,,Extended family,දිනෙන්නාගේ පවුලේ පවුලේදීම,நீண்ட குடும்பம்
register.selectInformant.marriageInformantTitle,Who is applying for marriage registration,Informant's details,නිවේදනගැනීම්වේලාකාරීතාවක්,தகவல் வழங்குநரின் விவரங்கள்
register.selectInformant.newBirthRegistration,The title that appears for new birth registrations,New birth declaration,නව උපලේඛනය,புதிய பிறப்பு அறிக்கை
register.selectInformant.newDeathRegistration,The title that appears for new death registrations,New death declaration,නව මරණ ප්‍රලේඛනය,புதிய மரண அறிக்கை
register.selectInformant.newMarriageRegistration,The title that appears for new marriage registrations,New marriage declaration,නව විවේචනයේ ප්‍රකාශය,புதிய திருமண அறிக்கை
register.selectInformant.parents,The description that appears when selecting the parent as informant,Mother & Father,අම්මා & පියා,அம்மா & அப்பா
register.selectInformant.primaryInformant,,Primary informant,මූලික ප්‍රස්ථාරයා,முதன்மை தகவல் அறிவியலாளர்
register.selectInformant.relationshipLabel,,Relationship to deceased,මස්සාර සම්බන්ධය,இறந்தவருடன் உறவு
register.selectInformant.son,,Son,පුත්‍රයා,மகன்
register.selectInformant.spouse,,Spouse,සහෝයි,ஜீவனவாழ்க்கை
register.selectVitalEvent.backToReviewButton,,Back to review,පසුබිමට පිවිසෙනවා,மீண்டும் பரிசோதனை செய்ய வருகிறேன்
register.selectVitalEvent.errorMessage,Error Message to show when no event is being selected,Please select the type of event,කරුණාකර සිදුවීම් වර්ගය තෝරන්න.,நிகழ்வின் வகையைத் தேர்ந்தெடுக்கவும்.
register.selectVitalEvent.registerNewEventDesc,,Event type,සිදු වීම් වර්ගය,நிகழ்வு வகை
register.selectVitalEvent.registerNewEventHeading,The section heading on the page,Event type,සිදු වීම් වර්ගය,நிகழ்வு வகை
register.selectVitalEvent.registerNewEventTitle,The title that appears on the select vital event page,New declaration,නව ප්‍රකාශය,புதிய அறிக்கை
register.selectinformant.legalGuardian,,Legal guardian,වෛරස් ආධාරයා,சட்டமன்ற காப்புத்தொகை
register.workQueue.declarations.banner,,Declarations to register in your area,ඔබගේ කලාපයේ ලියාපදිංචි කිරීමේ ප්‍රකාශ ලියන්න,உங்கள் பகுதியில் பதிவு செய்ய வேண்டிய அறிக்கைகள்
registerModal.cancel,The label for cancel button of register modal,Cancel,අවලංගු කරනවා,ரத்து செய்
registerModal.description,The description for register modal,The declarant will be notified of this correction and a record of this decision will be recorded,මානව මෙම සුළු දිනවල දී දීමනාවන්ට දැන්වීමට හා මෙම තීරණයේ වාර්තාව ලබා දෙනවීමට අවශ්‍ය බව දක්වනු ලැබේ.,"இந்த சரிபார்ப்புக்கு அறிக்கையாளருக்கு அறிவித்து, இந்த முடிவுக்கு ஒரு பதிவு செய்யப்படும்."
registerModal.register,The label for register button of register modal,Register,ලියාපදිංචියක්,பதிவு செய்க
registerModal.title,The title for register modal,Register the member?,සාමාජිකයා ලියාපදිංචි කරන්නද?,உறுப்பினரை பதிவு செய்யவா?
rejectModal.archive,The label for archive button of reject modal,Archive,අත්සන් කරන්න,சேமிக்கும் இடம்
rejectModal.cancel,The label for cancel button of reject modal,Cancel,අවලංගු කරන්න,ரத்து செய்
rejectModal.description,The description for reject modal,Please describe the updates required to this record for follow up action.,අපේක්ෂක කාර්යයට සහාය කිරීම සඳහා මෙම වාර්තාවේ වෙනස්කල අවශ්‍යයා විසින් විස්තරයක් දක්වන්න.,"இந்த பதிவுக்கு தேவையான புதுப்பிப்புகளை விவரிக்கவும், பின்வரும் செயல்பாடுக்கு."
rejectModal.markAsDuplicate,The label for mark as duplicate checkbox of reject modal,Mark as a duplicate,අනිකයක් ලබා දීමට ල඙්රාවක් ලබා දෙනවා,நகலாக குறிக்கவும்
rejectModal.sendForUpdate,The label for send For Update button of reject modal,Send For Update,යාවත්කාලීනට යවන්න,புதுப்பிக்க அனுப்பவும்
rejectModal.title,The title for reject modal,Reason for rejection?,පරීක්ෂණය සඳහා හතරවරයා?,நிராகரணத்தின் காரணம்?
reloadmodal.body,Body of reload modal,There’s a new version of {app_name} available. Please update to continue.,{app_name} හි නව අනුවාදයක් ලබා ගත හැක. කරුණාකර පවතින්න යොදාගැනීම සඳහා.,{app_name} புதிய பதிப்பு உள்ளது. தொடர மேம்படுத்த தயவுசெய்து புதுப்பிக்கவும்.
reloadmodal.button.update,Label of update button,Update,යාවත්කාලීනය කරන්න,புதுப்பிக்கவும்
reloadmodal.title,Title when update is available,Update available,යාවත්කාලීනය ලබා ගත්වේ,புதுப்பிக்கல் கிடைக்கின்றது
review.actions.desc.regConfComp,,"By clicking register, you confirm that the information entered is correct and the vital event can be registered.",ලියාපදිංචි කිරීමෙන් ඔබ ඇතුළත් කළ තොරතුරු නිවැරදි විය හැකිය යුතුයි හා ආණ්ඩුවේ සියලු සිදුලු උපරිම ලියාපදිංචි කළ හැකිය.,"பதிவு செய்வதன் மூலம், நீங்கள் உள்ளிடப்பட்ட தகவல்கள் சரியானவை என்று உறுதிசெய்கிறீர்கள் மற்றும் முக்கிய நிகழ்வு பதிவு செய்ய முடியும்."
review.actions.desc.regConfInComp,,Please add mandatory information before registering.,ලියාපදිංචි වියදමට පෙර අවශ්‍ය විස්තර එක් කරන්න.,பதிவு செய்வது முன்னே அவசியமான தகவல்களை சேர்க்கவும்.
review.actions.description,,"By clicking register, you confirm that the information entered is correct and the vital event can be registered. ",ලියාපදිංචි කිරීමෙන් ඔබ ඇතුළත් කළ තොරතුරු නිවැරදි විය හැකිය යුතුයි හා ආණ්ඩුවේ සියලු සිදුරු ලියාපදිංචි කළ හැකිය.,"பதிவு செய்வதன் மூலம், நீங்கள் உள்ளிடப்பட்ட தகவல்கள் சரியானவை என்று உறுதிசெய்கிறீர்கள் மற்றும் முக்கிய நிகழ்வு பதிவு செய்ய முடியும்."
review.actions.description.confirmComplete,Description for review action component when complete declaration,The informant will receive an {deliveryMethod} with a registration number that they can use to collect the certificate.,දැනුම්දෙන පුද්ගලයාට සහතිකය ලබා ගැනීමට භාවිත කළ හැකි ලියාපදිංචි අංකයක් සහිත {deliveryMethod} එකක් ලැබෙනු ඇත.,தகவல் வழங்குபவர் சான்றிதழைப் பெற பயன்படும் பதிவு எண்ணுடன் கூடிய {deliveryMethod} ஐப் பெறுவார்.
review.actions.description.confirmInComplete,The description for declare action when form is in complete,The informant will receive an {deliveryMethod} with a tracking ID that they can use to provide the additional mandatory information required for registration,දැනුම්දෙන පුද්ගලයාට ලියාපදිංචිය සඳහා අවශ්‍ය අමතර අනිවාර්ය තොරතුරු ලබාදීමට භාවිත කළ හැකි නිරීක්ෂණ අංකයක් සහිත {deliveryMethod} එකක් ලැබෙනු ඇත.,பதிவிற்குத் தேவையான கூடுதல் கட்டாயத் தகவல்களை வழங்க பயன்படுத்தக்கூடிய கண்காணிப்பு அடையாளத்துடன் {deliveryMethod} ஒன்று தகவல் வழங்குபவருக்கு வழங்கப்படும்.
review.actions.description.hasError,Description for review action component when declaration has errors on fields,Please ensure all fields are either empty or have a valid value in them.,කරුණාකර සියලු ක්ෂේත්‍ර කිසිවක් හෝ එවගෙන තිබිය හෝ වලංගු අගයක් තිබිය හැකිය.,தயவுசெய்து அனைத்து புலங்களும் காலியாக உள்ளதா அல்லது செல்லும் மதிப்பு உள்ளதா என்று உறுதிப்படுத்தவும்.
review.actions.title.declarationStatus,Title for review action component,"Declaration {completeDeclaration, select, true {complete} other {incomplete}}","ප්‍රඳානන්ද්‍යය {completeDeclaration, select, true {සම්පූර්ණ} other {අසම්පූර්ණ}}","அறிக்கை {completeDeclaration, select, true {முழு} other {முழுமையான}}"
review.actions.title.registerActionTitle,,Register event,උපරිම සියළු රැස්වීමක් ලියාපදිංචි කරන්න,நிகழ்ச்சியை பதிவு செய்க
review.birthRegistration.queryError,The error message shown when a query fails,An error occurred while fetching birth registration,උපදෙස් පාලනය කිරීමේ විස්තරය ගැන දෝෂයක් සිදු විය යුතු විය.,பிறப்பு பதிவுசெய்தலை பெறுவதில் பிழை ஏற்பட்டுள்ளது
review.button.approve,Label for Send For Approval button,Send for approval,අනුමත කිරීම සඳහා යවන්න,அனுமோனத்தைக் கோருக.
review.documentViewer.tagline,,Select to preview,පෙරදසුන් තෝරන්න,முன்பார்வை தேர்ந்தெடுக்கவும்
review.documentViewer.title,,Supporting documents,සහය ලබා ගැනීම්,உதவும் ஆவணங்கள்
review.documents.editDocuments,Edit documents text,Upload,උඩුගත කරන්න,பதிவேற்றுக
review.documents.zeroDocumentsText,Zero documents text,"No supporting documents for {section, select, child {child} mother {mother} father {father} deceased {deceased} informant {informant} other {Parent}}","{section, select, child {දර්ශනීය} mother {මව} father {පිපු} deceased {මිය} informant {ස්ථිරවීර} other {තාරාලික}} සඳහන් ලේඛනයන් සඳහා නොසහතින්න.",{பிள்ளை} {தாய்} {தந்தை} {இறந்தவர்} {அறிக்கையாளர்} மற்றும் பிற உதாரணங்களுக்கான உதவியாகும் ஆவணங்கள் இல்லை.
review.documents.zeroDocumentsTextForAnySection,Zero documents text,No supporting documents,උපදෙස් ලිපි නොමැතිව ඇත.,ஆதரவு ஆவணங்கள் இல்லை
review.edit.modal.backToPreview,Preview button on edit modal,Back to preview,පෙළපුවරයට ආපසු යන්න,முன்னோட்டம் திரும்பு
review.edit.modal.confirmationText,Edit modal confirmation text,A record will be created of any changes you make,ඔබගේ කොසේ කිරීම් සිහිකිරීම් සඳහා ලියාපදිංචි ලෙස වාර්තා සාදනු ඇත,நீங்கள் செய்யும் எந்த மாற்றங்களின் பதிவு ஒரு பதிவு உருவாக்கப்படும்.
review.edit.modal.confirmationTitle,Edit modal confirmation title,Edit declaration?,ප්‍රතිස්සන් සංවාදය සංස්ථාවට සංස්කරන්න?,பிரமாணத்தை திருத்த வேண்டுமா?
review.error.unauthorized,The error message shown when a query fails,We are unable to display this page to you,අපි ඔබට මෙම පිටුව පෙන්වීමට නොහැකි බව අපි දක්වනු ඇත,நாங்கள் இந்த பக்கத்தை உங்களுக்கு காட்ட முடியவில்லை.
review.form.section.review.name,Form section name for Review,Review,අදාළවල්,மதிப்பீடு
review.form.section.review.title,Form section title for Review,Review,අදාළවක්වරුන්ගේ සටහන්,மதிப்பீடு
review.formData.header,,"{isDraft, select, true {Check responses with the informant before sending for review} other {Review the answers with the supporting documents}}","{isDraft, select, true {ප‍්‍රතිවූරු සමඟ පිළිබඳ සාකච්චා කරන්නේ ප්‍රකාශ කරන්න} other {සහයෝගී ලිපි සමඟ පිළිබඳ සමානව විමසීම කරන්න}}","{isDraft, select, true {பரிசோதனைக்கு அனுமதியை அனுப்புவது முன்னேற்க்கொள்ளுங்கள்} other {ஆதரப்பத்திருவேற்களுடன் பதில்களைப் பரிசோதனை செய்யுங்கள்}}"
review.header.subject.subjectWitName,Header subject that shows which declaration type to review with informant name,"{eventType, select, birth {Birth} death {Death} other {Marriage} } declaration for {name}","{eventType, select, උපන්දිනය {උපන්දිනය} මධ්‍යය {මධ්‍යය} වෙනත් {විවේශ} } ප්‍රකාශය {name} වෙනිදා සඳහන් කිරීමට","{name} க்கான {eventType, select, birth {பிறப்பு} death {மரணம்} other {திருமணம்}} அறிக்கை"
review.header.subject.subjectWithoutName,Header subject that shows which declaration type to review,"{eventType, select, birth {Birth} death {Death} other {Marriage}} Declaration","{eventType, select, birth {උපන්දිනය} death {මධ්‍යය} other {විවේචනය}} ප්‍රකාශකය","{eventType, select, birth {பிறப்பு} death {மரணம்} other {திருமணம்}} அறிக்கை"
review.header.title.govtName,Header title that shows bgd govt name,Democratic Socialist Republic of Sri Lanka,ශ්‍රී ලංකා ප්‍රජාතාන්ත්‍රික සමාජවාදී ජනරජය,இலங்கை சனநாயக சோசலிசக் குடியரசு
review.inputs.additionalComments,Label for input Additional comments,Comments,විවේචනාවන්,கருத்துகள்
review.inputs.brideSignature,Label for informants signature input,Signature of Bride,මගේ අත්සන් රහිතයාව,மணமகளின் கையொப்பம்
review.inputs.groomSignature,Label for informants signature input,Signature of Groom,මගේ අත්සන් රහිතය,பரிசுத்தர் கையொப்பம்
review.inputs.informantsSignature,Label for informants signature input,Signature of informant,නිවේදනයේ අත්සන් ලිපිය,அறிக்கையாளரின் கையொப்பம்
review.inputs.supportingDocuments,Section heading title for supporting documents,Supporting documents,සහය ලබා ගැනීම්,ஆதரவு ஆவணங்கள்
review.inputs.terms,Label for signature terms,"We, the undersigned declare under penalty of perjury under the laws of Sri Lanka that the forgoing information is true and correct to the best of our knowledge and belief. We further declare that no legal objections to the marriage is known and hereby apply for a certificate of marriage","We, the undersigned declare under penalty of perjury under the laws of Sri Lanka that the forgoing information is true and correct to the best of our knowledge and belief. We further declare that no legal objections to the marriage is known and hereby apply for a certificate of marriage","We, the undersigned declare under penalty of perjury under the laws of Sri Lanka that the forgoing information is true and correct to the best of our knowledge and belief. We further declare that no legal objections to the marriage is known and hereby apply for a certificate of marriage"
review.inputs.witnessOneSignature,Label for informants signature input,Signature of Witness 1,සලකුණු කිරීමේ අත්සන් අංකය 1,சாட்சி 1 கையொப்பம்
review.inputs.witnessTwoSignature,Label for informants signature input,Signature of Witness 2,සලකුණු කිරීමේ අත්සන් අංක 2,சாட்சி 2 கையொப்பம்
review.modal.desc.submitConfirmation,Submit description text on modal,"{completeDeclaration, select, true {This declaration will be sent for review.} other {This incomplete declaration will be sent for review.}}","{completeDeclaration, select, true {මෙම ප්‍රලේඛනය සඳහා සටහන යවා ඇත්තේ.} other {මෙම සම්පූර්ණ නොසංවික්රීය ප්‍රලේඛනය සඳහා සටහන යවා ඇත්තේ.}}","{completeDeclaration, select, true {இந்த அறிக்கையை மதிப்பீடுக்கு அனுப்பப்படும்.} other {இந்த முடிவற்ற அறிக்கையை மதிப்பீடுக்கு அனுப்பப்படும்.}}"
review.modal.title.registerConfirmation,Title for register confirmation modal,Register the {event}?,{event} ලියාපදිංචි කරන්නේ?,{event} ஐ பதிவு செய்க?
review.modal.title.submitConfirmation,Submit title text on modal,"{completeDeclaration, select, true {Send for review?} other {Send for review?}}","{completeDeclaration, select, true {සම්පූර්ණ කිරීම?} other {සම්පූර්ණ කිරීම?}}","{completeDeclaration, select, true {மதிப்பீடு முடிந்ததால் அனுமதிக்கவும்?} other {மதிப்பீடு முடிந்ததால் அனுமதிக்கவும்?}}"
review.rej.form.reasons.missSupDoc,Label for rejection option missing supporting doc,Missing supporting documents,උපදෙස් ලිපි අත්සන් නොවේ.,ஆதரவு ஆவணங்கள் இல்லை
review.rejection.form,Rejection form name,Rejection form,ප්‍රතිචාරයේ ආරාධනාව,நிராகரண படிவம்
review.rejection.form.commentInstruction,,,,
review.rejection.form.commentLabel,,Comments,විවේචනාවන්,கருத்துகள்
review.rejection.form.instruction,Rejection form instruction,Please describe the updates required to this record for follow up action.,"අපේක්ෂකයා, මෙම වාර්තාව සංස්කරණය කිරීම සඳහා අවශ්‍ය යාවත්කාලීනවීම් විස්තරය කරන්න.","இந்த பதிவுக்கு தேவையான புதுப்பிப்புகளை விவரிக்கவும், பின்னர் செயல்படுத்த வேண்டிய நடவடிக்கைகளை விவரிக்கவும்."
review.rejection.form.reasons,Rejection reasons checkbox label,Reason(s) for rejection:,පනස්වීම් හෝ වියදම්:,நிராகரணத்தின் காரணம்(கள்):
review.rejection.form.reasons.duplicate,Label for rejection option duplicate,Duplicate declaration,පිළිගැනීම පිළිගැනීමක්,பரிமாற்றம் பெற்ற அறிக்கை
review.rejection.form.reasons.markDuplicate,Label for rejection option duplicate,Mark as a duplicate,අන්තර්ජාලයක් හෝ අන්තර්ජාලයක් ලබා ගත හැකිය.,நகலாக குறிக்கவும்
review.rejection.form.reasons.misspelling,Label for rejection option misspelling,Misspelling,දෝෂ අක්‍රීයයි,தவறான எழுத்து
review.rejection.form.reasons.other,Label for rejection option other,Other,තවත්,மற்றொரு
review.rejection.form.submitButton,Rejection form submit button,Submit rejection,අයිතිය පරීක්ෂා කරන්න,நிராகரிக்கவும்
review.rejection.form.title,Rejection form title,Reason for rejection?,පරීක්ෂණය හිස් වී ඇත්ද?,நிராகரணத்தின் காரணம்?
review.signature.clear,Label for button that clear signature input,Clear,Could you please provide me with the full sentence that you would like me to translate to Sinhala?,அழைக்கும்
review.signature.delete,Label for button that deletes signature,Delete,මකන්න,நீக்குக
review.signature.description,Label awknowledging the correctness of the declaration,"I, the undersigned, hereby declare that the particulars in this form are true and correct to the best of my knowledge.","මම, අත්සාහායෙන්, මෙම පරිශීලකයා වෙනස් වී ඇත්ද නැත්ද පිළිගත් විස්තර සටහන් සඳහා මගේ දැනටමත් සැකසුම් සඳහා සත්‍ය හා සුබපැතුම් සහිත විය.","ஞான், கீழே கையொப்பியவர், இந்த படிவத்தில் உள்ள விபரங்கள் எனக்கு உண்மையாக உள்ளன என்று முழுமையாக அறிக்கையை அறிவிக்கிறேன்."
review.signature.input.description,Description awknowledging the correctness of the declaration,"By signing this document with an electronic signature, I agree that such signature will be valid as handwritten signatures to the extent allowed by the laws of Sri Lanka.","මෙම ලේඛනය සමඟ විස්තරවීම් අත්සන් කිරීමෙන් මම එක් ප්‍රතිචාරයක් ලබා දෙනවිට, එම ප්‍රතිචාරය ප්‍රකාශ කළ හැකි අනුමැතියන් පරිදි ෆරජලන්ද් රජුගේ නීතියන් ඉඩකඩම් සම්පූර්ණ වේ යැයි එක් කරනු ලැබේ.","இந்த ஆவணத்தை ஒரு மின்னணு கையொப்பம் செய்வதன் மூலம், நான் பதிவு செய்யும் போது அதன் கையொப்பம் பத்திரமாக பொருந்தும் என்று ஒருவர் ஒப்புக்கொள்கிறேன், பாரஜாலந்தின் சட்டங்கள் அனுமதிக்கும் எதுவும் வரை."
review.signature.open,Label for button that opens the signature input,Sign,ලියන්න,கையொப்பம்
reviewAction.description,The description for review action,"By clicking register, you confirm that the information entered is correct and the member can be registered.",ලියාපදිංචි කිරීමෙන් ඔබ ඇතුළත් කළ තොරතුරු නිවැරදි විය හැකිය යුතුයි හා මෙම සාමාජිකයා ලියාපදිංචි කළ හැකිය.,"பதிவு செய்வதன் மூலம், நீங்கள் உள்ளிடப்பட்ட தகவல்கள் சரியானவை என்று உறுதிசெய்கிறீர்கள் மற்றும் உறுதிப்படுத்தப்பட்ட உறுதிப்படுத்தப்பட்டவர் பதிவு செய்யப்படலாம்."
reviewAction.register,The label for register button of review action,Register,ලියාපදිංචිය,பதிவு செய்க
reviewAction.reject,The label for reject button of review action,Reject,ප්‍රතිචාරයක්,நிராகரிக்கவும்
reviewAction.title,The title for review action,Register member,දායකත්වය ලියන්න,உறுதிப்படுத்துக உறுதிப்படுத்துக {name}
search.bookmark.error.notification,Error Notification messages for bookmark advanced search result,"Sorry, something went wrong. Please try again","සමාවෙන්න, දෝෂයක් සිදු විය. කරුණාකර නැවත උත්සහා කරන්න.","மன்னிக்கவும், ஏதேனும் தவறு ஏற்பட்டுள்ளது. மீண்டும் முயற்சிக்கவும்."
search.bookmark.loading.notification,Loading Notification messages for bookmark advanced search result,Bookmarking your advanced search results...,ඔබගේ අත්හිටුවේ විශාල සෙවුම් ප්‍රතිස්ථාපනය කිරීම...,உங்கள் மேம்படுத்தப்பட்ட தேடல் முடிவுகளை புகையிடுவது...
search.bookmark.remove.loading.notification,Loading Notification messages for remove advanced search bookmark,Removing your advanced search bookmark...,ඔබගේ අත්හිටුවේ සිරස් සෙවුරු ලෙස පිටපත් කිරීම...,உங்கள் மேம்படுத்தப்பட்ட தேர்வு புக்மார்க்கை நீக்குகிறது...
search.bookmark.remove.success.notification,Success Notification messages for remove advanced search bookmark,Your advanced search bookmark has been removed successfully,ඔබගේ අත්හිටුවේ සෙවුම් ලබාදීමේ ලදිම සාර්ථකව ඉවත් කරන ලදියි,உங்கள் மேம்படுத்தப்பட்ட தேடல் புக்மார்க் வெற்றிகரமாக நீக்கப்பட்டுள்ளது
search.bookmark.success.notification,Success Notification messages for bookmark advanced search result,Your advanced search result has been bookmarked successfully,ඔබගේ අත්හිටුවේ සෙවුම් ප්‍රතිඵලය සාර්ථකව බුක්මාර්ක් කර ඇත්දැයි ප්‍රලේඛනය කර ඇත,உங்கள் மேம்படுத்தப்பட்ட தேடல் முடிவு வெற்றிகரமாக புகுபடுத்தப்பட்டுள்ளது
search.bookmarkAdvancedSearchModalBody,Modal body for bookmark advacnced search,A shortcut will be added to the side bar so you can rerun this search query,මෙම සෙවුමේ වෙනස්කල කිරීමට ඔබට මෙම සෙවුමේ පෙරදසුන එකක් පිළිබඳ සංඛ්‍යාවක් එක් කිරීමට පැටවෙයිවලින් පහසුකල යුතුයි.,இந்த தேடல் வினாக்கோலை மீண்டும் இயக்க முடியும் பார்ப்பதற்கு ஒரு சுருக்கை பக்க பட்டியலில் சேர்க்கப்படும்.
search.bookmarkAdvancedSearchModalTitle,Modal title for bookmark advacnced search,Save search query?,සෙවුම් විමසීම සුරකිනවාද?,தேடல் விசையை சேமிக்கவா?
search.informantContact,The rejected reason,Informant contact number,සෞඛ්‍ය සම්බන්ධ අංකය,தகவல் வழங்குநரின் தொடர் எண்
search.labels.results.eventRegistrationNumber,Label for event registration number in search result list item,"{event, select, birth {B} death {D} marriage {M} divorce {Divorce } other {A}}RN","{සියලු, තෝරන්න, උපන් {B} මරත්තු {D} විවාහය {M} විස්තර {Divorce} වෙනත් {A}}RN","{event, select, birth {B} death {D} marriage {M} divorce {Divorce } other {A}}RN"
search.loadingDeclarations,The text when loading declaration,Loading declarations...,ප්‍රතිපල පූරණය වෙමින්...,விளக்கங்களை ஏற்றுகிறது...
search.locationNotFound,Label for location not found,Location Not Found,ස්ථානය හමුවෙන්නේ නැත,இடம் கண்டுபிடிக்கப்படவில்லை
search.noDeclarations,The text when there is no declaration to review,No declarations to review,පිළිගත කිරීම් සඳහා කිසිවක් නොමැත,பரிந்துரைகள் பரிசீலிக்க இல்லை
search.noResultFor,The no result text,No results for ”{param}”,”{param}” සඳහා ප්‍රතිඵල නොමැත,"""{param}"" க்கு எந்த முடிவுகளும் இல்லை"
search.noResults,Text to display if the search return no results for the current filters,No result to display,පෙරදසුන් ප්‍රතිඵල නොපෙනෙනවා,காட்ட முடியவில்லை
search.placeholder,Placeholder text of search input,Name of query,ගවේෂයාවේ නම,வினவுக்கு பெயர்
search.removeBbookmarkAdvancedSearchModalBody,Modal body for remove bookmark advacnced search,This advanced search bookmark will be removed from the side bar shortcut,මෙම අත්හිටුවේ පහසුකම් පිළිබඳ සෙවුම් ලක්ෂණය පිළිබඳව ඉවත් කරනු ඇත,இந்த முன்னோட்ட தேடல் புக்மார்க் பக்கத்திலிருந்து நீக்கப்படும்.
search.removeBookmarkAdvancedSearchModalTitle,Modal title for remove bookmark advacnced search,Remove search query?,සෙවුම් විමසීම ඉවත් කරන්නේ?,தேடல் வினாச் செயல்படுத்தவும்?
search.results,Results label at the top of the data table component,Results,ප්‍රතිඵලයන්,முடிவுகள்
search.searchResultFor,The search result text,Search result for “{param}”,“{param}” සෙවුමේ ප්‍රතිඵලය,"""{param}"" க்கான தேடல் முடிவு"
search.searchingFor,The searching for text,Searching for “{param}”,“{param}” සොයාගැනීම,"""{param}"" ஐ தேடுகிறேன்."
search.totalResultText,The total result text,"{total, plural, =0 {} one {# record found} other {# records found}} ","{total, plural, =0 {ගවේෂයක් හමුවුනා} one {# ගවේෂය හමුවුනා} other {# ගවේෂ් හමුවුනා}}","{total, plural, =0 {பதிவு காணப்படவில்லை} one {# பதிவு காணப்பட்டது} other {# பதிவுகள் காணப்பட்டன}}"
search.waitingForConnection,The text when there is no connectivity,Reconnect to load declarations,නැවත සම්බන්ධ වීම සඳහා ප්‍රලේඛන පොටේ ප්‍රවේශ කරන්න,தொடர்ந்து புதுப்பிக்க தொடரவும்
secureAccount.createPin.label,,CREATE A PIN,පිනක් නිර්මාණය කරන්න,ஒரு பின் உருவாக்கவும்
secureAccount.page.desc,,A personal identification number protects your account. Your pin will be required before each use of the {applicationName} app,ඔබගේ ගිණුම ආරක්ෂා කිරීමට පෞද්ගලික හැඳුනුම් අංකය ආරක්ෂා කරයි. ඔබගේ පින් {applicationName} යෙදුම භාවිත කිරීමට පෙර ඔබගේ පින් අවශ්‍ය වේ.,ஒரு தனிப்பட்ட அடையாள எண் உங்கள் கணக்கை பாதுகாக்கும். உங்கள் பின் ஒவ்வொரு {applicationName} பயன்பாட்டையும் பயன்படுத்துவதற்கு முன் தேவைப்படும்.
secureAccount.page.title,,Secure your account,ඔබගේ ගිණුම ආරක්ෂා කරන්න.,உங்கள் கணக்கை பாதுகாக்கவும்.
settings.account.tile,Account header,Account,ගිණුම,கணக்கு
settings.changeAvatar,Avatar change modal header,Change profile image,පැතිකඩ රූපය වෙනස් කරන්න,சுயவிவர படத்தை மாற்றுக
settings.changeAvatar.changeImage,Change image label,Change,පෙරදසුන්ට පිළිබඳ වෙනස් කරන්න.,மாற்றம்
settings.changeAvatar.resizeAvatar,Avatar resize and position message,Resize and position the chosen image.,තෝරාගත් රූපය නවින් සෘරා හා ස්ථානය සම්බන්ධ කරන්න.,தேர்ந்த படத்தை மாற்றி அமைப்பு செய்க மற்றும் இடம் நிலையாக்கவும்.
settings.changeLanguage,Change language title,Change language,භාෂාව වෙනස් කරන්න,மொழியை மாற்றுக.
settings.changeLanguage.success,Change language success,Language updated to English,ඔබ පැවැත්වීමට ඇති භාෂාව සිසුන් සඳහා ප්‍රවේශ කරන්නේ නැත.,மொழி புதுப்பிக்கப்பட்டது
settings.changePassword,Password change modal header,Change password,මුරපදය වෙනස් කරන්න,கடவுச்சொல் மாற்றுக
settings.changePhone,Change phone number title,Change phone number,දුරකථන අංකය වෙනස් කරන්න,தொலைபேசி எண்ணை மாற்றுக.
settings.message.changeLanguage,Change language message,Your prefered language that you want to use on One Registry,ඔබගේ කැමති භාෂාව ඔබට One Registry භාවිතා කිරීමට අවශ්‍ය ද?,உங்கள் விருப்பின் மொழி அமைப்பை நீங்கள் One Registry பயன்படுத்த விரும்புகிறீர்களா?
settings.profile.tile,Profile header,Profile,පැතිකඩය,சுயவிவரம்
settings.security.tile,Security header,Security,ආරක්ෂක,பாதுகாப்பு
settings.system.tile,System header,System,පද්ධතිය,அமைப்பு
settings.title,Title of the settings page,Settings,සැකසුම්,அமைப்புகள்
settings.user.label.assignedOffice,Assigned office,Assigned office,පැවරුම් කාර්යය,ஒதுக்கிய அலுவலகம்
settings.user.label.nameBN,,Bengali name,බাংলা නම,பங்காளி பெயர்
settings.user.label.nameEN,,Full name,මෙම අන්තර්ගත නාමයට පිළිබඳව අපට දැක්කා ඇත.,முழு பெயர்
settings.verifyPhone,Verify phone number title,Verify phone number,දුරකථන අංකය තහවුරු කරන්න,தொலைபேசி எண்ணை சரிபார்க்கவும்
storybook.address.example,,This is an example of using formatMessage to format applicant's province: {applicant.address.province},මෙය අයියන්විසින් පළාතය ආකෘති කිරීම සඳහා formatMessage භාවිතා කිරවන උදාහරණයක් නොවේ: {applicant.address.province},விண்ணப்பரின் மாகாணத்தை வடிவமைப்பதற்கு formatMessage ஐ பயன்படுத்துவதின் ஒரு எடுத்துக்காட்டு: {applicant.address.province}
storybook.address.label,The title for the address input,Address,ලිපිනය,முகவரி
storybook.checkbox.label,The title for the checkbox input,Is my question true?,මගේ විස්තරය සත්‍යයිද?,என் கேள்வி உண்மையா?
storybook.file.label,The title for the file input,Upload your captured photo,ඔබගේ රැස්වීම් ඡායාරූපය උඩුගත කරන්න.,உங்கள் பிடித்த புகைப்படத்தை பதிவேற்றுக
storybook.file.option.beach,Option for a beach setting,Beach,කුසුම්බස් වෙනස්කලාව,கடற்கரை
storybook.file.option.city,Option for a city setting,City,නගරය,நகரம்
storybook.file.option.desert,Option for a desert setting,Desert,තාරකය,பாலை
storybook.file.option.forest,Option for a forest setting,Forest,රැවනියා,காடு
storybook.file.option.mountain,Option for a mountain setting,Mountain,කඳුරා කඳුරා,மலை
storybook.file2.label,The title for the file input,Upload your photo,ඔබගේ ඡායාරූපය උඩුගත කරන්න,உங்கள் புகைப்படத்தை பதிவேற்றவும்.
sysAdHome.config,The title of config tab,Config,මාධ්‍යයක්,கட்டமைப்பு
sysAdHome.devices,The title of devices tab,Devices,උපාංගයන්,சாதனங்கள்
sysAdHome.network,The title of network tab,Network,ජාලය,பிணையம்
sysAdHome.offices,The title of offices tab,Offices,කාර්යාලයන්,அலுவலகங்கள்
sysAdHome.overview,The title of overview tab,Overview,දළ සංවිධානය,பருவம்
sysAdHome.resendInvite,The label for menu option resend invitation,Resend invite,ප්‍රවේශ කිරීම නැවත යවන්න,அழைப்பை மீண்டும் அனுப்புக.
sysAdHome.resendInviteError,The label for error notification of resend invite,Invite could not be sent,මෙම ආරාධනාව යවා නොහැක,அழைப்பு அனுப்பப்படவில்லை
sysAdHome.resendInviteSuccess,The label for success notification of resend invite,Invite sent,මෙම ආරාධනා යවා ඇත,அழைப்பு அனுப்பப்பட்டது
sysAdHome.resentPasswordError,The label for error notification of reset password sms invite,Temporary password could not be sent,තාවකාලික මුරපදය යවා නොහැකියි,தாமஸ்வரமான கடவுச்சொல் அனுப்ப முடியவில்லை.
sysAdHome.resentPasswordSuccess,The label for success notification of reset password sms invite,Temporary password sent to {username},{username} වෙත තාවකාලික මුරපදය යවන ලදි.,{பயனர்பெயர்} க்கு தற்காலிக கடவுச்சொல் அனுப்பப்பட்டுள்ளது
sysAdHome.sendUsernameReminderInvite,The label for menu option to send username reminder,Send username reminder,පරිශීලක නාමය අයිතිකරන්න,பயனர் புனைவு அனுப்புங்கள்
sysAdHome.sendUsernameReminderInviteError,The label for error notification of send username reminder,Username reminder could not be sent,පරිශීලක නාමය අමතර කිරීම යොමු කළ නොහැකිය,பயனர் நினைவு அனுப்பப்படவில்லை
sysAdHome.sendUsernameReminderInviteModalMessage,Message for send username reminder,The user will receive a username reminder via an {deliveryMethod} sent to {recipient},පරිශීලකයට {recipient} වෙත යැවිය හැකි {deliveryMethod} මඟ පරිශීලක නාමයේ අතිරික්තය ලබා දෙයි.,பயனர் {recipient} க்கு அனுப்பப்பட்ட பயனர்பெயர் அனுப்புபவர் {deliveryMethod} மூலம் அனுப்பப்படும்.
sysAdHome.sendUsernameReminderInviteModalTitle,Title for send username reminder,Send username reminder?,පරිශීලක නම අනුමැතිය යවන්නේ?,பயனர் பெயர் ஞாபகம் அனுப்பவும்?
sysAdHome.sendUsernameReminderInviteSuccess,The label for success notification of send username reminder,Username reminder sent to {name},{නම} වෙත පරීක්ෂා නිමාව යවාගෙන ඇත.,{name} க்கு பயனர் பெயர் ஞாபகம் அனுப்பப்பட்டுள்ளது.
sysAdHome.user.audit.comments,The label for form field deactivate comments,Comments:,විශේෂ සංඛ්‍යාව:,கருத்துகள்:
sysAdHome.user.audit.deactiv.reasonInv,The label for radio option being investigated,Being investigated due to suspicious activity on their account,අපේක්ෂා කිරීම හැකි ක්‍රියාත්මක ක්‍රියාකාරීතාවය හිමිකරන තුරු {officeName} ගැන සපුරා ගැනීමට පැමිණෙනවා.,அவர்கள் அக்கடவுக்கான செயல்பாடுகள் காரணமாக சுபிட்டுக்களில் விசாரணையில் உள்ளனர்.
sysAdHome.user.audit.deactiv.reasonNotEmp,The label for radio option not employee,No longer an employee,තවත් {officeName} ව්‍යාපෘතියේ සේවය කරන්නේ නැතිව.,இனி ஒரு ஊழியர் அல்லை {officeName}
sysAdHome.user.audit.deactivation.subtitle,The subtitle of user deactivation confirmation modal,This will revoke {name}'s ability to login and access the system. The account can be reactivated at a later date.,මෙය {name} ගිණුමට පිවිසීම සහ පද්ධතියට පිවිසීම ඉවත් කරයි. ගිණුම පසුව දිනයක් පසු අයිතියට ප්‍රජාව කළ හැකිය.,இது {name} ஐப் புகுபதிகை மற்றும் அமைப்புக்கு அணுக முடியாது என்று நிராகரிக்கும். கணக்கு பிறகு மீண்டும் செயலாக்கப்படலாம்.
sysAdHome.user.audit.deactivation.title,The title of user deactivation confirmation modal,Deactivate {name}?,{නම} අක්‍රමව කරනවාද?,{name} ஐ நிஷே஧ிக்க வேண்டுமா?
sysAdHome.user.audit.form.error,The label for form error,A reason is required for {auditAction} this user,මෙම පරිශීලකයාගේ {auditAction} සඳහා හිමිකරු අවශ්‍යයි,இந்த பயனரை {auditAction} செய்ய ஒரு காரணம் தேவை.
sysAdHome.user.audit.reactiv.noLongerInv,The label for radio option no longer investigated,No longer being investigated for suspicious activity,වෛරයෙන් සංවාදය සම්බන්ධ විය නොහැකි අතර,குறிப்பாக செயல்பாடுகளுக்கான செயல்பாட்டிலிருந்து ஆய்வு செய்யப்படுகிறது அல்ல
sysAdHome.user.audit.reactiv.returned,The label for radio option Returned to role,Returned to their role,ඔවුන් ඔවුන්ගේ තරගයට ආපසු වුණා.,தங்கள் பதவிக்கு திரும்பினர்.
sysAdHome.user.audit.reactivation.subtitle,The subtitle of user reactivation confirmation modal,This will reactivate {name}'s ability to login and access the system.,මෙය {name} හි ප්‍රවේශ කිරීම සහ පද්ධතියට පිවිසීම සඳහා නැවත සක්‍රීය කරනු ඇත.,இது {name} ஐ உள்நுழைய மற்றும் அமைப்புக்கு அணுக முடியும் செயல்படுத்தும்.
sysAdHome.user.audit.reactivation.title,The title of user reactivation confirmation modal,Reactivate {name}?,{name} නැවත සකස් කරන්නේ කෙසේද?,{name} ஐ மீளமைக்க வேண்டுமா?
sysAdHome.user.audit.reason,The label for form field deactivate reason,Please provide a reason:,කරුණාකර හේතුව සපයන්න:,தயவுசெய்து ஒரு காரணம் வழங்கவும்:
sysAdHome.user.audit.reasonOther,The label for radio option other,Other (please provide a reason in the comments),වෙනත් (කිසිවක් ප්‍රශ්නයේ හෝ විස්තරයේ සපයන්න),மற்றவை ({comments} இல் காரணம் வழங்கவும்)
sysAdHome.user.deactivate,Label for toggle menu option deactivate,Deactivate,අක්‍රමවලින් පිවිසීම,முடக்குக
sysAdHome.user.edit.commonGroupTitle,Common title of form view groups when edit user,Edit user,පරිශීලකයා සංස්කරණය කරන්න,பயனரை திருத்தவும்
sysAdHome.user.header,Title for edit user details,Edit details,වෙනස් කිරීමයි,விவரங்களை திருத்துக
sysAdHome.user.reactivate,Label for toggle menu option reactivate,Reactivate,නැවත සක්‍රීය කරන්න,மீள்படுத்துக
sysAdHome.user.resetPasswordModal.message,Message for reset password modal,The user will receive a temporary password via {deliveryMethod} sent to {recipient}. They will then be prompted to create a new password on successful login,පරිශීලකගේ ස්ථානයට යවන තාක්ෂණය හැකි {deliveryMethod} මගින් {recipient} වෙත යවනු ඇත. එවිට එසේ පිළිබඳව ලොගින් සාර්ථක වීමෙන් පසුව නව මුරපදයක් තනනු ඇත.,பயனர் {deliveryMethod} வழியாக அனுமதிக்கப்பட்டுள்ள தற்காலிக கடவுச்சொல் {recipient} க்கு அனுப்பப்படும். அவர்கள் வெற்றிகரமாக உள்நுழைத்த பிறகு புதிய கடவுச்சொல் உருவாக்க வேண்டும்.
sysAdHome.user.resetPasswordModal.title,Title for reset user password modal,Reset password?,මුර මුරපදය නැවත සකසා දැන්ම?,கடவுச்சொல் மீளமைக்க?
sysAdHome.user.resetpassword.title,Title for reset user password,Reset Password,මුර මුරපදය නැවත සකසන්න,கடவுச்சொல் மீளமைக்க
sysAdHome.users,The title of users tab,Users,පරිශීලකයින්,பயனர்கள்
system.user.active,Pill label for active user,Active,ක්‍රියාත්මකයි,செயலில் உள்ளேயே
system.user.deactivated,Pill label for deactivated user,Deactivated,අක්‍රමවලින් පවතින ලදි,முடக்கப்பட்டது
system.user.disabled,Pill label for disabled user,Disabled,අබාදුල්ලා,குழப்பம் உள்ளோர்
system.user.duplicateEmailError,This error message shows when user tries to input an already existing email,{email} is already used by another user. Please use a different email,{email} මෙම භාවිතා කළ හැකි පරිශීලක වෙත භාවිතා කර ඇත. වෙනස් ඊමේල් භාවිතා කරන්න.,{email} ஏற்கனவே மற்றொரு பயனர் பயன்படுத்துகிறார். தயவுசெய்து வேறு மின்னஞ்சலைப் பயன்படுத்தவும்.
system.user.duplicateMobileError,This error messege shows when user try to input already exsisted mobile number,{number} is already used by another user. Please use a different phone number,{number} යාම දැක්වෙනවා නැත. කරුණාකර වෙනස් දුරකථන අංකයක් භාවිතා කරන්න.,{number} ஏற்கனவே மற்றொரு பயனர் பயன்படுத்தி உள்ளது. வேறு ஒரு தொலைபேசி எண் பயன்படுத்தவும்.
system.user.newUser,This text will show to create new user button,New user,නව භාවිතාවන්,புதிய பயனர்
system.user.pending,Pill label for pending user,Pending,අනුමත කිරීම,நிலுவை
system.user.queryError,The text when error ocurred loading system users,An error occurred while loading system users,සිසුන් පූරණය කිරීමේ වෙනස්කම සිහිනයි,அமைப்பு பயனர்களை ஏற்றுதல் செய்யும் போது பிழை ஏற்பட்டது
system.user.settings.avatarUpdated,Profile image change message on success,Profile image successfully updated,පැතිකඩ රූපය සාර්ථකව යාවත්කාලී විය,சுயவிவர படத்தை வெற்றிகரமாக புதுப்பிக்கப்பட்டது
system.user.settings.avatarUpdating,Profile image message when uploading,Updating profile image,පැතිකඩ රූපය යාවත්කාලීන කිරීම,சுயவிவர படத்தை புதுப்பிக்குக்கொள்ளுதல்
system.user.settings.emailAddressUpdated,Email change message on success,Email address updated,ඊමෙල් ලිපිනය යාවත්කාලී විය,மின்னஞ்சல் முகவரி புதுப்பிக்கப்பட்டது
system.user.settings.incorrectPassword,Response message for incorrect password for password change,Current password incorrect. Please try again.,වත්මන් මුරපදය වැරදියි. නැවත උත්සහා කරන්න.,தற்போதைய கடவுச்சொல் தவறானது. மீண்டும் முயற்சி செய்க.
system.user.settings.incorrectVerifyCode,Response message for incorrect Verify code for phone number change,Verify code incorrect. Please try again.,කෝඩ් විසින් සබැඳිය වැරදියි. කරුණාකර නැවත උත්සහා කරන්න.,குறியீட்டை சரிபார்க்கவும். மீண்டும் முயற்சிக்கவும்.
system.user.settings.language,Language name,"{language, select, en {English} si {Sinhala} ta {Tamil} other {{language}}}","{language, select, en {ඉංග්‍රීසි} si {සිංහල} ta {දෙමළ} other {{language}}}","{language, select, en {ஆங்கிலம்} si {சிங்களம்} ta {தமிழ்} other {{language}}}"
system.user.settings.name,label for Name,Name,නම,பெயர்
system.user.settings.passwordUpdated,Password change message on success,Password was successfully changed,මුරපදය සාර්ථකව වෙනස් කරන ලදි,கடவுச்சொல் வெற்றிகரமாக மாற்றப்பட்டது
system.user.settings.phonedNumberUpdated,Phone change message on success,Phone number updated,දුරකතන අංකය යාවත්කාලී විය,தொலைபேசி எண் புதுப்பிக்கப்பட்டது
system.user.settings.profileImage,Label for profile image,Profile Image,පැතිකඩ රූපය,சுயவிவர படம்
system.user.settings.systemLanguage,Label for system language,System language,සිසුමි භාෂාව,அமைப்பு மொழி
system.user.total,User list table header text,{totalUser} users,{totalUser} පරිශීලකයින්,{totalUser} பயனர்கள்
system.user.unlock.pinLabel,Label for entering unlock user profile,Enter your pin,ඔබගේ පිනය ඇතුලත් කරන්න,உங்கள் பின் உள்ளிடவும்
team.header.sysadmin.home,Header for system admin team home page,Search for an office,කාර්යයට සෙවීම කරන්න,ஒரு அலுவலகத்தை தேடுக
team.user.buttons.deactivate,Label for confirmation modal for user deactivation,Deactivate,අක්‍රමවලින් පිවිසීම,முடக்குக
team.user.buttons.reactivate,Label for confirmation modal for user reactivation,Reactivate,නැවත සක්‍රීය කරන්න,மீள்படுத்துக
unlockApp.incorrectPin,The message displayed when a user enters an incorrect PIN,Incorrect pin. Please try again,වැරදි පිනය. නැවත උත්සහා කරන්න.,தவறான பின். மீண்டும் முயற்சி செய்க
unlockApp.lastTry,The message displayed before the 3rd attempt of an incorrect PIN,Last try,අවසන් උත්සාහය,கடைசி முயற்சி
unlockApp.locked,The title displayed while creating a PIN,Your account has been locked. Please try again in 1 minute.,ඔබගේ ගිණුම අඟහරුවාට අඟහරුවාට අගයා ඇත. 1 මිනික් පසු නැවත උත්සහා කරන්න.,உங்கள் கணக்கு பூட்டப்பட்டுள்ளது. 1 நிமிடத்திற்கு மீண்டும் முயற்சி செய்க.
user.form.buttons.submit,Label for submit button of user creation form,Create user,පරිශීලකයාට නව ගිණුමක් සාදන්න,பயனரை உருவாக்கவும்.
user.form.securityquestion.answer,,Answer,පිළිතුරු,பதில்
user.form.securityquestion.description,,"From the drop down lists below, select questions that can be used later to confirm your identity should you forget your password.","පහත තෝරා ගැනීම් ලැයිස්තුවෙන්, ඔබේ මුරපදය අමතනවාට ඔබගේ අන්තර්ගතය තහවුරු කිරීමට පසු භාවිතා කළ හැකි ප්‍රශ්න තෝරන්න.","கீழே உள்ள விருப்பப்பட்டியலில் இருந்து, உங்கள் கடவுச்சொல்லை மறந்துவிட்டால் உங்கள் அடையாளத்தை உறுதிப்படுத்த பிறகு பயன்படுத்த முடியும் கேள்விகளைத் தேர்ந்தெடுக்கவும்."
user.form.securityquestion.enterResponse,,Enter a response to your chosen security question,ඔබගේ තෝරාගත් ආරක්ෂක ප්‍රශ්නයට පිළිවෙනවා.,உங்கள் தேர்ந்தெடுத்த பாதுகாப்பு கேள்விக்கு ஒரு பதிலை உள்ளிடவும்.
user.form.securityquestion.heading,,Set your security questions,ඔබගේ ආරක්ෂක ප්‍රශ්න සැකසුම් සකසන්න.,உங்கள் பாதுகாப்பு கேள்விகளை அமைக்கவும்
user.form.securityquestion.securityQuestionLabel,,Security question {count},ආරක්ෂක ප්‍රශ්නය {count},பாதுகாப்பு கேள்வி {count}
user.form.securityquestion.selectSecurityQuestion,,Select a security question,ආරක්ෂක ප්‍රශ්නය තෝරන්න,ஒரு பாதுகாப்பு கேள்வி தேர்ந்தெடுக்கவும்
user.form.securityquestion.title,,Security questions,ආරක්ෂණ විද්‍යාවන්,பாதுகாப்பு கேள்விகள்
user.profile.assignedOffice,Title for assigned office field,Assigned office,පැවරුම් කළ කාර්යය,ஒதுக்கிய அலுவலகம்
user.profile.audit.column.action,Title for audit action column,Action,ක්‍රියාකාරකයාගේ නාමය සහ කාර්යයන් පිළිබඳව ප්‍රතිචාරයක් ගැනීම.,செயல்
user.profile.audit.column.date,Title for audit date column,Date,දිනය,தேதி
user.profile.audit.column.deviceIPAddress,Title for audit Device/IP Address column,Device/IP Address,උපාංගය/IP ලිපිනය,சாதனம் / ஐபி முகவரி
user.profile.audit.column.eventType,Title for audit event type column,Event,උදව්,நிகழ்ச்சி
user.profile.audit.column.trackingId,Title for audit tracking id column,Record,ලියන්න,பதிவு
user.profile.audit.description.certified,Description for certified declaration,Certified,සහත්කම ලක්ෂණය කර ඇත්තේ,சான்றிதழ் பெற்றுள்ளேன்
user.profile.audit.description.declared,Description for complete declaration,Declaration started,නිවාඩුව ආරම්භ විය,அறிக்கை தொடங்கப்பட்டது
user.profile.audit.description.inProgress,Description for incomplete declaration,Sent incomplete,Please provide the complete sentence that you would like me to translate into Sinhala.,முடிவுற்றது
user.profile.audit.description.issued,Description for Issued declaration,Issued,නඩත්තු කරන ලදි,வெளியிடப்பட்டது
user.profile.audit.description.registered,Description for registered declaration,Registered,ලියාපදිංචියා,பதிவு செய்யப்பட்டது
user.profile.audit.description.rejected,Description for rejected declaration,Rejected,ප්‍රතිචාරයක් කරන ලදි,நிராகரிக்கப்பட்டது
user.profile.audit.description.updated,Description for updated declaration,Updated,යාවත්කාලීන කරන ලදි,புதுப்பிக்கப்பட்டது
user.profile.audit.description.validated,Description for validated declaration,Sent for approval,අනුමත කිරීමට යවන ලදි,அனுமோனத்துக்கு அனுப்பப்பட்டுள்ளது
user.profile.audit.description.waiting_validation,,Sent declaration for external system validation,බාහිර පද්ධතිය සංස්කරණය සඳහා ප්‍රතිඵල යැවීමක් යැවීමේ පනත යවන්න,வெளியேறும் அமைப்பு சரிபார்க்கலுக்கான அறிக்கை அனுப்பவும்.
user.profile.audit.list.noDataFound,Text for audit list,No audits to display,පෙරනිමි පෙනුම් නොපෙනහැකිය.,காண்பிக்க ஆய்வுகள் இல்லை
user.profile.auditList.approvedCorrectionAuditAction,Description for record correction being approved,Approved correction request,අනුමත සුරක්ෂිත ඉල්ලීම,அங்கீகரிக்கப்பட்ட திருத்தல் கோரிக்கை
user.profile.auditList.archived,Description for declaration archived,Archived,අතිරික්කු කරන ලදි,பதிவுசீராக்கப்பட்டுள்ளது
user.profile.auditList.assigned,Description for declaration assignment,Assigned,වෙනස් කළ හැකිය.,ஒதுக்கப்பட்டுள்ளேன்
user.profile.auditList.corrected,Description for declaration corrected,Corrected record,සංස්කරණය කළ ලද වාර්තාව,சரிபார்க்கப்பட்ட பதிவு
user.profile.auditList.emailAddressChanged,Description for user change email,Email Address changed,ඊමෙල් ලිපිනය වෙනස් විය,மின்னஞ்சல் முகவரி மாற்றப்பட்டது
user.profile.auditList.loggedIn,Description for user logged in,Logged in,ලොග් වීම කර ඇත,உள்நுழைந்துள்ளேன்
user.profile.auditList.loggedOut,Description for user logged out,Logged out,ලාග් එන්නේය,வெளியேற்றப்பட்டது
user.profile.auditList.markedAsDuplicate,Description for marked as duplicate in audit action,Marked as duplicate,නම් අනුපාතයට ලක් වූ බැවින්,நகலாக குறிக்கப்பட்டது
user.profile.auditList.markedAsNotDuplicate,Description for marked as not duplicate in audit action,Marked as not duplicate,නොනවතින ලදි,நகல் என்று குறிப்பிடப்பட்டது
user.profile.auditList.passwordChanged,Description for user change password,Password changed,මුරපදය වෙනස් කරන ලදි,கடவுச்சொல் மாற்றப்பட்டது
user.profile.auditList.passwordReset,Description for User reset password action,Reset password,මුර රහස සකසන්න,கடவுச்சொல் மீளமைக்க
user.profile.auditList.passwordResetByAdmin,Description for sending temporal password action,Sent password,මුරපදය යවන්න,கடவுச்சொல் அனுப்பப்பட்டது
user.profile.auditList.phoneNumberChanged,Description for user change phoneNumber,Phone number changed,දුරකථන අංකය වෙනස් විය,தொலைபேசி எண் மாற்றப்பட்டுள்ளது
user.profile.auditList.reInstatedToInProgress,Description for sending registration from Reinstated to In progress audit action,Reinstated to in progress,ප්‍රතිස්ථාපනය කළ යුතු අවසරයට පිළිබඳව යළි ප්‍රතිස්ථාපනය කර ඇත.,மீள்புதுப்பிக்கப்பட்டது செயலாக்கத்தில்
user.profile.auditList.reInstatedToInReview,Description for sending registration from Reinstated to In review audit action,Reinstated to ready for review,පශ්චාස කිරීම සඳහා යාවත්කාලීන කරන ලදි,புதுப்பிக்கப்பட்டு பரிசீலனைக்கு தயாராக்கப்பட்டுள்ளது
user.profile.auditList.reInstatedToUpdate,Description for sending registration from Reinstated to require updates audit action,Reinstated to requires updates,යළි ප්‍රතිසාධනය සඳහා යාවත්කාලීන කිරීම අවශ්‍ය වේ.,மீண்டும் செயல்படுத்த வேண்டும் புதுப்பிக்கள் தேவைப்படுகின்றன
user.profile.auditList.rejectedCorrectedAuditAction,Description for record correction being rejected,Rejected correction request,ප්‍රතිචාරකවරයාගේ සංස්කරණය ප්‍රතේරී කළ නොහැකියි,மறுமுறை மறுநிலைக்கு நிராகரித்த கோரிக்கை
user.profile.auditList.requestedCorrectionAuditAction,Description for record correction being requested,Requested correction,ඇයගේ අවශ්‍යතාව සංස්කරණය කිරීමට ඉල්ලීමට ඉල්ලුවේ.,கோரிய சரியாக செய்யப்பட்டது
user.profile.auditList.retrieved,Description for declaration retrieved audit action,Retrieved,අපි ලබා ගත්හෝ,பெற்றது
user.profile.auditList.sentForApproval,Description for sending registration for approval audit action,Sent for approval,අනුමත කිරීම සඳහා යවන ලදුවද යන්නේ නැතිවීමයි.,அனுமோனத்துக்கு அனுப்பப்பட்டுள்ளது
user.profile.auditList.showMore,Label for show more link,Show next {pageSize} of {totalItems},පසුබිම {totalItems} හි {pageSize} පෙන්වන්න.,{pageSize} இன் அடுத்து காட்டு {totalItems}
user.profile.auditList.unAssigned,Description for declaration not assigned to self,Unassigned,අයිතියට වෙනස් නොවූයි,ஒதுக்கப்படாது
user.profile.auditList.userCreated,Description for User created action,Created user,පරිශීලකයා සෑහීමක් කරන ලදි,பயனர் உருவாக்கப்பட்டார்
user.profile.auditList.userDeactivated,Description for User deactivated,Deactivated user,අක්‍රමික භාවිතා කරන ලද පරිශීලකයා,முடக்கப்பட்ட பயனர்
user.profile.auditList.userEdited,Description for User edited action,Edited user,සංස්කරණය කරන ලද පරිශීලකයා,திருத்தப்பட்ட பயனர்
user.profile.auditList.userReactivated,Description for User reactivated,Reactivated user,නැවත සක්‍රියව ඇත්තාව,மீள்படுத்தப்பட்ட பயனர்
user.profile.auditList.usernameReminderByAdmin,Description for send username reminder audit action,Sent username Reminder,පරිශීලක නාමය අයිතිකරන්න,பயனர் பெயர் அனுப்பும் அனுப்புவதை நினைவுக்கு கொள்ளுங்கள்.
user.profile.auditList.usernameRequested,Description for User username requested audit action,Username reminder requested,පරිශීලක නම අත්හිටුවාදීම විශ්වාසයක් ඉවූවේ,பயனர் புனைவு கோரப்பட்டுள்ளது
user.profile.auditList.viewed,Description for declaration viewed audit action,Viewed,දැක්කාවේ,காண்பிக்கப்பட்டது
user.profile.nid,Title for nid,National ID,ජාතික හැඳුනුම්පත,தேசிய ஐடி
user.profile.phoneNumber,Title for phoneNumber field,Phone number,දුරකථන අංකය,தொலைபேசி எண்
user.profile.roleType,Title for roleType field,Role,භාවිත කාලය,பதவி
user.profile.sectionTitle.audit,Title for audit section,History,ඉතිහාසය,வரலாறு
user.profile.startDate,Title for startDate field,Start date,ආරම්භ දිනය,தொடக்க தேதி
user.profile.userName,Title for userName field,Username,පරිශීලකවරු,பயனர்பெயர்
userRole.fieldAgent,Name for user role Field Agent,Field Agent,ක්ෂේත්‍ර කාර්යාලය,புலம் முதலாளி
userRole.healthClerk,,Health Clerk,සෞඛ්‍ය කාර්යාලය,சுகாதார அலுவலர்
userRole.healthcareWorker,Name for user role Healthcare Worker,Healthcare Worker,රෝහල් සේවය කරු,சுகாதார பணியாளர்
userRole.localLeader,Name for user role Local Leader,Local Leader,දේශීය නායක,உள்ளூர் தலைவர்
userRole.localRegistrar,Name for user role Local Registrar,Assistant District Registrar,ජේෂ්ඨ දිස්ත්‍රික් ලේඛකාධිකාරි සහයකයා,மாவட்ட உதவி பதிவாளர்
userRole.localSystemAdmin,Name for user role Local System Admin,Local System Admin,දේශීය පද්ධති කළමනාකාරවරයා,உள்ளூர் அமைப்பு நிர்வாகி
userRole.nationalRegistrar,Name for user role National Registrar,National Registrar,ජාතික ලියාපදිංචිය,தேசிய பதிவுரையாளர்
userRole.nationalSystemAdmin,Name for user role National System Admin,National System Admin,ජාතික පද්ධති කළමනාකාරවරය,தேசிய அமைப்பு நிர்வாகி
userRole.performanceManager,Name for user role Performance Manager,Performance Manager,කාර්යභාර කළමනාකාරකයා,செயல்பாடு மேலாண்மையாளர்
userRole.policeOfficer,Name for user role Police Officer,Police Officer,පොලීස් අධිකාරියා,காவல் அதிகாரி
userRole.registrationAgent,Name for user role Registration Agent,Registrar of Births & Deaths,උප්පැන්න සහ මරණ ලේඛකාධිකාරියා,பிறப்பு மற்றும் மரண பதிவாளர்
userRole.socialWorker,Name for user role Social Worker,Social Worker,සමාජ කාර්යාලය,சமூக உழைப்பாளர்
userSetup.complete.instruction,Instruction for the setup complete,Login to your account with your username and newly created password,ඔබගේ ගිණුමට ඔබගේ පරිශීලක නාමය සහ නවතම තනි මුරපදය සමඟ ඇතුලු වන්න.,உங்கள் பயனர்பெயருடன் மற்றும் புதியவரை உருவாக்கப்பட்ட கடவுச்சொல்லுடன் உங்கள் கணக்குக்கு உள்நுழையவும்.
userSetup.complete.title,Title for the setup complete page,Account setup complete,ගිණුම සැකසුම සම්පූර්ණයි,கணக்கு அமைப்பு முடிந்தது
userSetup.instruction,User setup review page instruction,Check the details below to confirm your account details are correct,"ඔබගේ ගිණුම් විස්තර නිවැරදි නම්, ප්‍රදේශය තහවුරු කිරීම සඳහා පහත විස්තර පරිවර්තනය කරන්න.",உங்கள் கணக்கு விவரங்கள் சரியாக உள்ளது என்று உறுதிப்படுத்த கீழே உள்ள விவரங்களை சரிபார்க்கவும்.
userSetup.landing.instruction,Instruction for the account setup langing page,You are just a few steps away from completing your account set up,ඔබගේ ගිණුම සැකසුම සක්‍රීය කිරීම සඳහා ඔබ කොටස වැඩි විස්තර වෙනස් කිරීමට අවශ්‍ය පරිශීලකයන් වෙත එකතු වී ඇත්ද නැත්නම් ඔබ දැනට පිටපත් වී ඇත්.,உங்கள் கணக்கை அமைத்துவைத்து முடிக்க உங்கள் படைப்பு முடியும் என்று சொல்லும்போது நீங்கள் மட்டுமே சில படைப்புகள் வழக்கமாக இருக்கின்றீர்கள்
userSetup.landing.title,Title for the landing page,Welcome to {applicationName},{applicationName} වෙත ආයුබෝවන්.,{applicationName} க்கு வரவேற்கின்றேன்.
userSetup.review.header,User setup review page subtitle,Confirm your details,ඔබගේ විස්තර තහවුරු කරන්න.,உங்கள் விவரங்களை உறுதிசெய்.
userSetup.review.title,User setup review page title,Your details,ඔබගේ විස්තරයන්,உங்கள் விவரங்கள்
userSetup.securityQuestions.birthTown,The description for BIRTH_TOWN key,What city were you born in?,ඔබ කුමන නගරයේ උපන් වූවේ කුමන්ද?,நீ எந்த நகரத்தில் பிறந்தாய்?
userSetup.securityQuestions.favoriteFood,The description for FAVORITE_FOOD key,What is your favorite food?,ඔබගේ ප්‍රිය ආහාර කුඩා කුඩා කුඩා?,உங்கள் பிடித்த உணவு என்ன?
userSetup.securityQuestions.favoriteMovie,The description for FAVORITE_MOVIE key,What is your favorite movie?,ඔබට වඩාත් කැමති චිත්‍රපටය කුමක්ද?,உங்களுக்குப் பிடித்த திரைப்படம் எது?
userSetup.securityQuestions.favoriteSong,The description for FAVORITE_SONG key,What is your favorite song?,ඔබගේ ප්‍රියතම ගීතය කුමක්ද?,உங்கள் பிடித்த பாடல் எது?
userSetup.securityQuestions.favoriteTeacher,The description for FAVORITE_TEACHER key,What is the name of your favorite school teacher?,ඔබගේ ප්‍රියතම පාසලේ ගුරුවේ නම කුමක්ද?,உங்கள் பிடித்த பள்ளி உரிமையாளரின் பெயர் என்ன?
userSetup.securityQuestions.firstChildName,The description for FIRST_CHILD_NAME key,What is your first child's name?,ඔබගේ පළමු දරුවාගේ නම කුමක්ද?,உங்கள் முதல் குழந்தையின் பெயர் என்ன?
userSetup.securityQuestions.hightSchool,The description for HIGH_SCHOOL key,What is the name of your high school?,ඔබගේ උසස් පාසලේ නම කුමක්ද?,உங்கள் உயர் பள்ளியின் பெயர் என்ன?
userSetup.securityQuestions.motherName,The description for MOTHER_NAME key,What is your mother's name?,ඔබගේ මවගේ නම කුමක්ද?,உங்கள் தாயின் பெயர் என்ன?
userSetup.type.healthSystem,The description for health system type,Health System,රෝහල පද්ධතිය,ஆரோக்கிய அமைப்பு
userSetup.type.hospital,The description for HOSPITAL type,Hospital,රෝහල,மருத்துவமனை
userSetup.type.system,The description for system type,System,පද්ධතිය,அமைப்பு
userSetup.waiting,The message that displays when the user is waiting for the account to be created,Setting up your account,ඔබගේ ගිණුම සැකසුම සැකසුම කිරීමට,உங்கள் கணக்கை அமைக்கும் போது
v2.action.correct,Label for correct record button in dropdown menu,Correct Record,සංස්කරණය සදහා නිවැරදි වාර්තාවක්,சரியான பதிவு
v2.actionModal.PrimaryAction,The label for primary action button of action modal,"{action, select, declare{Declare} other{{action}}}","{ක්‍රියාකාරී, තෝරන්න, ප්‍රකාශනය{ප්‍රකාශනය} වෙනස්{{ක්‍රියාකාරී}}}","{செயல், தேர்ந்தெடு, அறிக்கை{அறிக்கை} மற்றவை{{செயல்}}}"
v2.actionModal.cancel,The label for cancel button of action modal,Cancel,අවලංගු කරන්න,ரத்து செய்
v2.actionModal.description,The description for action modal,The declarant will be notified of this action and a record of this decision will be recorded,මානව ප්‍රකාශය මෙම ක්‍රියාව පිළිබඳව දැනුම් ලබා දෙනවා හා මෙම තීරණයේ වාර්තාව ලබා දීමට අවශ්‍ය ය.,பேணி {name} இந்த செயலை அறிவிக்கப்படும் மற்றும் இந்த முடிவுக்கு ஒரு பதிவு செய்யப்படும்.
v2.actionModal.description.incomplete,Description shown in the action modal when a declaration is incomplete,This incomplete declaration will be submitted for review.,මෙම සම්පූර්ණ ප්‍රලේඛනය සඳහා සමාලෝචනය සඳහා ඉදිරිපත් කරනු ඇත.,இந்த முடிவுறுதி மதிப்புரைக்கு சமர்ப்பிக்கப்படும்.
v2.actionModal.title,The title for action modal,"{action, select, declare{Declare} other{{action}}} the member?","{ක්‍රියාකාරී, තෝරන්න, ප්‍රකාශනය{ප්‍රකාශනය} වෙනස්{{ක්‍රියාකාරී}}} මෙම සාමාන්‍යයා තෝරන්නේ?","{action, select, declare{அறிக்கை செய்யுங்கள்} other{{action}}} உறுப்பினரை?"
v2.advancedSearch.accordion.hide,Label for hide button when accordion is closed,Hide,පැහැදිලි කරන්න,மறைக்க
v2.advancedSearch.accordion.show,Label for show button when accordion is closed,Show,පෙන්වන්න,காட்டு
v2.advancedSearchResult.table.searchResult,The label for search result header in advancedSearchResult page,Search results,සෙවුම් ප්‍රතිඵලයන්,தேடல் முடிவுகள்
v2.buttons.back,Back button text,Back,ආපසු,பின்னால்
v2.buttons.backToReview,Back to review button text,Back to review,අදාලව සපයා ඇත,மீண்டும் பரிசோதனை செய்ய வருகிறேன்
v2.buttons.cancel,Cancel button text in the modal,Cancel,අවලංගු කරන්න,ரத்து செய்
v2.buttons.change,The label for the change button,Change,පෙරදසුන්ගේ නම {name} වෙත වෙනස් කරන්න.,மாற்றம்
v2.buttons.changeAll,The label for the change all button,Change all,සියලුමයි,அனைத்து {name} மாற்றுக்களும் செய்யப்படுகின்றன.
v2.buttons.confirm,Confirm button,Confirm,තහවුරු කරන්න,உறுதிப்படுத்தவும்
v2.buttons.continue,Continue Button Text,Continue,අපිට ප්‍රායෝලක් කරන්නේ කියන්නේ නැත.,தொடருங்கள்
v2.buttons.edit,Edit button text,Edit,නැවත සංස්කරණය කරන්න,திருத்துக
v2.buttons.exit,Label for Exit button on EventTopBar,Exit,පිටවීම,வெளியேறு
v2.buttons.print,Print button text,Print,මුද්‍රණය කරන්න,அச்சு
v2.buttons.saveExit,The label for the save and exit button,Save & Exit,සුරක්ෂිතම් & පිවිසීම,சேமி & வெளியேறு (Save & Exit)
v2.buttons.search,The title of search input submit button,Search,අගවිතා,தேடுக
v2.changeModal.cancel,The label for cancel button of change modal,Cancel,අවලංගු කරන්න,ரத்து செய்
v2.changeModal.continue,The label for continue button of change modal,Continue,අපිට ප්‍රතිඵල කරන්න.,தொடருங்கள்
v2.changeModal.description,The description for change modal,A record will be created of any changes you make,ඔබගේ කොටස් කිරීම් කිරීමේ වාර්තා සාදනවා.,நீங்கள் செய்யும் எந்த மாற்றங்களின் பதிவு செய்யப்படும்.
v2.changeModal.title,The title for change modal,Edit declaration?,ප්‍රතිස්ථාපනය සංස්කරණය කරනවාද?,பிரமாணத்தை திருத்த வேண்டுமா?
v2.config.advanced.search,This is used for the advanced search,Advanced Search,දර්ශක සෙවීම,மேம்பட்ட தேடல்
v2.config.advanced.search.instruction,This is used for the advanced search,Select the options to build an advanced search. A minimum of two search parameters is required.,උසස් සෙවුම තොරතුරු ගොනුවක් තෝරා ගැනීමට විකල්ප තෝරන්න. අවලංගු සෙවුම් ක්‍රමයන් දෙකක් අවශ්‍ය වේ.,ஒரு மேம்படுத்தப்பட்ட தேடலை உருவாக்க விருப்பங்களைத் தேர்ந்தெடுக்கவும். குறைந்தபட்சம் இரண்டு தேடல் அடிப்படையில் தேவை.
v2.config.application.vsexport,Vital statistics title,Vital statistics,ස්ථාන සංඛ්‍යාංකරණය,முக்கிய புள்ளிகள்
v2.configuration.dateFormat,Default format for date values,d MMMM y,d MMMM y,d MMMM y
v2.configuration.timeFormat,Default time format for timestamps,"MMMM dd, yyyy · hh.mm a","මාස මාර්තු dd, yyyy · hh.mm a","MMMM dd, yyyy · hh.mm a"
v2.constants.PIN,PIN label,PIN,කේන්තෝකය,பின்
v2.constants.address,Label for address,Address,ලිපිනය,முகவரி
v2.constants.allEvents,Label for select option All events,All events,සියලු සිදුවීම්,அனைத்து நிகழ்வுகளும்
v2.constants.allStatuses,Label for select option All statuses,All statuses,සියලු තත්ත්වයන්,அனைத்து நிலைகளும்
v2.constants.application.title,Application title,Application,අයිතිය,விண்ணப்பி
v2.constants.applicationName,Declaration name of CRVS,One Registry,One Registry,One Registry
v2.constants.assignRecord,A label for the Assign record -button,Assign record,රාජකාරීත්වය සඳහා ලක් පිටපත් කරන්න,பதிவை ஒதுக்கவும்
v2.constants.averageRateOfRegistrations,A label for Average rate of registrations,avg. {amount}%,මාධ්‍ය සහිත {amount}%,சராசரி {amount}%
v2.constants.birth,A label from the birth event,Birth,උපන්දිනය,பிறப்பு
v2.constants.births,A label from the births event,Births,උපන්දිනයන්,பிறப்புகள்
v2.constants.by,Label for By (the person who performed the action),By,විසින්,மூலம்
v2.constants.certificate.title,Certificate title,Certificate,සහයෝගය,சான்றிதழம்
v2.constants.certificationPaymentTitle,Label for certification payment performance reports,"Payment collected for {event, select, birth{birth} death{death} other{birth}} certificates",{සියලුම} පස්වයින් සඳහා ගෙවිය ඇත {සියලුම} ගානේදී ගෙවිය ඇත,"{நிகரானப் பணம்} {நிகரானப் பணம், select, பிறப்பு{பிறப்பு} மரணம்{மரணம்} மற்றவை{பிறப்பு}} சான்றுகளுக்கான கட்டணம் ஏற்றுக்கொள்ளப்பட்டது"
v2.constants.certified,A label for certified,certified,බාරදෙන,சான்றிதழ் பெற்றுள்ளது
v2.constants.collected,The status label for collected,collected,එක් කර ඇත,சேகரிக்கப்பட்டுள்ளது
v2.constants.collectedBy,The collected by sec text,Collected by,එකතු කළ හැකිය.,சேகரிக்கப்பட்டுள்ளது
v2.constants.comment,Label for rejection comment,Comment,අදහසයි,கருத்து
v2.constants.countryName,Name of the OpenCRVS implementation country,Sri Lanka,ශ්‍රී ලංකාව,இலங்கை
v2.constants.customTimePeriod,Label for Custom time period,Custom time period,සැකසුම් කාල කාලය,தனிப்பட்ட கால காலம்
v2.constants.dateOfDeclaration,Date of declaration label,Date of declaration,ප්‍රකාශයේ දිනය,அறிவிப்பு தேதி
v2.constants.death,A label from the death event,Death,මරණය,மரணம்
v2.constants.deaths,A label from the deaths event,Deaths,මිරිකරන්න්,மரணங்கள்
v2.constants.declaration,A label for declaration,declaration,නිවාඩුව,அறிக்கை
v2.constants.declarationCollectedOn,Label for the workflow timestamp when the status is collected,Certificate collected on,සහත් ලබා ගැනීමේ දිනය: {date},சான்றிதழ் சேர்க்கப்பட்டது
v2.constants.declarationFailedOn,Label for the workflow timestamp when the status is failed,Failed to send on,යවන්නේ අසාර්ථකයි,அனுப்ப தோல்வி ஏற்பட்டது
v2.constants.declarationRegisteredOn,Label for the workflow timestamp when the status is registered,Declaration registered on,ලියාපදිංචිය ලිවී ඇත,பதிவு செய்யப்பட்ட அறிக்கை
v2.constants.declarationRejectedOn,Label for the workflow timestamp when the status is rejected,Declaration sent for updates on,යළි යැවීම සඳහා යවන ලදුදු විස්තරයන් සඳහා,புதுப்பிக்கலுக்கான அறிக்கை அனுப்பப்பட்டுள்ளது
v2.constants.declarationRequestedCorrectionOn,Label for the workflow timestamp when the status is requested correction,Declaration requested correction on,අයිතිය විසින් සංස්කරණය ඉල්ලීමට විය යුතුය,கோரியும் திருத்தம் கோரப்பட்டுள்ளது
v2.constants.declarationSentForExternalValidationOn,Label for the workflow timestamp when the status is waiting_validation,Declaration sent for external validation on,බාහිර සංස්කරණය සදහා ප්‍රතිනචය යවන ලදි.,வெளியே செய்தியை செயலாளருக்கு சரிபார்க்க அனுப்பப்பட்டுள்ளது.
v2.constants.declarationStarted,Label for table header column Declaration started,Started,ආරම්භයි,தொடங்கப்பட்டது
v2.constants.declarationStartedBy,Label for table header column Started by,Started by,ආරම්භ කරන ලදි,தொடங்கினேன்
v2.constants.declarationStartedOn,Label for the workflow timestamp when the status is draft created,Started on,ආරම්භයි,தொடங்கினேன்
v2.constants.declarationState,A label to describe when the declaration was actioned on,Declaration {action} on,ප්‍රකාශය {action} මගින්,அறிக்கை {action} செய்யப்படுகிறது
v2.constants.declarationSubmittedOn,Label for the workflow timestamp when the status is declaration,Declaration submitted on,දායාද ඉදිරිපත් කළ දිනයක්,அறிக்கை சமர்ப்பிக்கப்பட்டது {date}
v2.constants.declarationUpdatedOn,Label for the workflow timestamp when the status is draft updated,Updated on,යාවත්කාලීන කළ හැකිය.,புதுப்பிக்கப்பட்டது
v2.constants.declarationValidatedOn,Label for the workflow timestamp when the status is validated,Declaration reviewed on,පරීක්ෂණය සඳහා සටහන් සමාලෝචනය කර ඇත්දැයි පරීක්ෂා කර ඇත.,அறிக்கை மதிப்பீடு செய்யப்பட்டது
v2.constants.declarations,Declaration title,Declarations,ප්‍රකට ප්‍රකාශයන්,அறிக்கைகள்
v2.constants.declarationsCount,A label for declarations count,Declarations ({totalItems}),ප්‍රකාශ ({totalItems}),அறிக்கைகள் ({totalItems})
v2.constants.declrationArchivedOn,Label for the workflow timestamp when the status is archived,Application archived on,අයිතිකරු {officeName} හි ගොනුව ගත කර ඇත,விண்ணப்பம் சேமிக்கப்பட்டது
v2.constants.dob,Date of birth label,D.o.B.,උ.ප.ද.,ப.ப.த.
v2.constants.dod,Label for DoD in work queue list item,D.o.D,ක්‍රියාකාරීත්වයක්,த.த.தி.
v2.constants.downloaded,Label for application download status Downloaded,Downloaded,බාගත කර ඇත,பதிவிறக்கம் செய்யப்பட்டது
v2.constants.downloading,Label for declaration download status Downloading,Downloading...,බාගත කිරීම...,பதிவிறக்கம் செய்கின்றது...
v2.constants.duplicateOf,table header for `duplicate of` in record audit,Duplicate of,පිළිතුරුද?,நகல் ஆக்கம்
v2.constants.emailAddress,Email label,Email Address,ඊමෙල් ලිපිනය,மின்னஞ்சல் முகவரி
v2.constants.emailBody,Label for email body input,Message,පණිවිඩය,செய்தி
v2.constants.emailSubject,Label for email subject input,Subject,විශේෂිතයි,பொருள்
v2.constants.estimatedNumberOfEvents,A label for Estimated number of events,"Estimated no. of {eventType, select, birth {birth} death {death} other {birth}}s","{eventType, select, birth {උපන්} death {මරයි} other {උපන්}} වීම් සඳහා අගැයුම් අංකය.","{eventType, select, birth {பிறப்பு} death {மரணம்} other {பிறப்பு}} எண்ணிக்கை மதிப்பீடுசெய்யப்பட்டது"
v2.constants.estimatedNumberOfRegistartion,A label for estimated no. of registrations,Estimated no. of registrations,ලියාපදිංචි සංඛ්‍යාංකරණය,பதிவுகளின் அமைந்த எண்ணிக்கை
v2.constants.estimatedTargetDaysRegistrationTitle,A label for estimated vs total registered in {registrationTargetDays} days,Estimated vs total registered in {registrationTargetDays} days,{registrationTargetDays} දිනයේ අනුමැතිය vs මාසික ලියාපදිංචියක්,{registrationTargetDays} நாட்களில் கணக்கிடப்பட்டது vs மொத்த பதிவுசெய்யப்பட்டது
v2.constants.event,Label for Event of event in work queue list item,Event,උද්‍යානය,நிகழ்வு
v2.constants.eventDate,Label for event date in list item,Date of event,සිදුවීමේ දිනය,நிகழ்வின் தேதி
v2.constants.eventType,Label for table header column Event type,Event,උදව්,நிகழ்வு
v2.constants.export,Label used for export,Export,නියාමක් කරන්න,ஏற்றுமதி
v2.constants.failedToSend,Label for declaration status Failed,Failed to send,යොදා නොහැකියි,அனுப்ப தோல்வி ஏற்பட்டது
v2.constants.femaleOver18,Label for femaleOver18,Female Over 18,මහා වයසට ඉහළ ස්තුතිය ඇතුලු ස්තුතියක්,18 வயது மேல் பெண்
v2.constants.femaleUnder18,Label for femaleUnder18,Female Under 18,ගැහැනු උපත 18ට වැඩියි,பெண் குறைந்தபட்ச 18 வயது
v2.constants.form.title,Form Declaration title,Declaration forms,ප්‍රඳුන් පත්වීම්,அறிக்கை படிவங்கள்
v2.constants.from,Label for text From,From,කරුණාකර,இருந்து
v2.constants.gender,Gender label,Gender,පුරවැසියා,பாலியல்
v2.constants.history,History heading,History,ඉතිහාසය,வரலாறு
v2.constants.id,ID Label,ID,අන්තර්ජාලය,ID
v2.constants.inReview.status,A label for In Review,In Review,සඳහන් කිරීමේදී,மதிப்பீடு செய்யப்படுகிறது
v2.constants.incomplete.status,A label for Incomplete,Incomplete,අසම්පූර්ණයි,முடிவற்றையும் முடிக்காது
v2.constants.informant,Informant Label,Informant,සුදුසුදුරන්,அறிக்கையாளர்
v2.constants.informantContactNumber,The title of contact number label,Informant contact number,සෞඛ්‍ය සම්බන්ධ අංකය,தகவல் வழங்குநரின் தொலைபேசி எண்
v2.constants.integrations,Integration title,Integrations,ඒකාබද්ධකවරුන්,ஒரு ஒப்புதல்கள்
v2.constants.issuedBy,The issued by sec text,Issued by,නම් මතයේ නිර්දේශයේ පිළිබඳව යළියොමු.,வெளியிடப்பட்டது மூலம்
v2.constants.label.action,Action Label,Action,ක්‍රියාකාරකම,செயல்
v2.constants.label.date,Date Label,Date,දිනය,தேதி
v2.constants.language,language label,Language,භාෂාව,மொழி
v2.constants.last12Months,Label for preset date range Last 12 months,Last 12 months,අවසන් 12 මාසයක්,கடந்த 12 மாதங்கள்
v2.constants.last30Days,Label for  preset date range Last 30 days,Last 30 days,අවසන් 30 දිනයන්,கடந்த 30 நாட்கள்
v2.constants.lastEdited,Label for rejection date in work queue list item,Last edited,අවසන් සංස්කරණය කරන ලදි,கடைசியாக திருத்தப்பட்டது
v2.constants.lastUpdated,Label for Last updated in list item,Last updated,අවසන් වෙනස් කළ වේ,கடைசி மேம்படுத்தல்
v2.constants.loadMore,A label for load more,Load more,තවත් පැකට් කරන්න,மேலே ஏற்றுக்கொள்
v2.constants.location,Label for location,Location,ස්ථානය,இடம்
v2.constants.maleOver18,Label for maleOver18,Male Over 18,පුරවැසි මිටි 18 ට වැඩියි,18 வயது மேல் ஆண்
v2.constants.maleUnder18,Label for maleUnder18,Male Under 18,පුරාණ අයිතමයි 18ට අඩු,18 வயது குறைந்த ஆண்
v2.constants.marriage,A label from the marriage event,Marriage,විවාහය,திருமணம்
v2.constants.marriages,A label from the marriages event,Marriages,විවාහයන්,திருமணங்கள்
v2.constants.matchedTo,table header for `Matched to` in record audit,Matched to,ගුරුවරුන්ට ගැලපෙන්නේ,Matched to
v2.constants.month,Label for month,Month,මාසය,மாதம்
v2.constants.name,Name label,Name,නම,பெயர்
v2.constants.noConnection,No Connection hover text,No connection,අදාළ සම්බන්ධය නොදැක්වීම,இணைப்பு இல்லை
v2.constants.noNameProvided,Label for empty title,No name provided,නම සපයා නැත,பெயர் வழங்கப்படவில்லை
v2.constants.noResults,Text to display if the search return no results for the current filters,No result,ප්‍රතිලාභයක් නොමැත,ஒரு முடிவு இல்லை
v2.constants.noResultsOutbox,Text to display if there is no items in outbox,No records require processing,කාලසත්‍ය අවශ්‍යතා නොඇතිවිය,பதிவுகள் செயலாக்கப்பட வேண்டும் என்று எந்த பதிவுகளும் இல்லை
v2.constants.notificationSent,label for notification sent,Notification sent,දැන්වීම යවා ඇත,அறிவு அனுப்பப்பட்டது
v2.constants.over5Years,Label for registrations over 5 years,Over 5 years,5 වසර ඉහලට,5 ஆண்டுகள் மேல்
v2.constants.password,Password label,Password,මුරපදය,கடவுச்சொல்
v2.constants.pendingConnection,Label for declaration status Pending Connection,Pending connection,අනුමැතිය සිටින්නේ,நிலுவை இணைப்பு
v2.constants.percentageOfEstimation,A label for percentage of estimate,Percentage of estimate,අනුපාතයේ ප්‍රතිශත්වය,மதிப்பீட்டின் சதவீதம்
v2.constants.performance,Performance title,Performance,කාර්යබහුලව,செயல்பாடு
v2.constants.phoneNumber,Phone label,Phone number,දුරකථන අංකය,தொலைபேசி எண்
v2.constants.reason,Label for Reason the declaration was rejected,Reason,කාලය,காரணம்
v2.constants.record,Label for header table header Record,Record,ලියන්න,பதிவு
v2.constants.refresh,label for refresh,Refresh,නැවත ප්‍රතිපලයක් කරන්න,புதுப்பிக்கவும்
v2.constants.registered,A label for registered,Registered,ලියාපදිංචියා,பதிவு செய்யப்பட்டது
v2.constants.registered.status,A label for registered,Registered,ලියාපදිංචියා,பதிவு செய்யப்பட்டது
v2.constants.registeredAt,Label for comparison row registeredAt type,Registered at,ලියාපදිංචියි වීමේදී,பதிவு செய்யப்பட்டுள்ளது
v2.constants.registeredBy,Label for comparison row registeredBy type,Registered by,ලියාපදිංචියෙන්,பதிவு செய்யப்பட்டது {officeName} மூலம்
v2.constants.registeredInTargetd,A label for Registered in {registrationTargetDays} days,Registered in {registrationTargetDays} days,{registrationTargetDays} දිනයේදී ලියාපදිංචි වී ඇත,{registrationTargetDays} நாட்களில் பதிவு செய்யப்பட்டுள்ளது.
v2.constants.registeredWithinTargetd,A label for Registered {registrationTargetDays} within days of event,Registered within\n{registrationTargetDays} days of event,සිසුන්ට ලියාපදිංචි වී ඇත\n{registrationTargetDays} දිනයන්ද සඳහා,நிகழ்வுக்கு முன்பு {registrationTargetDays} நாட்களில் பதிவு செய்யப்பட்டுள்ளது
v2.constants.rejected,A label for rejected,rejected,ප්‍රතිචාරයක් කරන ලදි,நிராகரித்தது
v2.constants.rejectedDays,The title of rejected days of declaration,Sent for updates {text},යළියගේ යාවත්කාලී කිරීම සඳහා යවන ලදි {text},புதுப்பிக்கப்பட்டது {text}
v2.constants.relationship,Relationship Label for death,Relationship,සම්බන්ධතාව,உறவு
v2.constants.requestReason,Label for Reason the declaration was corrected,Reason for request,ඉල්ලීමේ හේතුව,கோரிக்கைக்கு காரணம்
v2.constants.requestedCorrection,A label for requested correction,requested correction,ඇය වෙනස් ඉලෙක්ස් කරගත්විය.,கோரிய சரியாக செய்யப்பட்டது
v2.constants.requireUpdatesLoading,The text when all rejected declarations are loading,Checking your declarations,ඔබගේ ප්‍රකාශ පරීක්ෂා කරමින් පවතී,உங்கள் அறிக்கைகளை சரிபார்க்கப்படுகிறது
v2.constants.requiresUpdates.status,A label for Requires updates,Requires updates,යාවත්කාලීනවීම් අවශ්‍යයි,புதுப்பிக்கப்பட வேண்டும்
v2.constants.review,A label from the review button,Review,අදාළවකාව,மதிப்பீடு
v2.constants.role,Role label,Role,භාවිතය,பதவி
v2.constants.search,The title of the page,Search,අගවිතාවන්ට සොයන්න,தேடுக
v2.constants.sending,Label for declaration status Submitting,Sending...,යවන්න...,அனுப்புகிறது...
v2.constants.sentForApproval,label for sent for approval,Sent for approval,අනුමත කිරීමට යවන ලදුවක්,அனுமோனத்துக்கு அனுப்பப்பட்டுள்ளது
v2.constants.sentForReview,label for sent for review,Sent for review,සඳහන් කිරීම සඳහා යවන ලදුදුයි,மதிப்பீடுக்கு அனுப்பப்பட்டது
v2.constants.sentForUpdates,label for sent for updates,Sent for updates,යළි යළි යාවත්කාලීනව කරන්න,புதுப்பிக்க அனுப்பப்பட்டது
v2.constants.sentForUpdatesOn,Label for rejection date in work queue list item,Sent for updates on,යළි යාවත්කාලීන කිරීම සඳහා යවන ලදි.,புதுப்பிக்க அனுப்பவும்
v2.constants.sentForValidation,label for sent for validation,Sent for validation,වලංගු කිරීම සඳහා යවන ලදුදුයි,சரிபார்க்கப்படும் படியில் அனுப்பப்பட்டுள்ளது
v2.constants.sentOn,Label for rejection date in work queue list item,Sent on,යළියම් යවන ලදි,அனுப்பப்பட்டது
v2.constants.showMore,Label for show more link,Show next {pageSize},ඊළඟ {pageSize} පෙන්වන්න.,அடுக்கு {pageSize} காட்டு
v2.constants.skipToMainContent,Label for a keyboard accessibility link which skips to the main content,Skip to main content,මූලික අන්තර්ගතයට පිවිසෙන්න,முக்கிய உள்ளடக்கத்திற்கு விடுக.
v2.constants.startedAt,Label for Started At in list item,Started,ආරම්භයාට ඇරඹේ,தொடங்கினேன்
v2.constants.startedBy,Label for Started by in list item,Started by,ආරම්භ කරන ලදියේ,தொடங்கினேன்
v2.constants.status,Title for column,Status,තරමේදීම,நிலை
v2.constants.submissionStatus,Label for table header of column Submission status,Submission status,ඉල්ලීම් තත්වය,சமர்ப்பன நிலை
v2.constants.submitted,A label for submitted,submitted,ඉදිරිපත් කරන ලදි,சமர்ப்பிக்கப்பட்டது
v2.constants.systemrole,System Role label,System Role,සිසුන් හස්තිය,அமைப்பு பதவி
v2.constants.timeFramesTitle,Header for tabel performance timeframs,"{event, select, birth{Birth} death{Death} other{Birth}} registered by time period, from date of occurrence","{event, select, birth{උපන්දිනය} death{මධ්‍යය} other{උපන්දිනය}} ලියාපදිංචි කරන ලදි, දින කාලයේ සිට උපන්දිනයේ දක්වා","நிகழ்நிலை, நிகழ்ச்சி, பிற{Birth} மரண{Death} மற்ற{Birth} ஆகியவை நிகழ்நிலையாக, நிகழ்ச்சியுடன் தேதி முதல் பதிவு செய்யப்பட்டுள்ளது"
v2.constants.timeInProgress,Label for column Time in progress,Time in progress,වේලාව ප්‍රකාශයට පවතී.,நேரம் முன்னேற்றம் செய்கிறது.
v2.constants.timePeriod,A label for Time period,Time period,වේලි කාලය,நேர காலம்
v2.constants.timeReadyForReview,Label for column Time in ready for review,Time in ready for review,සමාලෝචනය සඳහා සූදානම්ව සිටි කාලය,மீளாய்வுக்குத் தயாரான நிலையில் இருந்த நேரம்
v2.constants.timeReadyToPrint,Label for column Time in ready to print,Time in ready to print,ක්‍රියාකාරී කිරීම සඳහා කාලය,அசைவு செய்ய காலம்
v2.constants.timeRequireUpdates,Label for column Time in require updates,Time in require updates,වෙනස් අවශ්‍යයි වේලාවන්ට,புதுப்பிக்க நேரம் தேவை
v2.constants.timeWaitingExternalValidation,Label for column Time in external validation BRIS,Time in external validation,බාහිර සංස්කරණයේ කාලය,வெளியேறும் சரிபார்ப்பில் நேரம்
v2.constants.timeWatingApproval,Label for column Time in waiting for approval,Time in waiting for approval,අනුමැතිය අනුරූපනය කිරීම සඳහා කාලය,அனுமதியை காத்திருக்கும் நேரம்
v2.constants.to,Used in sentence,to,"ඔබගේ අයිතිකරු {name}, {officeName} ට පිවිසෙනු ඇත.",அவருக்கு
v2.constants.toCapitalized,Label for To,To,කරුණාකර මෙම වාක්‍යය පරිවර්තනය කරන්න.,பெற்றோர் {name} என்ற அவருடைய அலுவலகம் {officeName}
v2.constants.total,Label for total,Total,මුළුදැක්කේ {total},மொத்தம்
v2.constants.totalFileSizeExceed,Accumulated File size exceed message,Total size of documents exceeds {fileSize}. Please reduce file size of your uploads,ලේඛන් එකෙහි එන්න ප්‍රමාණය {fileSize} ඉවත් කරන්න. කරුණාකර ඔබගේ උඩුගත ගොනු ප්‍රමාණය අවසන් කරන්න.,ஆவணங்களின் மொத்த அளவு {fileSize} விதிக்கப்பட்டுள்ளது. உங்கள் பதிவேற்றங்களின் கோப்பு அளவை குறைக்கவும்.
v2.constants.totalRegistered,A label for Total registered,Total registered,සම්පූර්ණ ලියාපදිංචියන්,மொத்த பதிவு செய்யப்பட்டது
v2.constants.totalRegisteredInTargetDays,A label for total registered in {registrationTargetDays} days,Total registered in {registrationTargetDays} days,{registrationTargetDays} දිනයේ ලියාපදිංචියන් එකතු විය,{registrationTargetDays} நாட்களில் மொத்த பதிவு செய்யப்பட்டது
v2.constants.trackingId,Search menu tracking id type,Tracking ID,චලවූ අංකය,கண்காணிப்பு ஐடி
v2.constants.type,Label for type of event in work queue list item,Type,ටයිප් කරන්න,வகை
v2.constants.update,The title of reject button in list item actions,Update,යළි සංවාදයක් යාවත්කාලීන කරන්න.,புதுப்பிக்கவும்
v2.constants.user,The name of the user form,User,පරිශීලකයා,பயனர்
v2.constants.username,Username,Username,පරිශීලකවරු,பயனர்பெயர்
v2.constants.validated,A label for validated,validated,තහවුරු කර ඇත,சரிபார்க்கப்பட்டுள்ளது
v2.constants.viewAll,Label for view all link,View all,සියලුමයි,அனைத்தும் பார்
v2.constants.waitingToSend,Label for declaration status Ready to Submit,Waiting to send,යවන්න අපි බලන්නේ නැතිලුණුද?,அனுப்ப காத்திருக்கிறேன்
v2.constants.waitingValidated,A label for waitingValidated,Waiting for validation,වලංගු වීම බලන්නේ නැත,சரிபார்க்கப்படுத்தப்படுகிறேன்
v2.constants.week,Label for week,Week,සතිය,வாரம்
v2.constants.within1YearTo5Years,Label for registrations within 1 year to 5 years,1 year - 5 years,1 වසර - 5 වසර,1 ஆண்டு - 5 ஆண்டுகள்
v2.constants.withinTargetDays,Label for registrations within {registrationTargetDays} days,Within {registrationTargetDays} days,{registrationTargetDays} දිනයන් තිබෙනවා,{registrationTargetDays} நாட்கள் உள்ளிட்டு
v2.constants.withinTargetDaysTo1Year,Label for registrations within {registrationTargetDays} days to 1 year,{registrationTargetDays} days - 1 year,{registrationTargetDays} දින - 1 වසරය,{registrationTargetDays} நாட்கள் - 1 ஆண்டு
v2.correction.corrector.anotherAgent,Label for another registration or field agent option in certificate correction form,Another registration agent or field agent,නව ලියාපදිංචි නියාපදිංචි හෝ ක්ෂේත්‍රයක්,மற்றொரு பதிவு ஏஜென்ட் அல்லது புலம் ஏஜென்ட்
v2.correction.corrector.identity.instruction,The title for the corrector form,Please verify the identity of the person making this request,මෙම ඉලෙක්ස් කිරීම කිරීමේ පුද්ගලිකත්වය තහවුරු කරන්න.,இந்த கோரிக்கையை செய்த வழக்கறிஞரின் அடையாளத்தை சரிபார்க்கவும்.
v2.correction.corrector.identity.verified,Label for verified option in corrector identity check page,I have verified their identity,මම ඔවුන්ගේ අන්තර්ගතය තහවුරු කළා,நான் அவர்களின் அடையாளத்தை சரிபார்த்துக்கொண்டேன்.
v2.correction.corrector.identity.verified.label,The title for the corrector form,@todo,@todo,"மன்னிக்கவும், இந்த பணியை செய்ய வேண்டியது."
v2.correction.corrector.informant,Label for informant option in certificate correction form,Informant,නිවේදනයක්,அறியப்படும் நபர்
v2.correction.corrector.me,Label for registrar option in certificate correction form,Me (Registrar),මම ({officeName}),நான் ({officeName})
v2.correction.corrector.others,Label for someone else option in certificate correction form,Someone else,තවත් කාර්යයක්,யாரோ மற்றவர்
v2.correction.corrector.paragraph.title,The title for the corrector form,"For all record corrections at a minimum an affidavit must be provided. For material errors and omissions eg. in paternity cases, a court order must also be provided.","සිසුන් සිහිකාරී සංස්කරණයන් සඳහා අවශ්‍ය අත්සන එකක් එළිදගන්නේ අත්සන ප්‍රතිස්ථාපනය ලබා ගැනීමයි. පිරිස දෝෂ හා අත්සන අත්හිටවූ අසාර්ථකයන් සඳහා, පිරිස නිවාඩු සාමාන්‍යයෙන් එකක් එළිදගන්නේ අසාර්ථකයයි.","அனைத்து பதிவு சரியாக்கங்களுக்கு குறைந்தபட்ச ஒரு அபிதாவிட் வழங்கப்பட வேண்டும். பொருத்தமான பிழைகள் மற்றும் விடைகள் என்னும் பாதுகாப்பு வழக்கங்களில், நீதிமன்ற கட்டளையும் வழங்கப்பட வேண்டும்."
v2.correction.corrector.title,The title for the corrector form,Who is requesting a change to this record?,මෙම වාර්තාව වෙනස් කිරීමට අවශ්‍යයි කවුරුද?,இந்த பதிவை மாற்ற கோரிக்கை யார்?
v2.correction.reason.title,The title for the corrector form,Reason for correction?,සංශෝධනය සඳහා හේතුව?,திருத்தம் காரணம்?
v2.correction.requester.relationshop.intro.label,The title for the corrector form,Note: In the case that the child is now of legal age (18) then only they should be able to request a change to their birth record.,"සියලුම නිළධාරීත්වයට දායක වූ විට, එයට තාවකාලික වරක් (18) වෙනි විට පරිශීලකයා ඔවුන්ගේ උපරිම වාර්තා වෙනස් කිරීමට හැකි යැයි විය යුතුය.","குழந்தை இப்போது சட்டம் அடைந்திருக்கும் வயது (18) உள்ளதால், அவர்கள் தங்கள் பிறப்பு பதிவை மாற்ற கோரலாம் என்று மட்டும் அவர்கள் கோரிக்கை செய்ய முடியக்கூடும்."
v2.correction.supportingDocuments.attest.label,Label for attestation of supporting documents,Attest,තහවුරු කරන්න,சான்றிதழ்
v2.correction.supportingDocuments.notNeeded.label,Label for indicating supporting documents are not needed,Not Needed,අවශ්‍ය නොවේ,தேவையில்லை
v2.custom.field.form.requiredField,,Required for registration,ලියාපදිංචි සඳහා අවශ්‍යයි,பதிவு செய்ய தேவையானது
v2.error.child.weightAtBirth.invalidNumberRange,This is the error message for invalid number range,Must be within 0 and 6,0 හා 6 අතරට ඇති යහපත් විය යුතුය,0 மற்றும் 6 உள்ள இடத்தில் இருக்க வேண்டும்
v2.error.hidden,"Error message when field is hidden or disabled, but a value was received",Hidden or disabled field should not receive a value,සැඟවුණු හෝ අක්‍රීය කළ යුතු ක්ෂේත්‍රය අගය ලබා නොලැබේ.,மறைக்கப்பட்ட அல்லது முடக்கப்பட்ட புலம் ஒரு மதிப்பைப் பெறக்கூடாது.
v2.error.invalidDate,Error message when date field is invalid,Invalid date field,අවලංගු දින ක්ෂේත්රය,தவறான தேதி புலம்
v2.error.invalidEmail,Error message when email address is invalid,Invalid email address,අවලංගු ඊමේල් ලිපිනයක් නොවේ.,தவறான மின்னஞ்சல் முகவரி
v2.error.invalidInput,Error message when generic field is invalid,Invalid input,වලංගු ආදායමක්,தவறான உள்ளீடு
v2.error.invalidName,This is the error message for invalid name,"Input contains invalid characters. Please use only letters (a-z, A-Z), numbers (0-9), hyphens (-), apostrophes(') and underscores (_)","ආත්ම අක්‍රීය අක්ෂර අක්ෂරයන් පරිවර්තනය කරන්න. කරුණාකර අක්ෂර (a-z, A-Z), අංක (0-9), හයිෆන් (-), ඇප්ග්‍රෝස් ('), සහ යුන්ඩර්ස්කොර්ස් (_) පරිවර්තනය කරන්න.","உள்ளீடு தவறான எழுத்துக்களைக் கொண்டுள்ளது. தயவுசெய்து உரைகள் (a-z, A-Z), எண்கள் (0-9), ஹைப்பன்கள் (-), அபோஸ்த்ரோப்கள்(') மற்றும் அடிக்கட்டுகள் (_) மட்டுமே பயன்படுத்தவும்."
v2.error.required,Error message when required field is missing,Required for registration,ලියාපදිංචි සඳහා අවශ්‍යයි,பதிவு செய்ய தேவையானது
v2.error.search,The error message shown when a search query fails,An error occurred while searching,සෙවීම කිරීමේ වාර්තාවේ දෝෂය සිදු විය හැකිය.,தேடல் செய்யும் போது பிழை ஏற்பட்டது.
v2.event.action.declare.form.section.person.field.address.country.label,This is the label for the field,Country,රාජගීය,நாடு
v2.event.action.declare.form.section.person.field.address.number.label,This is the label for the field,Number,අංකය,எண்
v2.event.action.declare.form.section.person.field.address.other.addressLine1.label,This is the label for the field,Address Line 1,ලිපිනය පේළි 1,முகவரி வரி 1
v2.event.action.declare.form.section.person.field.address.other.addressLine2.label,This is the label for the field,Address Line 2,ලිපිනය පේළිය 2,முகவரி வரி 2
v2.event.action.declare.form.section.person.field.address.other.addressLine3.label,This is the label for the field,Address Line 3,ලිපිනය පේළිය 3,முகவரி வரி 3
v2.event.action.declare.form.section.person.field.address.other.district.label,This is the label for the field,District,දිස්ත්‍රික්කය,மாவட்டம்
v2.event.action.declare.form.section.person.field.address.other.state.label,This is the label for the field,Province,පළාත,மாகாணம்
v2.event.action.declare.form.section.person.field.address.other.town.label,This is the label for the field,Town / Village,නගරය / ගම,நகரம் / கிராமம்
v2.event.action.declare.form.section.person.field.address.other.zipCode.label,This is the label for the field,Postal Code,තැපැල් කේතය,அஞ்சல் குறியீடு
v2.event.action.declare.form.section.person.field.address.residentialArea.label,This is the label for the field,Street / Lane,වීදිය / මාවත,தெரு / ஒழுங்கை
v2.event.action.declare.form.section.person.field.address.street.label,This is the label for the field,Street,වීදියවෙනිදා පාර.,தெரு
v2.event.action.declare.form.section.person.field.address.town.label,This is the label for the field,Town / Village,නගරය / ගම,நகரம் / கிராமம்
v2.event.action.declare.form.section.person.field.address.zipCode.label,This is the label for the field,Postal Code,තැපැල් කේතය,அஞ்சல் குறியீடு
v2.event.birth.action.declare.form.label,This is what this form is referred as in the system,Birth decalration form,උපන්දින ප්‍රකාශ පත්වීමේ ආකෘතිය,பிறப்பு புரிவு படிவம்
v2.event.birth.action.declare.form.review.comment.label,Label for the comment field in the review section,Comment,අදහස්,கருத்து
v2.event.birth.action.declare.form.review.signature.label,Label for the signature field in the review section,Signature of informant,සාකච්ඡාවේ අංශය,அறிக்கையாளரின் கையொப்பம்
v2.event.birth.action.declare.form.review.title,Title of the form to show in review page,"{child.firstname, select, __EMPTY__ {Birth declaration} other {{child.surname, select, __EMPTY__ {Birth declaration} other {Birth declaration for {child.firstname} {child.surname}}}}}","{child.firstname, select, __EMPTY__ {උපන්දින ප්‍රලේඛනය} other {{child.surname, select, __EMPTY__ {උපන්දින ප්‍රලේඛනය} other {උපන්දින ප්‍රලේඛනය {child.firstname} {child.surname}}}}}","{child.firstname, select, __EMPTY__ {பிறப்பு அறிக்கை} other {{child.surname, select, __EMPTY__ {பிறப்பு அறிக்கை} other {{child.firstname} {child.surname} க்கான பிறப்பு அறிக்கை}}}"
v2.event.birth.action.declare.form.section.child.field.attendantAtBirth.label,This is the label for the field,Attendant at birth,උපරිම සේවයක්,பிறப்பில் உதவியாள்
v2.event.birth.action.declare.form.section.child.field.birthLocation.label,This is the label for the field,Location of birth,උපන්වර්සයේ ස්ථානය,பிறந்த இடம்
v2.event.birth.action.declare.form.section.child.field.birthType.label,This is the label for the field,Type of birth,උපරිම ආකෘතිය,பிறப்பு வகை
v2.event.birth.action.declare.form.section.child.field.dob.error,This is the error message for invalid date,Must be a valid birth date,වලංගු උපන් දිනය විසින් විය යුතුය,ஒரு செல்லுபடியாக பிறந்த தேதி இருக்க வேண்டும்.
v2.event.birth.action.declare.form.section.child.field.dob.label,This is the label for the field,Date of birth,උපන්දිනය,பிறந்த தேதி
v2.event.birth.action.declare.form.section.child.field.firstname.label,This is the label for the field,First name(s),මුල් නම(විස්තර),முதல் பெயர்(கள்)
v2.event.birth.action.declare.form.section.child.field.gender.label,This is the label for the field,Sex,ස්ත්‍රී පුරුෂ භාවය,பாலினம்
v2.event.birth.action.declare.form.section.child.field.placeOfBirth.label,This is the label for the field,Place of delivery,නිෂ්පාදන ස්ථානය,விநியோக இடம்
v2.event.birth.action.declare.form.section.child.field.surname.label,This is the label for the field,Last name,අවසන් නම,கடைசி பெயர்
v2.event.birth.action.declare.form.section.child.field.weightAtBirth.label,This is the label for the field,Weight at birth,උපරිම බරය,பிறந்த நேரத்தில் எடை
v2.event.birth.action.declare.form.section.child.field.weightAtBirth.postfix,This is the postfix for the weight field,Kilograms (kg),කිලෝග්රෑම් ({kg}),கிலோகிராம் (கிஜி)
v2.event.birth.action.declare.form.section.documents.field.helper.label,This is the label for the field,The following documents are required,පසුබිම් ලිපි ප්‍රදේශ වේ.,பின்வரும் ஆவணங்கள் தேவைப்படுகின்றன
v2.event.birth.action.declare.form.section.documents.field.proofOfBirth.label,This is the label for the field,Proof of birth,උපලේඛනයට සහතිකයක්,பிறப்பு தொடர்பு
v2.event.birth.action.declare.form.section.documents.field.proofOfFather.label,This is the label for the field,Proof of father's ID,පියාගේ හැඳුනුම් ප්‍රතිස්ථාපනය,அப்பாவின் அடையாளம் சான்றிதழ்
v2.event.birth.action.declare.form.section.documents.field.proofOfMother.label,This is the label for the field,Proof of mother's ID,මව්වේ හැඳුනුම් ප්‍රතිස්ථාපනය,தாயின் அடையாளம் சான்றிதழ்
v2.event.birth.action.declare.form.section.documents.field.proofOther.label,This is the label for the field,Other,අමතර,மற்றொரு
v2.event.birth.action.declare.form.section.father.field.address.addressSameAs.label,This is the label for the field,Same as mother's usual place of residence?,මවින්ගේ පැරණි ස්ථානය සමාවෙන්ද?,தாயின் பொது வசியத்துக்கு ஒரே இடமா?
v2.event.birth.action.declare.form.section.father.field.age.label,This is the label for the field,Age of father,පියාගේ වයස,அப்பாவின் வயது
v2.event.birth.action.declare.form.section.father.field.detailsNotAvailable.label,This is the label for the field,Father's details are not available,පියාවේ විස්තර {officeName} ලබා නොමැත.,அப்பாவின் விவரங்கள் கிடைக்கவில்லை.
v2.event.birth.action.declare.form.section.father.field.reason.label,This is the label for the field,Reason,කාලය,காரணம்
v2.event.birth.action.declare.form.section.informant.field.age.label,This is the label for the field,Age of informant,නිවාඩුවේ වයසයි,தகவல் வழக்கம்
v2.event.birth.action.declare.form.section.informant.field.email.label,This is the label for the field,Email,ඊ-මොලය,மின்னஞ்சல்
v2.event.birth.action.declare.form.section.informant.field.other.relation.label,This is the label for the field,Relationship to child,ළමයාට සම්බන්ධයක්,குழந்தைக்கு உறவு
v2.event.birth.action.declare.form.section.informant.field.phoneNo.error,The error message that appears on phone numbers,Must be a valid 10 digit number that starts with 0(7|9),0(7|9) දෙකයේ ආකෘතිය හැකි දශකය විය යුතුය.,0(7|9) ஆரம்பிக்கும் 10 இலக்க எண் இருக்க வேண்டும்.
v2.event.birth.action.declare.form.section.informant.field.phoneNo.label,This is the label for the field,Phone number,දුරකථන අංකය,தொலைபேசி எண்
v2.event.birth.action.declare.form.section.informant.field.relation.label,This is the label for the field,Relationship to child,දරුවෝ සම්බන්ධය,குழந்தைக்கு உறவு
v2.event.birth.action.declare.form.section.mother.field.age.label,This is the label for the field,Age of mother,මව්න්ගේ වයසේ,தாயின் வயது
v2.event.birth.action.declare.form.section.mother.field.detailsNotAvailable.label,This is the label for the field,Mother's details are not available,අම්මාවේ විස්තර {details} ලබා දෙනවා නැත.,தாயின் விவரங்கள் கிடைக்கவில்லை.
v2.event.birth.action.declare.form.section.mother.field.previousBirths.label,This is the label for the field,No. of previous births,පෙර උපසිරැසි ගණන,முந்தைய ஜன்மங்களின் எண்ணிக்கை
v2.event.birth.action.declare.form.section.mother.field.reason.label,This is the label for the field,Reason,කාලය,காரணம்
v2.event.birth.action.declare.form.section.person.field.address.district.label,This is the label for the field,District,දිස්ත්‍රික්කය,மாவட்டம்
v2.event.birth.action.declare.form.section.person.field.address.label,This is the label for the field,Usual place of residence,සාමාන්‍ය වසරේ නිවාසය,வாசிக்கும் இடம்
v2.event.birth.action.declare.form.section.person.field.address.province.label,This is the label for the field,Province,පළාත,மாகாணம்
v2.event.birth.action.declare.form.section.person.field.address.urbanOrRural.label,This is the label for the field,Urban or Rural,නගර හෝ පිහිටි බැවින් පිළිබඳව කරුණු කරන්න.,நகர் அல்லது ஊர்
v2.event.birth.action.declare.form.section.person.field.address.village.label,This is the label for the field,Village,ගමය,கிராமம்
v2.event.birth.action.declare.form.section.person.field.addressHelper.label,This is the label for the field,Usual place of residence,සාමාජික ස්ථානය,வாசிக்கும் இடம்
v2.event.birth.action.declare.form.section.person.field.age.checkbox.label,This is the label for the field,Exact date of birth unknown,උදාහරණයේ පිටපත් දිනය නොදක්වයි,பிறந்த தேதி தெரியவில்லை
v2.event.birth.action.declare.form.section.person.field.age.postfix,This is the postfix for age field,years,වසරයන්,ஆண்டுகள்
v2.event.birth.action.declare.form.section.person.field.age.text.label,This is the label for the field,Age of person,පුද්ගලික වයස්,நபரின் வயது
v2.event.birth.action.declare.form.section.person.field.brn.label,This is the label for the field,National Identity Card No.,ජාතික හැඳුනුම්පත් අංකය,தேசிய அடையாள அட்டை எண்
v2.event.birth.action.declare.form.section.person.field.dob.error,This is the error message for invalid date,Must be a valid birth date,වලංගු උපන් දිනය විසින් විය යුතුය,ஒரு செல்லுபடியாக பிறந்த தேதி இருக்க வேண்டும்.
v2.event.birth.action.declare.form.section.person.field.dob.label,This is the label for the field,Date of birth,උපන්දිනය,பிறந்த தேதி
v2.event.birth.action.declare.form.section.person.field.educationalAttainment.label,This is the label for the field,Level of education,විශ්වාස මට්ටම,கல்வி அளவு
v2.event.birth.action.declare.form.section.person.field.firstname.label,This is the label for the field,First name(s),මුල් නම(විස්තර),முதல் பெயர்(கள்)
v2.event.birth.action.declare.form.section.person.field.idType.label,This is the label for the field,Type of ID,අත්පොටස් වර්ගය,ஐடி வகை
v2.event.birth.action.declare.form.section.person.field.maritalStatus.label,This is the label for the field,Marital Status,විවාහක තත්ත්වය,திருமண நிலை
v2.event.birth.action.declare.form.section.person.field.nationality.label,This is the label for the field,Nationality,ජාතිකත්වය,தேசியம்
v2.event.birth.action.declare.form.section.person.field.nid.label,This is the label for the field,National Identity Card No.,ජාතික හැඳුනුම්පත් අංකය,தேசிய அடையாள அட்டை எண்
v2.event.birth.action.declare.form.section.person.field.occupation.label,This is the label for the field,Occupation,ආත්මය,பணி
v2.event.birth.action.declare.form.section.person.field.passport.label,This is the label for the field,National Identity Card No.,ජාතික හැඳුනුම්පත් අංකය,தேசிய அடையாள அட்டை எண்
v2.event.birth.action.declare.form.section.person.field.surname.label,This is the label for the field,Last name,අවසන් නම,கடைசி பெயர்
v2.event.birth.action.declare.form.version.1,This is the first version of the form,Version 1,සංස්කරණය 1,பதிப்பு 1
v2.event.birth.action.declare.label,This is shown as the action name anywhere the user can trigger the action from,Declare,නියමිත කරන්න,அறிக்கை
v2.event.birth.label,This is what this event is referred as in the system,Birth,උපන්දිනය,பிறப்பு
v2.event.birth.summary.child.dob.empty,Label for date of birth not available,No date of birth,උපන්දිනය නැත,பிறந்த தேதி இல்லை
v2.event.birth.summary.child.dob.label,Label for date of birth,Date of birth,උපන්දිනය,பிறந்த தேதி
v2.event.birth.summary.child.dob.value,This is the dob value of the child,{child.dob},{child.dob},{child.dob}
v2.event.birth.summary.child.placeOfBirth.empty,Label for place of birth not available,No place of birth,No place of birth,No place of birth
v2.event.birth.summary.child.placeOfBirth.label,Label for place of birth,Place of birth,උපන් ගවේදය,பிறந்த இடம்
v2.event.birth.summary.child.placeOfBirth.value,This is the place of birth value of the child,"{child.placeOfBirth, select, PRIVATE_HOME {{child.address.privateHome.addressType, select, DOMESTIC {{child.address.privateHome.district}, {child.address.privateHome.province}, {child.address.privateHome.country}}other {{child.address.privateHome.district2}, {child.address.privateHome.state}, {child.address.privateHome.country}}}} OTHER {{child.address.other.addressType, select, DOMESTIC {{child.address.other.district}, {child.address.other.province}, {child.address.other.country}}other {{child.address.other.district2}, {child.address.other.state}, {child.address.other.country}}}} other {{child.birthLocation}}}","{child.placeOfBirth, select, PRIVATE_HOME {{child.address.privateHome.addressType, select, DOMESTIC {{child.address.privateHome.district}, {child.address.privateHome.province}, {child.address.privateHome.country}}other {{child.address.privateHome.district2}, {child.address.privateHome.state}, {child.address.privateHome.country}}}} OTHER {{child.address.other.addressType, select, DOMESTIC {{child.address.other.district}, {child.address.other.province}, {child.address.other.country}}other {{child.address.other.district2}, {child.address.other.state}, {child.address.other.country}}}} other {{child.birthLocation}}}","{child.placeOfBirth, select, PRIVATE_HOME {{child.address.privateHome.addressType, select, DOMESTIC {{child.address.privateHome.district}, {child.address.privateHome.province}, {child.address.privateHome.country}}other {{child.address.privateHome.district2}, {child.address.privateHome.state}, {child.address.privateHome.country}}}} OTHER {{child.address.other.addressType, select, DOMESTIC {{child.address.other.district}, {child.address.other.province}, {child.address.other.country}}other {{child.address.other.district2}, {child.address.other.state}, {child.address.other.country}}}} other {{child.birthLocation}}}"
v2.event.birth.summary.informant.contact.empty,This is shown when there is no informant information,No contact details provided,සදහා දුරකතන අංක සපයා නොමැත,தொடர்பு விவரங்கள் வழங்கப்படவில்லை
v2.event.birth.summary.informant.contact.label,This is the label for the informant information,Contact,ඇමතුම්කරන්න,தொடர்பு
v2.event.birth.summary.informant.contact.value,This is the contact value of the informant,{informant.phoneNo} {informant.email},{informant.phoneNo} {informant.email},{informant.phoneNo} {informant.email}
v2.event.birth.summary.title,This is the title of the summary,{child.firstname} {child.surname},{child.firstname} {child.surname},{child.firstname} {child.surname} என்று அழைக்கப்படுகின்றன.
v2.event.birth.workqueue.all.name.label,Label for name in all workqueue,{child.surname} {child.firstname},{child.firstname} {child.surname},{child.surname} {child.firstname}
v2.event.default.action.certificate.form.section.who.field.surname.label,This is the label for the field,Type,ටයිප් කරන්න.,வகை
v2.event.default.action.certificate.template.type.label,Select certificate template,Type,ටයිප් කරන්න,வகை
v2.event.history.markAsDuplicate,,Marked as a duplicate,අනුමත ලකුණු ලක් කර ඇත්තේ,நகலாக குறிக்கப்பட்டது
v2.event.history.role,Label for the role in event history,"{role, select, LOCAL_REGISTRAR {Local Registrar} SOCIAL_WORKER {Field Agent} REGISTRATION_AGENT {Registration Agent} other {Unknown}}","{role, select, LOCAL_REGISTRAR {දේශීය ලිපිටාවි} SOCIAL_WORKER {ක්‍රියා නිලධාරි} REGISTRATION_AGENT {ලියාපදිංචි} other {නොදත්}}","{role, select, LOCAL_REGISTRAR {உள்ளூர் பதிவுதலையர்} SOCIAL_WORKER {புலம்பொருள் முதலாளி} REGISTRATION_AGENT {பதிவு முதலாளி} other {அறியப்படாதவர்}}"
v2.event.summary.event.label,Label for the event field,Event,උදව්,நிகழ்வு
v2.event.summary.event.value,Value for the event field,{eventLabel},{eventLabel},{eventLabel}
v2.event.summary.registrationNumber.empty,No registration number message,No registration number,ලියාපදිංචි අංකය නොමැතිව ඇත.,பதிவு எண் இல்லை.
v2.event.summary.registrationNumber.label,Label for the registration number field,Registration Number,ලියාපදිංචි අංකය,பதிவு எண்
v2.event.summary.registrationNumber.value,Value for the registration number field,{event.registrationNumber},{සිසු.ලියාපදිංචි.සංඛ්‍යාංකරණය},{event.registrationNumber} என்பது பதிவு எண் ஆகும்.
v2.event.summary.status.label,Label for the status field,Status,තරඟකාරීත්වය,நிலை
v2.event.summary.status.value,Value for the status field,"{event.status, select, CREATED {Draft} NOTIFIED {Incomplete} VALIDATED {Validated} DRAFT {Draft} DECLARED {Declared} REGISTERED {Registered} REJECTED {Requires update} ARCHIVED {Archived} MARKED_AS_DUPLICATE {Marked as a duplicate} other {Unknown}}","{event.status, select, CREATED {කළ ප්‍රමාණය} NOTIFIED {අසම්පූර්ණ} VALIDATED {සාදන ලද} DRAFT {කළ ප්‍රමාණය} DECLARED {දායක කරන ලද} REGISTERED {ලියාපදිංචි කරන ලද} REJECTED {යළි යොමු කිරීමට අවශ්‍ය} ARCHIVED {ගත් ප්‍රමාණය} MARKED_AS_DUPLICATE {අනුපිටපත් කරන ලද} other {නොදන්න}}","{event.status, select, CREATED {உத்தரவாக} NOTIFIED {முடிவுற்றது} VALIDATED {சரிபார்க்கப்பட்டது} DRAFT {உத்தரவாக} DECLARED {அறிக்கை செய்யப்பட்டது} REGISTERED {பதிவுசெய்யப்பட்டது} REJECTED {புதுப்பிக்க தேவை} ARCHIVED {பதிவுசெய்யப்பட்டது} MARKED_AS_DUPLICATE {நகலாக குறிக்கப்பட்டது} other {அறியப்படாதது}}"
v2.event.summary.trackingId.empty,Message when tracking ID is empty,No tracking ID,අටවන් හිමිකරුගේ ID නොමැතිව ඇත.,கண்காணும் ஐடி இல்லை.
v2.event.summary.trackingId.label,Label for the tracking ID field,Tracking ID,දල්ෆ් කිරීමේ හැඳුනුම්පත්කරණය,கண்காணிப்பு ஐடி
v2.event.summary.trackingId.value,Value for the tracking ID field,{event.trackingId},{event.trackingId} යන්න ලෙස ප්‍රකාශයක් වෙනස් කරන්න.,{event.trackingId} என்பது மொழிபெயர்ப்பு செய்யப்பட்டுள்ளது.
v2.event.tennis-club-membership.action.certificate.form.label,This is what this form is referred as in the system,Tennis club membership certificate collector,ටෙනිස් සමාගම සාමාන්‍ය සහාය එළිදගත් ප්‍රපෝෂණයේ එකතු කිරීමේ සහායක්,டென்னிஸ் கிளப் உறுதிப்படி சேகரி
v2.event.tennis-club-membership.action.certificate.form.review.title,Title of the form to show in review page,Member certificate collector for {firstname} {surname},{firstname} {surname} සඳහා සාමාජික සහයෝගී ගොනු එක්තරගත කිරීමේ අයිතියක්,{firstname} {surname} க்கான உறுதிப் பத்தியை சேகரிப்பவர்
v2.event.tennis-club-membership.action.certificate.form.section.requester.informant.label,This is the label for the field,Print and issue Informant,දැන්ම මුද්‍රණය කිරීම සහ නිවේදනය දෙනු ඇත.,அறிக்கை அச்சுறுத்தி வெளியிடுக.
v2.event.tennis-club-membership.action.certificate.form.section.requester.label,This is the label for the field,Requester,අවශ්‍යයි,கோரிப்பர்
v2.event.tennis-club-membership.action.certificate.form.section.requester.other.label,This is the label for the field,Print and issue someone else,මුදා හා නික්ම කරන්න,அச்சுக்கு அச்சு செய்யுங்கள்
v2.event.tennis-club-membership.action.certificate.form.section.requester.printInAdvance.label,This is the label for the field,Print in advance,අතින් මුදා දැමීමට ප්‍රින්ට් කරන්න.,முன்பே அச்சிடுங்கள்
v2.event.tennis-club-membership.action.certificate.form.section.who.title,This is the title of the section,Print certified copy,සහත් ප්‍රභාවිත ප්‍රාථමිකයාගේ ප්‍රිනාමික ප්‍රාථමිකයාට ප්‍රිනාමිකයාගේ ප්‍රිනාමිකයාට මුද්‍රණය කරන්න.,சான்றிதழில் அசல் பிரிக்கவும்
v2.event.tennis-club-membership.action.certificate.form.version.1,This is the first version of the form,Version 1,සංස්කරණය 1,பதிப்பு 1
v2.event.tennis-club-membership.action.collect-certificate.label,This is shown as the action name anywhere the user can trigger the action from,Print certificate,සහතිකය මුද්‍රණය කරන්න,சான்றிதழை அச்சிடவும்
v2.event.tennis-club-membership.action.declare.form.label,This is what this form is referred as in the system,Tennis club membership application,ටෙනිස් ස්ථාන සාවද්‍ය අයදුම්පත,டென்னிஸ் கிளப் உறுதிப்படுத்துதல் விண்ணப்பு
v2.event.tennis-club-membership.action.declare.form.review.title,Title of the form to show in review page,"{applicant.firstname, select, __EMPTY__ {Member declaration} other {{applicant.surname, select, __EMPTY__ {Member declaration} other {Member declaration for {applicant.firstname} {applicant.surname}}}}}","{applicant.firstname, select, __EMPTY__ {සාමාජික ප්‍රලේඛනය} other {{applicant.surname, select, __EMPTY__ {සාමාජික ප්‍රලේඛනය} other {{applicant.firstname} {applicant.surname} සඳහා සාමාජික ප්‍රලේඛනය}}}}","{applicant.firstname, select, __EMPTY__ {உறுதிப்படுத்துபவர் அறிக்கை} other {{applicant.surname, select, __EMPTY__ {உறுதிப்படுத்துபவர் அறிக்கை} other {{applicant.firstname} {applicant.surname} க்கான உறுதிப்படுத்துபவர் அறிக்கை}}}}"
v2.event.tennis-club-membership.action.declare.form.section.recommender.field.firstname.label,This is the label for the field,Recommender's first name,නියෝජනාවේ මුල් නම,பரிந்துரையாளரின் முதல் பெயர்
v2.event.tennis-club-membership.action.declare.form.section.recommender.field.id.label,This is the label for the field,Recommender's membership ID,නියෝජනයාගේ සාමාන්‍ය සහාය අංකය,பரிந்துரையாளரின் உறுப்பினர் ஐடி
v2.event.tennis-club-membership.action.declare.form.section.recommender.field.none.label,This is the label for the field,No recommender,අන්තර්ක්‍රියයි,பரிந்துரிக்குந்தவர் இல்லை
v2.event.tennis-club-membership.action.declare.form.section.recommender.field.surname.label,This is the label for the field,Recommender's surname,නියෝජනාවේ පෙරටුගේ වර්ගය,பரிந்துரையாளரின் குடும்பப் பெயர்
v2.event.tennis-club-membership.action.declare.form.section.recommender.title,This is the title of the section,Who is recommending the applicant?,ඇයින් සඳහන් කරන්නේ කුමරුද?,விண்ணப்பரை யார் பரிந்துரைக்கின்றார்?
v2.event.tennis-club-membership.action.declare.form.section.who.field.address.label,This is the label for the field,Applicant's address,අයිතිකයාගේ ලිපිනය,விண்ணப்பரின் முகவரி
v2.event.tennis-club-membership.action.declare.form.section.who.field.dob.error,This is the error message for invalid date,Must be a valid birth date,වලංගු උපන් දිනය විය යුතු යැයි යළි පෙළගැස්මක් විය යුතුය.,ஒரு செல்லுபடியாக பிறந்த தேதி இருக்க வேண்டும்.
v2.event.tennis-club-membership.action.declare.form.section.who.field.dob.label,This is the label for the field,Applicant's date of birth,අයියාට්ගේ උපන් දිනය,விண்ணப்பரின் பிறந்த தேதி
v2.event.tennis-club-membership.action.declare.form.section.who.field.firstname.label,This is the label for the field,Applicant's first name,අයියාටේ මුල් නම,விண்ணப்பரின் முதல் பெயர் {name}
v2.event.tennis-club-membership.action.declare.form.section.who.field.image.label,This is the label for the field,Applicant's profile picture,අයියන්ගේ පැතිකඩ රූපය,விண்ணப்பரின் சுயவிவர படம்
v2.event.tennis-club-membership.action.declare.form.section.who.field.surname.label,This is the label for the field,Applicant's surname,අයිපන්ට්ස් ප්‍රාචරය,விண்ணப்பரின் குடும்பப் பெயர்
v2.event.tennis-club-membership.action.declare.form.section.who.title,This is the title of the section,Who is applying for the membership?,මෙම සාමාජිකයා කුමන්ත්‍රයාට අයදුම් කරමු ද?,யார் உறுதியாளராக விண்ணப்பிக்கிறார்?
v2.event.tennis-club-membership.action.declare.form.version.1,This is the first version of the form,Version 1,සංස්කරණය 1,பதிப்பு 1
v2.event.tennis-club-membership.action.declare.label,This is shown as the action name anywhere the user can trigger the action from,Send an application,අයිතිය යවන්න,ஒரு விண்ணப்பை அனுப்புங்கள்.
v2.event.tennis-club-membership.action.delete.label,This is shown as the action name anywhere the user can trigger the action from,Delete draft,කකුල් ඉවත් කරන්න,வரையறுக்கவும்
v2.event.tennis-club-membership.action.form.section.alienNumberDetails.label,Field for entering Alien Number details,Alien Number Details,දෛශූ අංකය විස්තරයන්,ஏலியன் எண் விவரங்கள்
v2.event.tennis-club-membership.action.form.section.drivingLicenseDetails.label,Field for entering Driving License details,Driving License Details,රියදුරු බලපත් විස්තරයන්,ஓட்டு அனுமதிவிவரங்கள்
v2.event.tennis-club-membership.action.form.section.firstName.label,This is the label for the first name field,First Name,මුල් නම,முதல் பெயர்
v2.event.tennis-club-membership.action.form.section.idType.alienNumber.label,Option for selecting Alien Number as the ID type,Alien Number,ද්විතියි අංකය,ஏலியன் எண்
v2.event.tennis-club-membership.action.form.section.idType.drivingLicense.label,Option for selecting Driving License as the ID type,Driving License,රියදුරු බලපත්රය,ஓட்டு அனுமதிப்பத்தில்
v2.event.tennis-club-membership.action.form.section.idType.label,This is the label for selecting the type of ID,Select Type of ID,අනෙකුත් ID වර්ගය තෝරන්න,ஐடி வகையைத் தேர்ந்தெடுக்கவும்.
v2.event.tennis-club-membership.action.form.section.idType.noId.label,Option for selecting No ID as the ID type,No ID,අංකය නැත,ஐடி இல்லை
v2.event.tennis-club-membership.action.form.section.idType.other.label,Option for selecting Other as the ID type,Other,අමතර,மற்றொரு
v2.event.tennis-club-membership.action.form.section.idType.passport.label,Option for selecting Passport as the ID type,Passport,ගුවන් ලේඛනය,கடவுச்சீட்டு
v2.event.tennis-club-membership.action.form.section.idType.refugeeNumber.label,Option for selecting Refugee Number as the ID type,Refugee Number,පරිවෘත අංකය,அவர்கள் படையில் உள்ள புலம்
v2.event.tennis-club-membership.action.form.section.idTypeOther.label,Field for entering ID type if Other is selected,Other ID Type (if applicable),වෙනත් හැඳුනුම් වර්ගය (අත්‍යවශ්‍ය වූ වන්නේ),பிற ஐடி வகை (பொருநர் பொருநராக இரும் போது)
v2.event.tennis-club-membership.action.form.section.lastName.label,This is the label for the last name field,Last Name,අවසන් නම,கடைசி பெயர்
v2.event.tennis-club-membership.action.form.section.passportDetails.label,Field for entering Passport details,Passport Details,පහසුකම් විස්තරයන්,கடவுச்சீட்டு விவரங்கள்
v2.event.tennis-club-membership.action.form.section.refugeeNumberDetails.label,Field for entering Refugee Number details,Refugee Number Details,පුරවැසි අංක විස්තරයන්,அவர்களின் அடையாள எண்கள்
v2.event.tennis-club-membership.action.form.section.relationshipToMember.label,This is the label for the relationship to member field,Relationship to Member,සාමාජිකත්වය {name} සඳහා,உறுதியான உறுதியாளர்
v2.event.tennis-club-membership.action.form.section.signedAffidavit.label,This is the label for uploading a signed affidavit,Signed Affidavit (Optional),අත්සන් පිළිබඳව ලියාපදිංචිය (විකල්ප),கையொப்பம் செய்யப்பட்ட சான்றிதழ் (விரும்பினால்)
v2.event.tennis-club-membership.action.register.label,This is shown as the action name anywhere the user can trigger the action from,Register,ලියාපදිංචියට ලියන්න,பதிவு செய்க
v2.event.tennis-club-membership.action.requestCorrection.form.section.corrector,This is the title of the section,Correction requester,සංස්කරණය ඉල්ලීමේදී,திருத்தல் கோருந்துவிடும் வேண்டுகோள்
v2.event.tennis-club-membership.action.requestCorrection.form.section.verify,This is the title of the section,Verify their identity,ඔව්හි තහවුරු කරන්නේදැයි ප්‍රතික්ෂේප කරන්න.,அவர்கள் அவர்கள் அடையாளத்தை சரிபார்க்கவும்.
v2.event.tennis-club-membership.action.requestCorrection.label,This is shown as the action name anywhere the user can trigger the action from,Request correction,විස්තරය ඉල්ලීමක් කරනවා,திருத்தம் கோரப்படுகிறது
v2.event.tennis-club-membership.action.sdf.label,This is shown as the action name anywhere the user can trigger the action from,My custom action,මගේ සැකසුම,எனது தனிப்பட்ட செயல்
v2.event.tennis-club-membership.action.validate.label,This is shown as the action name anywhere the user can trigger the action from,Validate,තහවුරු කරන්න,சரிபார்க்கவும்
v2.event.tennis-club-membership.label,This is what this event is referred as in the system,Tennis club membership application,ටෙනිස් සමාගම් අයිතිකාරීතා සහිතවාදීම,டென்னிஸ் கிளப் உறுதிப்படுத்துதல் விண்ணப்பு
v2.event.tennis-club-membership.search,This is what this event is referred as in the system,Tennis club registration search,ටෙනිස් සාමාන්‍ය ලියාපදිංචි සෙවීම,டென்னிஸ் கிளப் பதிவு தேடல்
v2.event.tennis-club-membership.summary.field.applicant.firstname.empty,Shown when the applicant's first name is missing in summary,Applicant's first name missing,ඇයිට්ස් පළමු නම අසාර්ථකයි,விண்ணப்பரின் முதல் பெயர் இல்லை
v2.event.tennis-club-membership.summary.field.applicant.firstname.label,Label for the applicant's first name field,Applicant's First Name,අයියාටේ මුල් නම,விண்ணப்பரின் முதல் பெயர்
v2.event.tennis-club-membership.summary.field.applicant.firstname.value,Value for the applicant's first name field,{applicant.firstname},{applicant.firstname} යන්නා,{applicant.firstname} என்ற பெயரை மொழிபெயர்க்கவும்.
v2.event.tennis-club-membership.summary.field.applicant.surname.empty,Shown when the surname is missing in summary,Applicant's surname missing,අයිකන්ට්ස් හිමිකරුවාගේ නම අසාර්ථකයි,விண்ணப்பரின் குடும்பப் பெயர் காணப்படவில்லை
v2.event.tennis-club-membership.summary.field.applicant.surname.label,Label for the applicant's surname field,Applicant's Surname,අයියන්ගේ ප්‍රාචනායකයා,விண்ணப்பரின் குடும்பப் பெயர்
v2.event.tennis-club-membership.summary.field.applicant.surname.value,Value for the applicant's surname field,{applicant.surname},{applicant.surname} යන්න,{applicant.surname}
v2.event.tennis-club-membership.summary.field.firstname.label,Label for the given field on form.,First name,මුල් නම,முதல் பெயர்
v2.event.tennis-club-membership.summary.field.firstname.value,Value for the matching field on form.,{applicant.firstname},{applicant.firstname} යන්නා,{applicant.firstname} என்ற பெயரைக் கொண்டது.
v2.event.tennis-club-membership.summary.field.recommender.firstname.empty,Shown when the recommender first name is missing in summary,Recommender's first name missing,නිවාඩුවේ පළමු නම අසාර්ථකයි,பரிந்துரையரின் முதல் பெயர் இல்லை
v2.event.tennis-club-membership.summary.field.recommender.firstname.label,Label for the recommender's first name field,Recommender's First Name,නිවාඩුවේ මුල් නම,பரிந்துரையரின் முதல் பெயர்
v2.event.tennis-club-membership.summary.field.recommender.firstname.value,Value for the recommender's first name field,{recommender.firstname},{recommender.firstname} යන්න,{recommender.firstname} என்று அழைக்கப்படுகிறார்.
v2.event.tennis-club-membership.summary.field.recommender.id.empty,Shown when the recommender id is missing in summary,Recommender's id missing,නියෝජනය කිරීමේ හැඳුනුම් සංඛ්‍යාව අසාර්ථකයි,பரிந்துரிக்குநரின் ஐடி இல்லை
v2.event.tennis-club-membership.summary.field.recommender.id.label,Label for the recommender's ID field,Recommender's ID,Recommender's ID,Recommender's ID
v2.event.tennis-club-membership.summary.field.recommender.id.value,Value for the recommender's ID field,{recommender.id},{recommender.id} යන්නෙන් අනුමැතියක් වෙනස් කරන්න.,{பரிந்துரிக்குநர்.ஐடி}
v2.event.tennis-club-membership.summary.field.recommender.surname.empty,Shown when the recommender surname is missing in summary,Recommender's surname missing,නියෝජනාවේ පෙරටු නම අසාර්ථකයි,பரிந்துரையாளரின் குடியிருப்பு இல்லை
v2.event.tennis-club-membership.summary.field.recommender.surname.label,Label for the recommender's surname field,Recommender's Surname,නියෝජනාවේ ප්‍රාචරිත්ගේ වර්ගය,பரிந்துரையாளின் குடியிருப்பு
v2.event.tennis-club-membership.summary.field.recommender.surname.value,Value for the recommender's surname field,{recommender.surname},{recommender.surname},{recommender.surname}
v2.event.tennis-club-membership.summary.title.label,Label for the summary title of the tennis club membership,Membership Summary,සාමාජික සාර්ථකතාව,உறுப்பினர் சுருக்கம்
v2.event.tennis-club-membership.workqueue.all.name.label,Label for the 'All' work queue filter for tennis club membership,{applicant.firstname} {applicant.surname},{applicant.firstname} {applicant.surname},{applicant.firstname} {applicant.surname}
v2.event.tennis-club-membership.workqueue.readyForReview.name.label,Label for 'Ready for Review' work queue for tennis club membership,Ready for Review,සමාවෙන්න සදාචාරය සදහා,பரிசோதனைக்கு தயாராக உள்ளேன்
v2.event.tennis-club-membership.workqueue.registered.name.label,Label for 'Registered' work queue for tennis club membership,Registered,ලියාපදිංචිය කර ඇත්තේ,பதிவு செய்யப்பட்டது
v2.events.history.status,Events status history,"{status, select, CREATE {Draft} VALIDATE {Validated} DRAFT {Draft} DECLARE {Declared} REGISTER {Registered} PRINT_CERTIFICATE {Print certificate} REJECT {Rejected} ARCHIVED {Archived} MARKED_AS_DUPLICATE {Marked as a duplicate} READ {Viewed} ASSIGN {Assigned} UNASSIGN {Unassigned} other {Unknown}}","{status, select, CREATE {කාර්යය} VALIDATE {වලංගු කරනවා} DRAFT {කළ පාඩු} DECLARE {වාර්යය කරනවා} REGISTER {ලියාපදිංචි කරනවා} PRINT_CERTIFICATE {සහතිකය මුද්‍රණය කරනවා} REJECT {ප්‍රතික්ෂේප කරනවා} ARCHIVED {ගත් පිටපත} MARKED_AS_DUPLICATE {අනුපිටපත කරනවා} READ {පෙන්වනවා} ASSIGN {පැවරීම} UNASSIGN {අන්තරීම} other {නොදන්න}}","{status, select, CREATE {உருவாக்குக} VALIDATE {செருக்குக} DRAFT {வரையறை} DECLARE {அறிக்கை செய்} REGISTER {பதிவு செய்} PRINT_CERTIFICATE {சான்றிதழ் அச்சிடு} REJECT {நிராகரி} ARCHIVED {பதிப்புச் சேமிக்கப்பட்டது} MARKED_AS_DUPLICATE {நகலாக குறிக்கப்பட்டது} READ {படிக்கப்பட்டது} ASSIGN {ஒதுக்கீடு செய்} UNASSIGN {ஒதுக்கீடு நீக்கு} other {அறியப்படாது}}"
v2.events.status,Dynamic event status,"{status, select, OUTBOX {Syncing..} CREATED {Draft} VALIDATED {Validated} DRAFT {Draft} DECLARED {Declared} REGISTERED {Registered} other {Unknown}}","{status, select, OUTBOX {සන්නිවේදනය කෙරුම් කෙරේ..} CREATED {කාලසීම} VALIDATED {වලංගු කරන ලදි} DRAFT {කාලසීම} DECLARED {ප්‍රකාශ කරන ලදි} REGISTERED {ලියාපදිංචි කරන ලදි} other {නොදත්තනු}}","{status, select, OUTBOX {ஒப்பந்தம்..} CREATED {வரையறு} VALIDATED {செல்லுபடியாக்கப்பட்டது} DRAFT {வரையறு} DECLARED {அறிக்கை செய்யப்பட்டது} REGISTERED {பதிவுசெய்யப்பட்டது} other {அறியப்படாதது}}"
v2.exitModal.cancel,Modal cancel button,Cancel,අවලංගු කරන්න,ரத்து செய்
v2.exitModal.exitWithoutSaving,exitmodal without saving label,Exit without saving changes?,වෙනස් සුරකින්නේද?,மாற்றங்களை சேமிக்காதே வெளியேற வேண்டுமா?
v2.exitModal.exitWithoutSavingDescription,exitmodal without saving  description,You have unsaved changes on your declaration form. Are you sure you want to exit without saving?,ඔබගේ ප්‍රකාශ පත්‍රයේ අසුරු වෙනස් ඇත. සුරකින්නේ ඔබ සුරැකීම් සිදු කිරීමට අවශ්‍යද?,உங்கள் பேரவை படிவத்தில் சேமிக்கப்படாத மாற்றங்கள் உள்ளன. சேமிக்காது வெளியேற வேண்டுமா?
v2.field.address.addressLine1.label,This is the label for the field,Address Line 1,ලිපිනය පේළි 1,முகவரி வரிக் 1
v2.field.address.addressLine2.label,This is the label for the field,Address Line 2,ලිපිනය පේළිය 2,முகவரி வரி 2
v2.field.address.addressLine3.label,This is the label for the field,Address Line 3,ලිපිනය පේළිය 3,முகவரி வரி 3
v2.field.address.cityOrTown.label,This is the label for the field,Town / Village,නගරය / ගම,நகரம் / கிராமம்
v2.field.address.country.label,Label for country in address,Country,රාජගීය,நாடு
v2.field.address.district.label,Label for district in address,District,දිස්ත්‍රික්කය,மாவட்டம்
v2.field.address.district2.label,This is the label for the field,District,දිස්ත්‍රික්කය,மாவட்டம்
v2.field.address.label.rural,Label for rural area,Rural,ප්‍රාන්තයේ,ஊராட்சி
v2.field.address.label.urban,Label for urban area,Urban,නගරයා,நகர்
v2.field.address.number.label,Label for address number,Number,අංකය,எண்
v2.field.address.postcodeOrZip.label,This is the label for the field,Postal Code,තැපැල් කේතය,அஞ்சல் குறியீடு
v2.field.address.province.label,Label for province in address,Province,පළාත,மாநிலம்
v2.field.address.residentialArea.label,Label for residential area in address,Street / Lane,වීදිය / මාවත,தெரு / ஒழுங்கை
v2.field.address.state.label,This is the label for the field,Province,පළාත,மாகாணம்
v2.field.address.street.label,Label for street in address,Street,වීදියවල,தெரு
v2.field.address.town.label,Label for town in address,Town / Village,නගරය / ගම,நகரம் / கிராமம்
v2.field.address.urbanOrRural.label,Label for selecting between urban or rural,Urban or Rural,නගරේ හෝ පිහිටියේ,நகர் அல்லது ஊர்
v2.field.address.village.label,Label for village in address,Village,ගමය,கிராமம்
v2.field.address.zipCode.label,Label for ZIP code in address,ZIP Code,සිංහල අක්ෂර අංකය,சிப் குறியீடு
v2.file.upload.fileSize.error,Error message when the selected file is too large,File size must be less than {maxSize}mb,ගොනුවේ ප්‍රමාණය {maxSize}mb ට වඩා අඩුවිය යුතුය,கோப்பு அளவு {maxSize}mb க்கும் குறைவாக இருக்க வேண்டும்
v2.file.upload.fileType.error,Error message when the selected file type is not supported,File format not supported. Please attach {types} (max {maxSize}mb),ගොනු ආදාන නොවේ. කරුණාකර {types} (උපරිම {maxSize}mb) අමුන්ගේම අදහසක් ඇතුළත් කරන්න.,கோப்பு வடிவம் ஆதரிக்கப்படவில்லை. தயவுசெய்து {types} இணைக்கவும் ({maxSize}mb வரை)
v2.form.birth.child.title,Form section title for Child,Child's details,දරුවාගේ විස්තරයන්,குழந்தையின் விவரங்கள்
v2.form.field.label.No,Label for form field radio option No,No,නෑ,இல்லை
v2.form.field.label.Yes,Label for form field radio option Yes,Yes,ඔව්,ஆம்
v2.form.field.label.attendantAtBirthLayperson,Label for layperson attendant,Layperson,අධ්‍යාපනයේ අධ්‍යාපනිකයා,அரசியல் அல்லது சட்டத்தில் அனுபவம் இல்லாத ஒருவர்
v2.form.field.label.attendantAtBirthMidwife,Label for midwife attendant,Midwife,මිඩ්වයිෆ්,மகப்பேறு செய்பவர்
v2.form.field.label.attendantAtBirthNone,Label for no attendant,None,කිසිවක් නොවේ,எதுவும்
v2.form.field.label.attendantAtBirthNurse,Label for nurse attendant,Nurse,නර්ස්,மருத்துவமனையில் வேலை செய்யும் வேலையாளர்
v2.form.field.label.attendantAtBirthOtherParamedicalPersonnel,Label for other paramedical personnel,Other paramedical personnel,වෙනත් පැරම්ඇල් පුද්ගලනයක්,பிற பெரியவர்கள் சேவையாளர்கள்
v2.form.field.label.attendantAtBirthPhysician,Label for physician attendant,Physician,වෛරස්කාරයා,மருத்துவர்
v2.form.field.label.attendantAtBirthTraditionalBirthAttendant,Label for traditional birth attendant,Traditional birth attendant,පැරණි උපත් උපුටාදායකයා,பாரம்பரிய பிறவிப் பரிசுப் பணியாளர்
v2.form.field.label.birthTypeHigherMultipleDelivery,Label for higher multiple delivery birth,Higher multiple delivery,උසස් බහුල නිවේදනය,உயர் பல விநியோகம்
v2.form.field.label.birthTypeQuadruplet,Label for quadruplet birth,Quadruplet,චක්‍රව්පල්ට්,நான்குப்பேர்
v2.form.field.label.birthTypeSingle,Label for single birth,Single,එක් දිගටම නියමිතයි,தனிமை
v2.form.field.label.birthTypeTriplet,Label for triplet birth,Triplet,තුන්ක්ලිට්,மூவர்
v2.form.field.label.birthTypeTwin,Label for twin birth,Twin,ද්විත්වය,இரட்டை
v2.form.field.label.documentTypeBirthCertificate,Option for form field: Type of ID,Birth Certificate,උපන්දින සහතිකය,பிறப்பு சான்றிதழ்
v2.form.field.label.documentTypeOther,Option for form field: Type of ID,Other,අමතර,மற்றொரு
v2.form.field.label.educationAttainmentISCED1,Option for form field: ISCED1 education,Primary,ප්‍රථිප්තිය,முதன்மை
v2.form.field.label.educationAttainmentISCED4,Option for form field: ISCED4 education,Secondary,දෙවන සංවාදය,இரண்டாவது
v2.form.field.label.educationAttainmentISCED5,Option for form field: ISCED5 education,Tertiary,තොරියාර්යයා,மூன்றாம்
v2.form.field.label.educationAttainmentNone,Option for form field: no education,No schooling,පාසලේ පාඩම නොදැක්වීමක් නොවේ.,பள்ளிக்கு செல்லவில்லை
v2.form.field.label.healthInstitution,Select item for Health Institution,Health Institution,ආධිර සම්පූර්ණ ස්ථානය,ஆரோக்கிய நிறுவனம்
v2.form.field.label.iDTypeBRN,Option for form field: Type of ID,Birth Registration Number,උපන්දින ලියාපදිංචි අංකය,பிறப்பு பதிவு எண்
v2.form.field.label.iDTypeNationalID,Option for form field: Type of ID,National ID,ජාතික හැඳුනුම්පත,தேசிய ஐடி
v2.form.field.label.iDTypeNone,Option for form field: Type of ID,None,කිසිවක් නැත,எதுவும்
v2.form.field.label.iDTypePassport,Option for form field: Type of ID,Passport,ගුවන් පදය,கடவுச்சீட்டு
v2.form.field.label.informantRelation.brother,Label for option brother,Brother,මහත්මයා,சகோதரர்
v2.form.field.label.informantRelation.father,Label for option father,Father,පියාව,அப்பா
v2.form.field.label.informantRelation.grandfather,Label for option Grandfather,Grandfather,සුභ දවසක්!,தாத்தா
v2.form.field.label.informantRelation.grandmother,Label for option Grandmother,Grandmother,දායකින්,பாட்டி
v2.form.field.label.informantRelation.legalGuardian,Label for option Legal Guardian,Legal guardian,වෛරස ආධාරයා,சட்டப்பூர்வ காப்புத்துறை
v2.form.field.label.informantRelation.mother,Label for option mother,Mother,මව,தாய்
v2.form.field.label.informantRelation.others,Label for option someone else,Someone else,තවත් කාර්යයක්,யாரோ மற்றவர்
v2.form.field.label.informantRelation.sister,Label for option Sister,Sister,කෝෂියක්,சகோதரி
v2.form.field.label.maritalStatusDivorced,Option for form field: Marital status,Divorced,විවාහකයි,பிரித்துவிட்டுள்ளேன்
v2.form.field.label.maritalStatusMarried,Option for form field: Marital status,Married,විවාහයක් කරඇති,திருமணம் செய்யப்பட்டார்
v2.form.field.label.maritalStatusNotStated,Option for form field: Marital status,Not stated,නොවැය කළ නොහැක,குறிப்பு இல்லை
v2.form.field.label.maritalStatusSeparated,Option for form field: Marital status,Separated,වෙනස් වීම් කර ඇත,பிரியமாகிறேன்
v2.form.field.label.maritalStatusSingle,Option for form field: Marital status,Single,එක් දක්වා,தனிமை
v2.form.field.label.maritalStatusWidowed,Option for form field: Marital status,Widowed,විවාහයට පවා වීමේදී සිටිනවා.,விதவை
v2.form.field.label.otherInstitution,Select item for Other location,Other,අමතර,மற்றொரு
v2.form.field.label.privateHome,Select item for Private Home,Residential address,නිවාස ලිපිනය,வாசியார் முகவரி
v2.form.field.label.rural,Label for form field checkbox option Rural,Rural,ප්‍රාන්තයේ,ஊராட்சி
v2.form.field.label.sexFemale,Label for option female,Female,ගැහැණු ස්තුතියි,பெண்
v2.form.field.label.sexMale,Label for option male,Male,පුරුෂයා,ஆண்
v2.form.field.label.sexUnknown,Label for option unknown,Unknown,නොදන්න,அறியப்படாது
v2.form.field.label.urban,Label for form field checkbox option Urban,Urban,නගරයා,நகர்
v2.form.section.documents.title,Form section title for documents,Upload supporting documents,සහයෝගී ලේඛන් උඩුගත කරන්න,உதவியை பதிவேற்றவும்
v2.form.section.father.title,Form section title for fathers details,Father's details,පියාස්වේ විස්තරයන්,அப்பாவின் விவரங்கள்
v2.form.section.informant.title,Form section title for informants details,Informant's details,නිවේදනගැනීම්වේලාකාරීතාව,அறிக்கையாளரின் விவரங்கள்
v2.form.section.information.birth.bullet1,Form information for birth,I am going to help you make a declaration of birth.,මම ඔබට උපරිමයේ උපලේඛනය සාදනවි.,நான் உங்களுக்கு பிறப்பு அறிக்கை உருவாக்க உதவுவேன்.
v2.form.section.information.birth.bullet2,Form information for birth,As the legal Informant it is important that all the information provided by you is accurate.,වාර්තා ප්‍රදේශීයයෙන් එක්වන්නේ ඔබ වෙනස් කළ විස්තර සිදු කර ඇත්තේ ප්‍රකාශ විය හැකිය.,சட்டமன்ற அறிக்கையாளராக உங்கள் வழக்குகள் அனைத்தும் சரியானவை என்று உறுதிப்படுத்தப்படும் முக்கியமாகும்.
v2.form.section.information.birth.bullet3,Form information for birth,Once the declaration is processed you will receive an SMS to tell you when to visit the office to collect the certificate - Take your ID with you.,"නිවේදනය සැකසුම් කර ඇත්නම්, ඔබට ලැබුණු SMS එකක් ලබා දෙන්නේ නැවත ලබා ගැනීම සඳහා කාඩ් ලබා ගැනීමේ වේලාව ඔබට දැනුම් දෙනාගත හැක - ඔබගේ හැඳුනුම් එක එකතු කරන්න.","அறிக்கை செயல்படுத்தப்பட்ட பிறகு, உங்களுக்கு சான்ஸ் அனுப்பப்படும் போது அலுவலகத்தில் சான்றியை பெற செல்ல எப்போது வர வேண்டும் என்று தெரியும் - உங்கள் ஐடி உங்களுடைய கூட்டுத்தாவரை எடுத்துக்கொள்ளுங்கள்."
v2.form.section.information.birth.bullet4,Form information for birth,"Make sure you collect the certificate. A birth certificate is critical for this child, especially to make their life easy later on. It will help to access health services, school examinations and government benefits.","තහවුරු ගන්නාගේ සහභාගී කරන්න. මෙම ළමයාගේ ජීවනය සහිත විශේෂයෙන්ම උපරිම කිසිවක් සිටිනවා. එය සෞඛ්‍ය සේවාවන්, පාසලේ පරීක්ෂණ සහ රජයේ ලකුණු පිළිබඳ සහයෝගයට පිවිසෙයි.","சான்றிதழை சேகரிக்க உறுதிப்படுத்துங்கள். இந்த குழந்தைக்கு பிறப்பு சான்றிதழ் முக்கியம், குறிப்பாக அவர்கள் பின்னர் வாழ்க்கையை எளிதாக்க உதவும். இது சுகாதார சேவைகளை, பள்ளி தேர்வுகளை மற்றும் அரசு நன்குலுக்களை அணுக உதவும்."
v2.form.section.information.birth.bulletList.label,Label for the birth information bullet list,Birth Information,උපන්දින තොරතුරු,பிறப்பு தகவல்
v2.form.section.mother.title,Form section title for mothers details,Mother's details,මව්ගේ විස්තරයන්,தாயின் விவரங்கள்
v2.messages.emptyString,Empty string,,,
v2.navigation.CREATED,In progress label in navigation,In progress,සිදුවෙමි,செயலாக்கம் செய்கிறது
v2.navigation.DECLARED,Ready for review label in navigation,Ready for review,සමාවෙන්න සදා ගැනීමට,பரிசோதனைக்கு தயாராக உள்ளேன்
v2.navigation.REGISTERED,Ready to print label in navigation,Ready to print,මුද්‍රණය කිරීම සඳහා සූදාර්ථයක්,அசத்தல் அசைக்க வேண்டும்
v2.print.certificate.button.confirmPrint,The text for print button,"Yes, print certificate","හරි, සහභාගී කොමසාරිය මුද්‍රණය කරන්න.","ஆம், சான்றிதழை அச்சிடுக"
v2.print.certificate.button.makeCorrection,The label for correction button of print action,"No, make correction",නැවත සැසිල්ලීමක් කරන්න,"இல்லை, திருத்தம் செய்க"
v2.print.certificate.onlineOnly,Print certificate online only message,Print certificate is an online only action. Please go online to print the certificate,සහභාගී ප්‍රතිස්ථාපය අන්තර්ගතයේ ප්‍රවේශ කිරීමට ප්‍රතිස්ථාපය මෙමින් ප්‍රවේශ කරන්න.,சான்றிதழை அச்சிடுவது ஆன்லைன் மட்டும் செயல். சான்றிதழை அச்சிட ஆன்லைன் செல்லுங்கள்.
v2.print.certificate.review.modal.body.print,Print certificate modal body text,A Pdf of the certificate will open in a new tab for printing. The record will move to the ready-to-issue queue.,සහාය ප්‍රජාවේ ලිපියේ Pdf එක නව ටැබයේ විවෘත වේලාවට මුද්‍රණය කිරීම සඳහා විවෘත වේ. රාජ්‍ය කාර්යය සූදානම් කිරීම සඳහා රෙඩි-ටු-ඇස් වෙත ගෙන යනු ඇත.,ஒரு சான்றிதழின் பி.டி.எஃப் ஒன்று அச்சிடத்தில் திறக்கப்படும் மூலம் அச்சிடம் செய்யப்படும். பதிவு வெளியிட வரை அநுபாதிக்கு நகரும்.
v2.print.certificate.review.modal.body.printAndIssue,Print certificate modal body text,A Pdf of the certificate will open in a new tab for printing and issuing.,සහාය ලද සහාය ප්‍රතිසාධනය සඳහා නව ටැබයේ ප්‍රවාහනයට විවෘත වේ.,ஒரு சான்றிதழின் பி.டி.எஃப் ஒன்று அச்சிடும் மற்றும் வெளியில் முதலில் திருத்துவதற்கு திறக்கும்.
v2.print.certificate.review.printAndIssueModalTitle,Print and issue certificate modal title text,Print and issue certificate?,ප්‍රින්ට් කරන්න සහ සහය ලබාගන්නවාද?,சான்றிதழை அச்சிட்டு வெளியிடவும்?
v2.print.certificate.review.printModalTitle,Print certificate modal title text,Print certificate?,සහතෝටිකය මුද්‍රණය කරන්නේ?,சான்றிதழை அச்சிடுக?
v2.printAction.description,The description for print action,Please confirm that the informant has reviewed that the information on the certificate is correct and that it is ready to print.,කරුණාකර දැන්ම පිළිබඳව ප්‍රකාශකය බැලීමේ ප්‍රතිඵල නිවැරදි හා මුදා කිරීම සඳහා සූදානම් කරන්න.,தயவுசெய்து அறிக்கையாளர் சரியான தகவலை பரிசீலித்து அது அச்சிடக்கைக்கு தயாராக உள்ளது என்று உறுதிசெய்க.
v2.printAction.title,The title for print action,Print certificate,සහතිකය මුද්‍රණය කරන්න,
v2.regHome.issued,Label for workqueue tooltip,Empty message,අහෝද පණිවිඩය,காலியாக செயல்படுத்தப்பட்ட செய்தியை அனுப்பவில்லை
v2.register.eventInfo.birth.title,Event information title for the birth,Introduce the birth registration process to the informant,නිවාස වාර්තා ස්ථානය {informant} හි ප්‍රවේශයට පත් කරන්න.,தகவல் வழங்குநருக்கு பிறப்பு பதிவு செய்ய பயன்படுத்தும் செயல்பாடுகளை அறியவும்.
v2.register.form.modal.desc.deleteDeclarationConfirm,Description for delete declaration confirmation modal,Are you sure you want to delete this declaration?,ඔබට මෙම ප්‍රලේඛනය මකා දැමීමට සිදුවෙමිද?,இந்த அறிக்கையை நீக்க விரும்புகிறீர்களா?
v2.register.form.modal.title.deleteDeclarationConfirm,Title for delete declaration confirmation modal,Delete draft?,කොටස් ඉවත් කරන්නේ ආයාතනයයි?,வரையறுக்கவும்?
v2.register.selectInformant.newBirthRegistration,The title that appears for new birth registrations,New birth declaration,නව උපලේඛනය,புதிய பிறப்பு அறிக்கை
v2.register.selectInformant.newDeathRegistration,The title that appears for new death registrations,New death declaration,නව මරණ ප්‍රලේඛනය,புதிய மரண அறிக்கை
v2.register.selectInformant.newMarriageRegistration,The title that appears for new marriage registrations,New marriage declaration,නව විවේචනය ප්‍රකාශයක්,புதிய திருமண அறிக்கை
v2.register.selectVitalEvent.errorMessage,Error Message to show when no event is being selected,Please select the type of event,කරුණාකර සිදුවීම් වර්ගය තෝරන්න.,நிகழ்வின் வகையைத் தேர்ந்தெடுக்கவும்.
v2.register.selectVitalEvent.registerNewEventHeading,The section heading on the page,What type of event do you want to declare?,ඔබ කුමන විස්තරයක් දැක්වීමට කුමන විස්තරයක් අවශ්‍යයි?,நீங்கள் எதை அறிவிக்க விரும்புகிறீர்கள்?
v2.register.selectVitalEvent.registerNewEventTitle,The title that appears on the select vital event page,New declaration,නව පවුලේදීම,புதிய அறிக்கை
v2.registerAction.Declare,The label for declare button of register action,Register,ලියාපදිංචිය,பதிவு செய்க
v2.registerAction.Reject,The label for reject button of register action,Reject,ප්‍රතිචාරයක්,நிராகரிக்கவும்
v2.registerAction.description,The description for register action,"By clicking register, you confirm that the information entered is correct and the member can be registered.",ලියාපදිංචි කිරීමෙන් ඔබ ඇතුළත් කළ තොරතුරු නිවැරදි විය හැකිය යුතුයි හා මෙම සාමාජිකයා ලියාපදිංචි කළ හැකිය.,"பதிவு செய்வதன் மூலம், நீங்கள் உள்ளிடப்பட்ட தகவல்கள் சரியானவை என்று உறுதிசெய்கிறீர்கள் மற்றும் உறுதிப்படுத்தப்பட்ட உறுதிப்படுத்தப்பட்டவர் பதிவு செய்யப்படலாம்."
v2.registerAction.incompleteForm,The label for warning of incomplete form,Please add mandatory information correctly before registering.,ලියාපදිංචි වන පෙර අනිර්මාත්ය විසින් අවශ්‍ය විස්තර නිවේදනය කරන්න.,பதிவு செய்வது முன்னதாக அவசியமான தகவல்களை சரியாக சேர்க்கவும்.
v2.registerAction.title,The title for register action,Register member,දායකින්න මෙමගුරුකමට,உறுதிப்படுத்துக உறுதிப்படுத்துக {name}
v2.rejectModal.archive,The label for archive button of reject modal,Archive,අත්සන් කරන්න,சேமிக்குக
v2.rejectModal.cancel,The label for cancel button of reject modal,Cancel,අවලංගු කරන්න,ரத்து செய்
v2.rejectModal.description,The description for reject modal,Please describe the updates required to this record for follow up action.,අපේක්ෂාව අනුව මෙම වාර්තාව සංස්කරණය කිරීම සඳහා අවශ්‍ය යාවත්කාලිකව වෙනස් කිරීම් විස්තර කරන්න.,"இந்த பதிவுக்கு தேவையான புதுப்பிப்புகளை விவரிக்கவும், பின்னர் செயல்படுத்த வேண்டிய நடவடிக்கைகளை விவரிக்கவும்."
v2.rejectModal.markAsDuplicate,The label for mark as duplicate checkbox of reject modal,Mark as a duplicate,අනිකයක් ලබා දීමට ල඙්ඩකට ල඙්කරන්න,நகலாக குறிக்கவும்
v2.rejectModal.sendForUpdate,The label for send For Update button of reject modal,Send For Update,යළි යවන්න යන්න.,புதுப்பிக்க அனுப்பவும்
v2.rejectModal.title,The title for reject modal,Reason for rejection?,පරීක්ෂා හදාගැනීමේ හේතුව?,நிராகரணத்தின் காரணம்?
v2.review.declare.confirm,The label for review action button when declaring,Send for review,සඳහන් කිරීම සඳහා යවන්න,மதிப்பீடுக்கு அனுப்பவும்
v2.review.declare.confirmModal.cancel,The label for modal cancel button when declaring,Cancel,අවලංගු කරන්න,ரத்து செய்
v2.review.declare.confirmModal.confirm,The label for modal confirm button when declaring,Confirm,තහවුරු කරන්න,உறுதிப்படுத்தவும்
v2.review.declare.confirmModal.description,The description for review action modal when declaring,This declaration will be sent for review,මෙම ප්‍රකාශය සඳහා සබඳතා කිරීමට යවාදෙනවා,இந்த அறிக்கை மதிப்பீடுக்கு அனுப்பப்படும்.
v2.review.declare.confirmModal.title,The title for review action modal when declaring,Send for review?,පාරිභාවයට යවන්නේ?,மதிப்பீடு செய்ய அனுப்பவும்?
v2.review.declare.description.complete,The description for declare action when form is complete,The informant will receive an email with a registration number that they can use to collect the certificate,සොයාගැනීම් සහිතව ඊමේල් ලිපිට ලියාපදිංචි අංකය ලබා දෙනවා. එයට අපේක්ෂකයා ලබා ගැනීම සඳහා භාවිත කළ හැකිය.,தகவல் வழங்குநர் ஒரு பதிவு எண்ணுடன் மின்னஞ்சல் பெறும்; அவர்கள் சான்றிதழை பெற பயன்படுத்த முடியும்.
v2.review.declare.description.incomplete,The description for declare action when form is complete,The informant will receive an email with a tracking ID that they can use to provide the additional mandatory information required for registration,සොයාගැනීමේ දැනුම්දේශය ලැයිස්තුවක් ලබා දෙන ඊමේල් එකක් ලෙස ලෙස භාවිතා කළ හැකි තරංග සහිත අත්පොත් ලැයිස්තුවක් ලබා ගත හැකිය.,தகவல் அறிக்கையாளர் பதிவுசெய்யப்பட்ட தகவலுக்கு தேடல் ஐடி உள்ள மின்னஞ்சல் பெறும். அவர்கள் பதிவுக்கு தேவையான கூடுதல் கட்டாய தகவலை வழங்க பயன்படுத்தலாம்.
v2.review.declare.incomplete.confirmModal.cancel,The label for modal cancel button when declaring,Cancel,අවලංගු කරන්න,ரத்து செய்
v2.review.declare.incomplete.confirmModal.confirm,The label for modal confirm button when declaring,Confirm,තහවුරු කරන්න,உறுதிப்படுத்தவும்
v2.review.declare.incomplete.confirmModal.description,The description for review action modal when declaring incomplete,This incomplete declaration will be sent for review.,මෙම සම්පූර්ණ ප්‍රලේඛනය සඳහා සමාලෝචනයට යවාදෙනවා.,இந்த முடிவு மறுவிருப்புக்கு அனுப்பப்படும்.
v2.review.declare.incomplete.confirmModal.title,The title for review action modal when declaring,Send for review?,පාරිභාවයට යවන්නේ?,மதிப்பீடு செய்ய அனுப்பவும்?
v2.review.declare.title.complete,The title shown when reviewing an incomplete record to declare,Declaration complete,නිවේදනය සම්පූර්ණ විය,அறிக்கை முடிந்தது
v2.review.declare.title.incomplete,The title shown when reviewing an incomplete record to declare,Declaration incomplete,ප්‍රකාශය සම්පූර්ණ නොවේ,அறிக்கை முடிவுற்றது
v2.review.register.confirm,The label for register button of review action,Register,ලියාපදිංචිය,பதிவு செய்க
v2.review.register.confirmModal.cancel,The label for modal cancel button when registering,Cancel,අවලංගු කරන්න,ரத்து செய்
v2.review.register.confirmModal.confirm,The label for modal confirm button when registering,Register,ලියාපදිංචියට ලියන්න,பதிவு செய்க
v2.review.register.confirmModal.description,The description for review action modal when registering,Review,review,review
v2.review.register.confirmModal.title,The title for review action modal when registering,Register the {event}?,{event} ලියාපදිංචි කරන්නේ?,{event} ஐ பதிவு செய்யவும்?
v2.review.register.description.complete,The description for registration action when form is complete,"By clicking register, you confirm that the information entered is correct and the event can be registered.",ලියාපදිංචි කිරීමෙන් ඔබ ඇතුළත් කළ තොරතුරු නිවැරදි විය හැකිය යුතුයි සහ සියලු සිදුවීම් ලියාපදිංචි කළ හැකිය.,"பதிவு செய்வதன் மூலம், நீங்கள் உள்ளிடப்பட்ட தகவல்கள் சரியானவை என்று உறுதிசெய்கிறீர்கள் மற்றும் நிகழ்வுக்கு பதிவு செய்ய முடியும் என்று உறுதிசெய்கிறீர்கள்."
v2.review.register.reject,The label for reject button of review action,Reject,ප්‍රතිචාරයක්,நிராகரிக்கவும்
v2.review.register.title,The title shown when reviewing a record to register,Register event,උපරිමයේ රෙජිස්ටර් කරන්න,நிகழ்ச்சியை பதிவு செய்க
v2.review.validate.confirm,The label for review action button when validating,Send for approval,අනුමත කිරීම සඳහා යවන්න,அனுமோனத்தைக் கோருக.
v2.review.validate.confirmModal.cancel,The label for modal cancel button when validating,Cancel,අවලංගු කරන්න,ரத்து செய்
v2.review.validate.confirmModal.confirm,The label for modal confirm button when validating,Confirm,තහවුරු කරන්න,உறுதிப்படுத்தவும்
v2.review.validate.confirmModal.description,The description for review action modal when validating,This declaration will be sent for approval prior to registration.,මෙම ප්‍රඳුනය ලියාපදිංචි කළ පෙර ලියාපදි සඳහා යවනු ඇත.,இந்த அறிக்கை பதிவுக்கு முன்னர் அங்கீகாரம் அனுப்பப்படும்.
v2.review.validate.confirmModal.title,The title for review action modal when validating,Send for approval?,අනුමත කිරීම සඳහා යවන්නේ?,அனுமதிக்கலாமா?
v2.review.validate.description.complete,The description for validate action when form is complete,The informant will receive an email with a registration number that they can use to collect the certificate,සොයාගැනීම් පිළිබඳ දැනුම්දෙනාට ලියාපදිංචි අංකය ලැබීමට ඉ-තැැපතක් ලැබේ එම අංකය භාවිත කළ හැකිය.,தகவல் வழங்குநர் ஒரு பதிவு எண்ணுடன் மின்னஞ்சல் பெறும்; அவர்கள் சான்றிதழை பெற பயன்படுத்த முடியும்.
v2.review.validate.description.incomplete,The description for validate action when form is complete,Please add mandatory information before sending for approval,අනිවාර්ය තොරතුරු එක් කරන්නේ අනික් අනිවාර්ය තොරතුරු එකක් එවන්නේ අවසන් කිරීමට,அனுமதிக்குறிப்புக்கு அனுப்பும் முன்னணி தகவல்களை சேர்க்கவும்.
v2.review.validate.reject,The label for reject button of review action,Reject,ප්‍රතිචාරයක්,நிராகரிக்கவும்
v2.review.validate.title,The title shown when reviewing a record to validate,Send for approval,අනුමත කිරීම සඳහා යවන්න,அனுமோனத்தைப் பெறுங்கள்
v2.reviewAction.Declare,The label for declare button of review action,Declare,නිවාඩු කරන්න,அறிக்கை
v2.reviewAction.description,The description for review action,"By clicking declare, you confirm that the information entered is correct and the member can be declared.",ප්‍රතිඵල කිරීමෙන් ඔබ ඇතුළත් කළා ඇතුළත් කළ තැබූ තොරතුරු නිවැරදි විය හැකිය හැකි බවට තහවුරු කරයි හෝ සාමාන්‍යයෙන් ඇතුළත් කළ හැකිය.,"அறிக்கை கிளிக் செய்தால், உள்ளிடப்பட்ட தகவல்கள் சரியானவை என்று உறுதிசெய்கிறீர்கள் மற்றும் உறுதிசெய்யப்பட்டவர் அறிக்கை செய்யப்படலாம்."
v2.reviewAction.incompleteForm,The label for warning of incomplete form,Please add mandatory information correctly before registering.,ලියාපදිංචි විට ලියාපදිංචි කිරීමට පෙර අවශ්‍ය විස්තර නිවැරදියි.,பதிவு செய்வது முன்னதாக அவசியமான தகவல்களை சரியாக சேர்க்கவும்.
v2.reviewAction.register.description.incomplete,The description for registration action when form is incomplete,Please add mandatory information before registering,ලියාපදිංචි වන පෙර අනියම් තොරතුරු එකතු කරන්න.,பதிவு செய்வது முன்னதாக அவசியமான தகவல்களை சேர்க்கவும்.
v2.reviewAction.reject,The label for reject button of review action,Reject,ප්‍රතිචාරයක්,நிராகரிக்கவும்
v2.reviewAction.title,The title for review action,Declare member,සාමාජිකයක් ප්‍රකාශකරන්න,உறுதிப்படுத்துகிறேன்
v2.saveAndExit.desc.saveDeclarationConfirm,Description for save declaration confirmation modal,All inputted data will be kept secure for future editing. Are you ready to save any changes to this declaration form?,"සියලුම ආදායම් දත්ත අතිරික් කළ හැකිය හැකි අතර ස්ථාපනය කිරීමට අවශ්‍ය නම්, මෙම ප්‍රකාශ පරාසය සුරක්ෂිත කිරීමට ඔබ කැමතිද?",அனைத்து உள்ளீட்டு தரவுகளும் எதிர்கால திருத்தம் சேமிக்கப்படும். இந்த அறிக்கை படிவத்தில் எந்த மாற்றங்களையும் சேமிக்க உங்களுக்கு தயாரா?
v2.saveAndExit.title.saveDeclarationConfirm,Title for save declaration confirmation modal,Save & exit?,සුරක්ෂිතම් & පිවිසීම?,சேமி & வெளியேறுக?
v2.search.noResult,The no result text,No results,ප්‍රතිලාභ නොමැත,எந்த முடிவுகளும் இல்லை
v2.signature.upload.modal.title,Title for the signature upload modal,Upload Signature,අත්සන් කිරීම උඩුගත කරන්න,கையொப்பம் பதிவேற்றுக
v2.validateAction.Declare,The label for declare button of validate action,Send for approval,අනුමත කිරීම සඳහා යවන්න,அனுமோனத்தைக் கோருக.
v2.validateAction.Reject,The label for reject button of validate action,Reject,ප්‍රතිචාරයක්,நிராகரிக்கவும்
v2.validateAction.description,The description for validate action,The informant will receive an email with a registration number that they can use to collect the certificate,සොයාගැනීම් සහිතව එක් දැනුම්දීමක් ලබා දෙනවා එක් ලියාපදිංචි අංකයක් සහිතව එක් ලියාපදිංචිය ලබා ගැනීම සඳහා භාවිතා කළ හැකිය.,தகவல் வழங்குநர் ஒரு பதிவு எண்ணுடன் மின்னஞ்சல் பெறும்; அவர்கள் சான்றிதழை பெற பயன்படுத்த முடியும்.
v2.validateAction.incompleteForm,The description for warning of incomplete form,Please add mandatory information before sending for approval,අනිවාර්ය තොරතුරු එක් එකිනෙකට යවා පිළිගන්නේ කරුණාකාරකයාට එක් කරන්න.,அனுமதிக்கு அனுப்பும் முன் கட்டாய தகவலை சேர்க்கவும்.
v2.validateAction.title,The title for validate action,Send for approval,අනුමත කිරීම සඳහා යවන්න,அனுமோனத்தைப் பெறுங்கள்
v2.view.record,Label for view record,View record,නිවාස දර්ශනීයයි,பதிவை காண்க
v2.wq.noRecords.CREATED,No records messages for empty draft tab,No records in progress,කාලසීමාවලින් කිසිවක් නොපවතියි,செயல்பாடுகளில் பதிவுகள் இல்லை
v2.wq.noRecords.DECLARED,No records messages for ready for review tab,No records ready for review,"සමාවන්න, සටහන් සදහා ලියාපදිංචි නොවූ වාර්තාවන්ද.",பரிசோதனைக்கு பதில்கள் கிடைக்கவில்லை
v2.wq.noRecords.REGISTERED,No records messages for ready to print tab,No records ready to print,මුල් දත්ත මුද්‍රණය කිරීම සදහා නිවැරදි වාර්තා නොමැත,அச்சத்தில் அட்டவணைகள் அச்சிட தயார் இல்லை.
validate.complete.declaration.action.description,,The informant will receive an with a registration number that they can use to collect the certificate.,සොයාගැනීමෙන් පසු අයිතිකරුගේ නම්බරය ලබා ගන්නා අංකය සහිත ඊමේල් ලබාගතේ.,தகவல் பரிந்துரையாளர் ஒரு பதிவு எண்ணுடன் ஒரு மின்னஞ்சல் பெறும்; அவர்கள் அதைப் பயன்படுத்தி சான்றியம் பெற முடியும்.
validate.complete.declaration.action.title,,Declaration complete,නිවාඩුව සම්පූර්ණ විය,அறிக்கை முடிந்தது
validate.declaration.action.modal.description,,This declaration will be sent for approval prior to registration.,මෙම ප්‍රඳාරය ලියාපදිංචි කළ පෙර ලියාපදි සඳහා යවනු ඇත.,இந்த அறிக்கை பதிவுக்கு முன்னர் அங்கீகாரம் அனுப்பப்படும்.
validate.declaration.action.modal.title,,Send for approval?,අනුමත කිරීම සඳහා යවන්නේ?,அனுமோனத்தை அனுப்பவா?
validations.bengaliOnlyNameFormat,The error message that appears when a non bengali character is used in a Bengali name,Must contain only Bengali characters,"ඔයා {name}, {officeName} වෙනුවෙන් ඉල්ලීමට අවශ්‍ය නැත.","{নাম}, {officeName} এ কাজ করে।"
validations.blockAlphaNumericDot,The error message that appears when an invalid value is used,"Can contain only block character, number and dot (e.g. C91.5)",වෙනස් කිරීම් සහ අංක සහ රේඛා (උදා: C91.5) ප්‍රමාණයට අඩු විය හැකිය.,"உருவாக்கப்பட்ட எண்ணிக்கை, எண் மற்றும் புள்ளி மட்டுமே உள்ளதாக இருக்கலாம் (எக்.கே. C91.5)"
validations.correction.reason.required,,Please provide a reason for this correction,කරුණාකර මෙම සැසිය සංස්කරණය සිදු කිරීමේ හේතුව සපයා දෙන්න,இந்த சரியானது மாற்றத்திற்கான காரணத்தை வழங்கவும்.
validations.correctionReason,The error message that appears on reason field on correction form,Please provide a reason for this correction,කරුණාකර මෙම සැසිය සංස්කරණය සඳහා හේතුව සපයා ඇත්ද යන්න ලබා දෙන්න,இந்த சரியானது மாற்றத்திற்கான காரணத்தை வழங்கவும்.
validations.dateFormat,The error message appears when the given date is not valid,Required for registration. Enter a valid date,ලියාපදිංචි වීම සඳහා අවශ්‍යයි. වලංගු දිනයක් ඇතුළත් කරන්න.,பதிவுசெய்துகொள்ள தேவையானது. ஒரு செல்லுபடியான தேதியை உள்ளிடவும்.
validations.dobEarlierThanDom,The error message appears when the given birth date is later than the given marriage date,Must be earlier than marriage date,විවේචන දිනයට පෙර විවේචන විය යුතු අතර එය විවේචන දිනයට පසු විය යුතුවේ.,திருமண தேதி முந்தையது இருக்க வேண்டும்.
validations.domLaterThanDob,The error message appears when the given marriage date is earlier than the given birth date,Must be later than birth date,උපන් දිනයට පසු විය යුතුය,பிறந்த தேதியின் பிற்கும் பிறந்த தேதி பிறக்காமல் இருக்க வேண்டும்.
validations.duplicateNationalID,Unique Nid validation,National ID must be unique,ජාතික හැඳුනුම් අංකය විශේෂ විය යුතුය.,தேசிய ஐடி அநீதி இருக்க வேண்டும்.
validations.emailAddressFormat,The error message appears when the email addresses are not valid,Must be a valid email address,වලංගු ඊමෙල් ලිපිනය විශ්වාස විය යුතුය,ஒரு செயலியாளர் மின்னஞ்சல் முகவரி செல்ல வேண்டும்
validations.englishOnlyNameFormat,"The error message that appears when a non English character except numbers, hyphens and underscores is used in an English name","Input contains invalid characters. Please use only letters (a-z, A-Z), numbers (0-9), hyphens (-), apostrophes(') and underscores (_)","ආත්ම අගයන් වශයෙන් ඇතිකරන්න. කරුණාකර අක්ෂර (a-z, A-Z), අංකයන් (0-9), හයිෆන් (-), ඇප්පෝස්ට්‍රෝස්(') සහ යුන්ඩර්ස්කෝර්ස් (_) පරිවර්තනය කරන්න.","உள்ளீடு தவறான எழுத்துக்களைக் கொண்டுள்ளது. தயவுசெய்து உயர்ந்தக்கருவிகள் (a-z, A-Z), எண்கள் (0-9), கீழ்க்குறி (-), ஏற்பாடுகள்(') மற்றும் கீழ்க்குறி (_) மட்டுமே பயன்படுத்தவும்."
validations.facilityMustBeSelected,The error message appears when no valid facility is selected,No facility selected,කිසිවක් තෝරා නොමැත,எந்த அமைப்பும் தேர்ந்தெடுக்கப்படவில்லை.
validations.greaterThanZero,The error message appears when input is less than or equal to 0,Must be a greater than zero,වැරදි වේගය අත්හදා බැලීමේ අනුමැතිය වේගය සිටින්නේ අවශ්‍යයි,பூஜ்யமாக நுழைய வேண்டும்
validations.illegalMarriageAge,The error message appears when the birth date is not old enough to register for marriage,Illegal age of marriage,ව්‍යාපෘතියේ අනුපාත වයස,தவறான திருமண வயது
validations.invalidDate,The error message that appears when a date field is invalid,Invalid date field,අවලංගු දින ක්ෂේත්රය,தவறான தேதி புலம்
validations.isAgeInYearsBetween,The error message that appears when age for the given date is outside the legal age range,Age must be between {min} and {max} years,වයස {min} සහ {max} වසර අතර විස්තර විය යුතුය,வயது {min} முதல் {max} வரை இருக்க வேண்டும்.
validations.isDateNotAfterDeath,The error message appears when the given date of death is not valid,Date of birth must be before date of death,උපන් දිනය මධ්‍යයෙන් පසු විය යුතුය,பிறந்த தேதி மரண தேதி முன்னே இருக்க வேண்டும்.
validations.isDateNotBeforeBirth,The error message appears when the given date of death is not valid,Date of death must be after deceased date of birth,"මරණ දිනය, මියගිය පුද්ගලයාගේ උපන් දිනයට පසු විය යුතුය","மரண தேதி, இறந்தவரின் பிறந்த தேதிக்குப் பிறகு இருக்க வேண்டும்"
validations.isInformantOfLegalAge,The error message appears when the informant is not old enough to register an event,Informant is not of legal age,නික්මෙන්න්ට් නීතියෙන් නොවන්නේ නැත.,அறிக்கையாளர் சட்டப்பெறும் வயது அல்ல
validations.isMoVisitAfterDeath,The error message appears when the given date of visit of medical practitioner is after the death date,Medical Practitioner visit date must not be after the date of death,රෝගීන් වෛරසය පිළිබඳ දින මරණ දිනට පසු වෙනස් වී නොහැකි යැයි සලකා ගැනීමේ දිනය නිවැරදි විය යුතුය.,மருத்துவ மனிதர் பரிசோதனை தேதி மரண தேதி பின்னர் இருக்க கூடாது.
validations.isMoVisitBeforeBirth,The error message appears when the given date of visit of medical practitioner is before the birth date of deceased,Medical Practitioner visit date must not be before the birth of deceased,රෝහල් වෛරස් පිළිබඳ වසරක් පෙර රෝහල් වෛරස් පිළිබඳ පිළිවෙතින් සිටින දිනක් නොවේද නැති යැයි පෙනෙනවා.,மருத்துவ மனிதர் ஆவணம் தேதி இறந்தவரின் பிறப்புக்கு முன்பு இருக்க கூடாது.
validations.isValidBirthDate,The error message appears when the given birth date is not valid,Must be a valid birth date,වලංගු උපන් දිනය විසින් විය යුතුය,ஒரு செல்லுபடியாக பிறந்த தேதி இருக்க வேண்டும்.
validations.isValidDateOfDeath,The error message appears when the given date of death is not valid,Must be a valid date of death,මම මරු විටිනවා යන්නේ වලංගු මදිනංගු දිනය විය යුතුය,மரணத் தேதி செல்ல வேண்டும்
validations.landLineFormat,The error message that appears on land line numbers,Must be a valid 10 digit number that starts with 0,0 දෙකයේ ආකෘතිය සහිත 10 සෂ්ටයේ වර්ෂය විය යුතුය.,0 உடைய 10 இலக்க எண் செல்ல வேண்டும்.
validations.maxLength,The error message that appears on fields with a maximum length,Must not be more than {max} characters,{max} ට වක්‍ර වැරදි විස්තර විය නොහැකිය,{max} க்கு மேற்பட்ட எழுத்துக்கள் இருக்க கூடாது
validations.minLength,The error message that appears on fields with a minimum length,Must be {min} characters or more,{min} අක්ෂර හෝ ඊතලයේ වචනවලට වත් විශාල යෙදුමක් විය යුතුය,{min} என்பது அல்லது அதற்கு மேல் என்று இருக்க வேண்டும்
validations.nonDecimalPointNumber,The error message that appeards when any decimal point number is used,Can not have any decimal point number,අන්තය ඇතුළු අංශ අංකයක් නොහැකියි,ஏதேனும் தசம புள்ளி எண்ணை கொண்டு இருக்க முடியாது
validations.notGreaterThan,The error message that appears on numeric fields that exceed a limit,Must not be more than {maxValue},{maxValue} ට වඩා වැඩි වී නොහැකිය.,{maxValue} க்கு மேல் இருக்க கூடாது
validations.numberRequired,The error message that appears on fields where the value must be a number,Must be a number,අංකය විය යුතු විය.,ஒரு எண் இருக்க வேண்டும்.
validations.officeMustBeSelected,The error message appears when no valid office is selected,No office selected,කාර්යාලය තෝරා නැත,ஒரு அலுவல் தேர்ந்தெடுக்கப்படவில்லை.
validations.phoneNumberFormat,The error message that appears on phone numbers,Must be a valid 10 digit number that starts with 0(7|9),0(7|9) දෙකයේ ආකෘතිය සහිත 10 සෂ්ටයේ වර්ෂය විය යුතුය.,0(7|9) உடைய 10 இலக்க எண் செல்ல வேண்டும்.
validations.range,The error message that appears when an out of range value is used,Must be within {min} and {max},{min} සහ {max} තනි තුරු විය යුතුය.,{min} மற்றும் {max} உள்ளிடப்பட வேண்டும்
validations.required,The error message that appears on required fields,Required for registration,ලියාපදිංචි සඳහා අවශ්‍යයි,பதிவு செய்ய தேவையானது
validations.requiredBasic,The error message that appears on required fields,Required,අවශ්‍යයි,தேவையானது
validations.requiredSymbol,A blank error message. Used for highlighting a required field without showing an error,,,
validations.userform.required,The error message that appears on required fields on new user form,Required to register a new user,නව පරිශීලකයාගේ ලියාපදිංචි කිරීම අවශ්‍යයි,ஒரு புதிய பயனரை பதிவு செய்ய வேண்டும்
validations.validBirthRegistrationNumber,The error message that appears when an invalid value is used as brn,The Birth Registration Number can only be numeric and must be {validLength} characters long,උපන් ලියාපදිංචි අංකය සිංහලෙන් පරිවර්තනය කරන්නේ {validLength} අ඙්කය් දී සංඛ්‍යාවෙන් පිළිබඳව විශ්වාසවන්ත වේ.,பிறப்பு பதிவு எண் மட்டும் எண்ணிக்கையாக இருக்க வேண்டும் மற்றும் {validLength} எண்கள் நீளமாக இருக்க வேண்டும்.
validations.validDeathRegistrationNumber,The error message that appears when an invalid value is used as drn,The Death Registration Number can only be alpha numeric and must be {validLength} characters long,මරණ ලියාපදිංචි අංකය අක්ෂර සංඛ්‍යාත්මක විය යුතු අතර අක්‍ෂර {validLength}ක් දිග විය යුතුය,இறப்புப் பதிவு எண் எழுத்து மற்றும் எண் சேர்த்ததாக மட்டுமே இருக்க வேண்டும் மற்றும் {validLength} எழுத்துகளாக இருக்க வேண்டும்
validations.validDrivingLicenseNumber,The error message that appeards when an invalid value is used as driving license number,The Driving License Number can only be alpha numeric and must be {validLength} characters long,රියදුරු බලපත්‍ර අංකය පරිදි සංඛ්‍යාත්මක හා වලංගු දැක්ම විස්තර {validLength} අක්ෂර දිගටම දින යුතුය,ஓட்டு அனுமதி எண் அல்லாத அல்பா என்றும் எண்ணிக்கையுடன் இருக்க வேண்டும் மற்றும் {validLength} எழுத்துக்கள் நீளமாக இருக்க வேண்டும்.
validations.validNationalIDLengths,Nid valid lengths,9,9,9
validations.validNationalId,The error message that appears when an invalid value is used as nid,The National ID can only be numeric and must be 10 digits long,ජාතික හැඳුනුම් අංකය සංඛ්‍යාත්මයෙන් පමණි විය යුතු හා 10 අංකවල් දිගටම දිනවල් විය යුතු ය.,தேசிய ஐடி எண்ணிக்கையாக மட்டுமே இருக்க வேண்டும் மற்றும் 10 இலக்கங்களாக இருக்க வேண்டும்.
validations.validPassportNumber,The error message that appears when an invalid value is used as passport number,The Passport Number can only be alpha numeric and must be {validLength} characters long,කාමර අංකය පරික්ෂා හා වලංගු දිනය විසින් {validLength} අක්ෂර හෝ අක්ෂර සංඛ්‍යාවේ දිනය විසින් ය.,பாஸ்போர்ட் எண் அல்பாநியூமெரிக் மட்டுமே இருக்க வேண்டும் மற்றும் {validLength} எண்கள் நீளமாக இருக்க வேண்டும்.
verifyCertificate.brn,Label for Birth Registration Number,BRN,BRN,பி.ஆர்.என்.
verifyCertificate.certifiedAt,Label for date of certification,Date of certification,සහත් දිනය,சான்றிதழ் தேதி
verifyCertificate.dateOfBirth,Label for date of birth,Date of birth,උපන් දිනය,பிறந்த தேதி
verifyCertificate.dateOfDeath,Label for date of death,Date of death,මධ්‍යම දිනය,மரண தேதி
verifyCertificate.drn,Label for Death Registration Number,DRN,DRN,"மன்னிக்கவும், நான் அதை பரிந்துரைக்க முடியவில்லை."
verifyCertificate.errorMessage,message for error alert,The certificate is a potential forgery please...,සහත්කය ව්‍යාත්මක ප්‍රතික්ෂේපයක් වේදිකාවක් වේ...,சான்றிதழ் ஒரு விளம்பரமாக இருக்கலாம் என்று எச்சரிக்கை சொல்லப்படுகிறது...
verifyCertificate.errorTitle,title for error alert,Invalid QR code,අවලංගු QR කෝඩයක්,தவறான QR குறியீடு
verifyCertificate.fullname,title for success alert for url validation,Full name,මෙම අන්තර්ගත නාමයට පිළිබඳව අපට දැක්කා ඇත.,முழு பெயர்
verifyCertificate.loading,message when verification is checking,Verifying certificate,සහත්කරණය කිරීම,சான்றிதழை சரிபார்க்கிறேன்
verifyCertificate.placeOfBirth,Label for place of birth,Place of birth,උපන් ගවේෂණය,பிறந்த இடம்
verifyCertificate.placeOfDeath,Label for place of death,Place of death,මරණ ස්ථානය,மரண இடம்
verifyCertificate.registar,Label for name of registar center,Name of registar,ලියාපදිංචිවේදීන්වහාරය,பதிவுசெய்தவரின் பெயர்
verifyCertificate.registrationCenter,Label for registration center,Registration Center,ලියාපදිංචි කළ කේන්දරය,பதிவு மையம்
verifyCertificate.sex,Label for sex,Sex,ස්ත්‍රී පුරුෂ භාවය,பாலினம்
verifyCertificate.sexFemale,Option for form field: Sex name,Female,ගැහැනු ස්තුතියි,பெண்
verifyCertificate.sexMale,Option for form field: Sex name,Male,පුරුෂයා,ஆண்
verifyCertificate.successMessage,message for success alert,Compare the partial details of the record below against those recorded on the certificate,පහත වාර්තාවේ ප්‍රාථමික විස්තර සහ එක් ප්‍රාථමික විස්තර සියලුම් සම්බන්ධයට පිළිබඳව සංස්කරණය කරන්න.,கீழே உள்ள பதிவின் பகுதியை சான்றியமாக பதிவு செய்யப்பட்ட விபரங்களுடன் ஒப்பிடுங்கள்
verifyCertificate.successTitle,title for success alert,Valid QR code,වලින් QR කෝඩ්,செல்லுபடியாகும் QR குறியீடு
verifyCertificate.successUrl,title for success alert for url validation,URL Verification,URL සත්‍යාවක්,URL சரிபார்ப்பு
verifyCertificate.timeOut,message when time out after few minute,You been timed out,ඔබට කාලය අවසන් වියයි,நீங்கள் ஒழியப்பட்டுள்ளீர்
verifyCertificate.toastMessage,Message for the toast when time spend 1 minute,"After verifying the certificate, please close the browser window",සහත්කරන ලද සහතිකය පසුව බ්‍රව්සර් කවුළුව වසර කරන්න.,"சான்றிதழை சரிபார்க்க பின்னர், உலாவியை மூடவும்."
views.idReader.label.eSignet,E-signet button label,Authenticate with e-Signet,e-Signet සමඟ සත්‍යාපනය වන්න,மூலம் உறுதிப்படுத்தவும்
views.idReader.label.manualInput,Label that shows below the divider on the id reader component,Complete fields below,පහත ක්ෂේත්‍ර පුරවන්න,கீழே உள்ள புலங்களை பூர்த்தி செய்யவும்
views.idReader.label.or,Label that shows on the divider,Or,නැතහොත්,அல்லது
views.idVerification.banner.actions.reset,,Reset,නැවත සකසන්න,மீள்வெட்டு
views.idVerification.banner.actions.revoke,,Revoke,නවතම අවලංගු කරන්න,ரத்து செய்
views.idVerification.banner.authenticated.description,,"This identity has been successfully authenticated with the Sri Lanka National ID System. To make edits, please remove the authentication first.","මෙම හැඳුනුම්පත ශ්‍රී ලංකා ජාතික හැඳුනුම්පත් පද්ධතිය සමඟ සාර්ථකව සත්‍යාපනය කර ඇත. සංස්කරණයන් සිදු කිරීමට, කරුණාකර මුලින් සත්‍යාපනය ඉවත් කරන්න.","இந்த அடையாளம் இலங்கை தேசிய அடையாள அட்டைப் பதிவுசெய்யும் முறைமையுடன் வெற்றிகரமாக உறுதிப்படுத்தப்பட்டுள்ளது. திருத்தங்களைச் செய்ய, தயவுசெய்து முதலில் உறுதிப்படுத்தலை அகற்றவும்."
views.idVerification.banner.authenticated.resetConfirmation.description,,"By clicking ‘Continue,’ you’ll remove ID Authenticated status and unlock the fields for editing.",‘ඉදිරිපත්’ කිරීමෙන් ඔබට ID සබැඳි තත්ත්වය ඉවත් කරනු ලැබේ හා සංස්කරණ ස්වයංක්‍රීය ක්ෂේත්‍ර විවෘත කරයි.,"‘தொடருவதன் மூலம், நீங்கள் ID உறுதிசெய்யப்பட்ட நிலையை நீக்கி, தொகுப்புகளை திருத்த விரும்புகிறீர்கள்.’"
views.idVerification.banner.authenticated.resetConfirmation.title,,Revoke authenticated ID?,ටානියාල් අත්සන් කිරීම?,அங்கீகரிக்கப்பட்ட ஐடி ரத்து செய்யவா?
views.idVerification.banner.authenticated.title,,ID Authenticated,අනුමත විස්තරය අනුමත කර ඇත,ஐடி சரிபார்க்கப்பட்டது
views.idVerification.banner.failed.description,,The identity card scanned has not be successfully authenticated,අනතුරු අත්සන් කළ පාඩම් අනුමත සත්‍යාපනය කර නොමැත,அடையாள அட்டை ஸ்கேன் செய்யப்பட்டது வெற்றிகரமாக அங்கீகரிக்கப்படவில்லை.
views.idVerification.banner.failed.resetConfirmation.description,,"By clicking ‘Continue,’ you’ll clear all information to it’s default state.","‘ඉදිරිපත් කිරීම’ ක්‍රිකට් කිරීමෙන්, සියලු විස්තරය පෙරනිමි තත්ත්වයට සමානන්නා යැයි විය හැකිය.","‘தொடருவதன் மூலம், அனைத்து தகவல்களையும் இயல்புப் பாத்தியில் அழித்துவிடுவீர்.’"
views.idVerification.banner.failed.resetConfirmation.title,,Reset information?,තහවුරු තොරතුරු?,தகவலை மீளமைக்க?
views.idVerification.banner.failed.title,,ID Verification Failed,අනුමත පිවිසුම අසාර්ථකයි,ஐடி சரிபார்ப்பு தோல்வி ஏற்பட்டது
views.idVerification.banner.failedFetchIdDetails.description,Explains the failure to fetch individual details possibly due to network issues or incorrect ID information.,We were unable to retrieve the individuals details for the National ID System. Please try again.,අපි ජාතික හැඳුනුම් අංකය පද්ධති දත්ත ලබා ගැනීමට නොහැක. නැවත උත්සහා කරන්න.,தேசிய ஐடி அமைப்புக்கான தனிப்பட்ட விவரங்களை எங்கள் பயன்படுத்த முடியவில்லை. மீண்டும் முயற்சி செய்க.
views.idVerification.banner.failedFetchIdDetails.title,Displayed when fetching individual details from the National ID System fails.,Failed to retrieve individuals details,පුද්ගලික විස්තර ලබා ගැනීම අසාර්ථක විය.,தகுதியாளர்களின் விவரங்களைப் பெற முடியவில்லை
views.idVerification.banner.verified.description,,"This identity data has been successfully verified with the Sri Lanka National ID System. Please note that their identity has not been authenticated using the individual's biometrics. To make edits, please remove the verification first.","මෙම හැඳුනුම් දත්ත ශ්‍රී ලංකා ජාතික හැඳුනුම්පත් පද්ධතිය සමඟ සාර්ථකව සත්‍යපත් කර ඇත. ඔවුන්ගේ හැඳුනුම ජෛව චිහ්න භාවිතයෙන් සත්‍යාපනය කර නොමැති බව කරුණාවෙන් සලකන්න. සංස්කරණයන් සිදු කිරීමට, කරුණාකර මුලින් සත්‍යපත් කිරීම ඉවත් කරන්න.","இந்த அடையாளத் தரவு இலங்கை தேசிய அடையாள அட்டைப் பதிவுசெய்யும் முறைமையுடன் வெற்றிகரமாக சரிபார்க்கப்பட்டுள்ளது. தனிநபரின் உயிர் விபரங்களைப் பயன்படுத்தி அவர்களின் அடையாளம் உறுதிப்படுத்தப்படவில்லை என்பதை கவனிக்கவும். திருத்தங்களைச் செய்ய, தயவுசெய்து முதலில் சரிபார்ப்பை அகற்றவும்."
views.idVerification.banner.verified.resetConfirmation.description,,"By clicking ‘Continue,’ you’ll remove ID Verified status and unlock the fields for editing.","‘ඉදිරිපත් කිරීම’ ක්‍රික් කිරීමෙන් ඔබට ID සත්‍යාපනය ඉවත් කරනු ඇත්තේ නිසා, සංස්කරණ ක්ෂේත්‍ර සහිත ක්ෂේත්‍ර ස්ථිර විවෘත කිරීමට ඉඩ දෙනු ඇත.","‘தொடருவதன் மூலம், நீங்கள் ID சரிபார்க்கப்பட்ட நிலையை நீக்கி, தொகுப்புகளை திருத்த வேண்டும்.’"
views.idVerification.banner.verified.resetConfirmation.title,,Revoke valid ID?,වලංගු හැඳුනුම් අංකය ඉවත් කරනවාද?,செல்லுபடியாகும் ஐடி ரத்து செய்யவா?
views.idVerification.banner.verified.title,,ID Verified,අනාගත වීමේ හැකියාව තහවුරු කරන ලදි,ஐடி சரிபார்க்கப்பட்டது
views.qrReader.button,Button to scan QR code,Scan QR code,QR ආකෘතිය ස්ථාපනය කරන්න.,குவிஆர் குறியீடை ஸ்கேன் செய்க
views.qrReader.scannerDialogSupportingCopy,Supporting copy for the scanner dialog,Place the Notifier's ID card in front of the camera.,නොටිෆයර්වාගේ ID කාඩය කැමරාවෙන් පෙන්වන්න.,அறிவிப்பளியாளரின் ஐடி அட்டையை கேமராவின் முன்பு வைக்கவும்.
views.qrReader.tutorial.cameraCleanliness,Camera cleanliness tutorial,Ensure your camera is clean and functional.,ඔබගේ කැමරා සුළු හා ක්‍රියාවට පහු වී ඇත්නම් සැකයුම් දැක්කන්න.,உங்கள் கேமரா சுத்தமாக உள்ளது மற்றும் செயல்படுத்தக்கூடியது என்று உறுதிப்படுத்தவும்.
views.qrReader.tutorial.distance,Distance tutorial,Hold the device steadily 6-12 inches away from the QR code.,QR කෝඩයෙන් 6-12 කින් දිවුරු දුරින් උඩුගත කරන්න.,QR குறியீடுக்கு இருந்து 6-12 அங்குலங்கள் தொடர்ந்து சாத்தியமாக சாத்தியமாக உள்ள சாத்தியமாக உள்ள சாத்தியாக உள்ளது.
views.qrReader.tutorial.lightBalance,Light balance tutorial,Ensure the QR code is well-lit and not damaged or blurry.,QR කෝඩය හොඳහාර විශාල සහ වෙනස් විය යුතුය.,உறையாக இருக்கும் QR குறியீட்டை நன்றாக ஒளியுடன் உள்ளிடவும் மற்றும் சேதமாகவோ முடக்கப்பட்டதாகவோ இருக்கக்கூடாது.
wq.noRecords.draft,No records messages for empty draft tab,No records in my drafts,මම අපේක්ෂා ලියාපදිංචි නොවේ,எனது வரைவுகளில் பதிவுகள் இல்லை.
wq.noRecords.externalValidation,No records messages for empty external validation tab,No records in external validation,බාහිර සංාර්ථ නොමැත,வெளியேற்று சரியான பதிவுகள் இல்லை
wq.noRecords.fieldAgents,No records messages for empty field agents tab,No records from field agents,කාර්ය නිලධාරි වෙතින් කිසිවක් ලියාපදිංචි නොවිය.,புலம் பணியாளர்களிடமிருந்து பதிவுகள் இல்லை
wq.noRecords.healthSystem,No records messages for empty health system tab,No records from health system,රෝග පද්ධතියේ කිසිවක් නොමැත,உடனடியாக உள்ள பதிவுகள் இல்லை
wq.noRecords.readyForReview,No records messages for ready for review tab,No records ready for review,ප්‍රලේඛනය සඳහා අත්හිටුවාද සදහා නිවැරදි වාර්තා නොමැත,பரிசோதனைக்கு பதில்கள் கொண்டிருக்கவில்லை
wq.noRecords.readyToIssue,No records messages for ready to issue tab,No records ready to issue,නිවාඩු නොපූර්ව කිරීමට නොහැක,வெற்றிகரமாக மேம்படுத்தப்பட்ட பதிவுகள் இல்லை
wq.noRecords.readyToPrint,No records messages for ready to print tab,No records ready to print,මුල් දත්ත මුද්‍රණය කිරීම සදහා නිවැරදි වාර්තා නොපූරන නොවේ,அசல் அச்சடியாக அச்சிட வேண்டும்
wq.noRecords.requiresUpdate,No records messages for require updates tab,No records require updates,අයිතිය වෙනස් අවශ්‍ය නොවේ,பதிவுகளில் புதுப்பிப்புகள் தேவையில்லை.
wq.noRecords.sentForApproval,No records messages for sent for approval tab,No records sent for approval,අන්තර්ගත කිරීම සමාන කරන ලදියි,அனுமதிக்கு அனுப்பப்பட்ட பதிவுகள் இல்லை
wq.noRecords.sentForReview,No records messages for sent for review tab,No records sent for review,ප්‍රථිපල සඳහා කාලසීමාවක් යොමු කර නොමැත,பரிசோதனைக்கு பதிவுகள் அனுப்பப்படவில்லை
