adminPcode,name,male_population_2023,female_population_2023,population_2023,crude_birth_rate_2023
LK1,Western,3080000,3080000,6160000,15
LK11,Colombo,1026668,1026668,2053336,15
LK1103,Colombo,78975,78974,157949,15
LK1103005,Sammanthranapura,2257,2256,4513,15
LK1103010,Mattakkuliya,2256,2256,4512,15
LK1103015,Modara,2256,2256,4512,15
LK1103020,Madampitiya,2256,2256,4512,15
LK1103025,Mahawatta,2256,2256,4512,15
LK1103030,Aluthmawatha,2256,2256,4512,15
LK1103035,Lunupokuna,2256,2256,4512,15
LK1103040,Bloemendhal,2256,2256,4512,15
LK1103045,Kotahena East,2256,2256,4512,15
LK1103050,Kotahena West,2256,2256,4512,15
LK1103055,Kochchikade North,2256,2256,4512,15
LK1103060,Jinthupitiya,2256,2256,4512,15
LK1103065,Masangasweediya,2256,2256,4512,15
LK1103070,New Bazaar,2256,2256,4512,15
LK1103075,Grandpass South,2256,2256,4512,15
LK1103080,Grandpass North,2256,2256,4512,15
LK1103085,Nawagampura,2256,2256,4512,15
LK1103090,Maligawatta East,2256,2256,4512,15
LK1103095,Khettarama,2256,2256,4512,15
LK1103100,Aluthkade East,2256,2256,4512,15
LK1103105,Aluthkade West,2256,2256,4512,15
LK1103110,Kochchikade South,2256,2256,4512,15
LK1103115,Pettah,2256,2256,4512,15
LK1103120,Fort,2256,2256,4512,15
LK1103125,Galle Face,2256,2256,4512,15
LK1103130,Slave Island,2256,2256,4512,15
LK1103135,Hunupitiya,2256,2256,4512,15
LK1103140,Suduwella,2256,2256,4512,15
LK1103145,Keselwatta,2256,2256,4512,15
LK1103150,Panchikawatta,2256,2256,4512,15
LK1103155,Maligawatta West,2256,2256,4512,15
LK1103160,Maligakanda,2256,2256,4512,15
LK1103165,Maradana,2256,2256,4512,15
LK1103170,Ibbanwala,2256,2256,4512,15
LK1103175,Wekanda,2256,2256,4512,15
LK1106,Kolonnawa,78974,78974,157948,15
LK1106005,Wadulla,1717,1717,3434,15
LK1106010,Sedawatta,1717,1716,3433,15
LK1106015,Halmulla,1717,1716,3433,15
LK1106020,Kotuvila,1717,1716,3433,15
LK1106025,Veheragoda,1717,1716,3433,15
LK1106030,Orugodawatta,1717,1716,3433,15
LK1106035,Meethotamulla,1717,1716,3433,15
LK1106040,Welewatta,1717,1716,3433,15
LK1106045,Kittampahuwa,1717,1716,3433,15
LK1106050,Wennawatta,1717,1716,3433,15
LK1106055,Maha Buthgamuwa B,1717,1716,3433,15
LK1106060,Kuda Buthgamuwa,1717,1716,3433,15
LK1106065,Kelanimulla,1717,1716,3433,15
LK1106070,Ambathale,1717,1716,3433,15
LK1106075,Mulleriyawa North,1717,1716,3433,15
LK1106080,Belagama,1717,1716,3433,15
LK1106085,Kotikawatta East,1717,1716,3433,15
LK1106090,Maha Buthgamuwa A,1717,1716,3433,15
LK1106095,Maha Buthgamuwa C,1717,1716,3433,15
LK1106100,Wellampitiya,1717,1716,3433,15
LK1106105,Kuruniyawatta,1717,1716,3433,15
LK1106110,Kolonnawa,1717,1716,3433,15
LK1106115,Dahampura,1717,1716,3433,15
LK1106120,Singhapura,1717,1716,3433,15
LK1106125,Megoda Kolonnawa,1717,1716,3433,15
LK1106130,Bopetta,1717,1716,3433,15
LK1106135,Batalandahena,1717,1716,3433,15
LK1106140,Kotikawatta West,1717,1716,3433,15
LK1106145,Mulleriyawa South,1717,1716,3433,15
LK1106150,Malgama,1717,1716,3433,15
LK1106155,Udumulla North,1717,1716,3433,15
LK1106160,Maligagodella,1717,1716,3433,15
LK1106165,Rajasinghagama,1717,1716,3433,15
LK1106170,Udumulla South,1717,1716,3433,15
LK1106175,Himbutana East,1717,1716,3433,15
LK1106180,Himbutana West,1717,1716,3433,15
LK1106185,Malpura,1717,1716,3433,15
LK1106190,Gothatuwa New Town,1717,1716,3433,15
LK1106195,Kajugahawatta,1717,1716,3433,15
LK1106200,Gothatuwa,1717,1716,3433,15
LK1106205,Salamulla,1717,1716,3433,15
LK1106210,Wijayapura,1717,1716,3433,15
LK1106215,Gajabapura,1717,1716,3433,15
LK1106220,Madinnagoda,1717,1716,3433,15
LK1106225,Elhena,1717,1716,3433,15
LK1106230,Dodamgahahena,1717,1716,3433,15
LK1109,Kaduwela,78974,78974,157948,15
LK1109005,Welivita,1386,1386,2772,15
LK1109010,Raggahawatta,1386,1385,2771,15
LK1109015,Hewagama,1386,1385,2771,15
LK1109020,Kaduwela,1386,1385,2771,15
LK1109025,Pahala Bomiriya A,1386,1385,2771,15
LK1109030,Ihala Bomiriya,1386,1385,2771,15
LK1109035,Wekewatta,1386,1385,2771,15
LK1109040,Nawagamuwa,1386,1385,2771,15
LK1109045,Pahala Bomiriya B,1386,1385,2771,15
LK1109050,Welihinda,1386,1385,2771,15
LK1109055,Kothalawala,1386,1385,2771,15
LK1109060,Mahadeniya,1386,1385,2771,15
LK1109065,Thalahena North,1386,1385,2771,15
LK1109070,Malabe North,1386,1385,2771,15
LK1109075,Thunadahena,1386,1385,2771,15
LK1109080,Korathota,1386,1385,2771,15
LK1109085,Nawagamuwa South,1386,1385,2771,15
LK1109090,Batewela,1386,1385,2771,15
LK1109095,Ranala,1386,1385,2771,15
LK1109100,Dedigamuwa,1386,1385,2771,15
LK1109105,Embilladeniya,1386,1385,2771,15
LK1109110,Welipillewa,1386,1385,2771,15
LK1109115,Shanthalokagama,1386,1385,2771,15
LK1109120,Pore,1386,1385,2771,15
LK1109125,Malabe East,1386,1385,2771,15
LK1109130,Malabe West,1386,1385,2771,15
LK1109135,Thalangama North B,1386,1385,2771,15
LK1109140,Thalahena South,1386,1385,2771,15
LK1109145,Muttettugoda,1386,1385,2771,15
LK1109150,Thalangama North A,1386,1385,2771,15
LK1109155,Walpola,1386,1385,2771,15
LK1109160,Kalapaluwawa,1386,1385,2771,15
LK1109165,Kotuwegoda,1386,1385,2771,15
LK1109170,Subhoothipura,1386,1385,2771,15
LK1109175,Udumulla,1386,1385,2771,15
LK1109180,Battaramulla North,1386,1385,2771,15
LK1109185,Batapotha,1386,1385,2771,15
LK1109190,Pothuarawa,1386,1385,2771,15
LK1109195,Hokandara North,1386,1385,2771,15
LK1109200,Oruwala,1386,1385,2771,15
LK1109205,Athurugiriya,1386,1385,2771,15
LK1109210,Thaldiyawala,1386,1385,2771,15
LK1109215,Boralugoda,1386,1385,2771,15
LK1109220,Hokandara East,1386,1385,2771,15
LK1109225,Arangala,1386,1385,2771,15
LK1109230,Evarihena,1386,1385,2771,15
LK1109235,Kumaragewatta,1386,1385,2771,15
LK1109240,Jayawadanagama,1386,1385,2771,15
LK1109245,Aruppitiya,1386,1385,2771,15
LK1109250,Asiri Uyana,1386,1385,2771,15
LK1109255,Battaramulla South,1386,1385,2771,15
LK1109260,Rajamalwatta,1386,1385,2771,15
LK1109265,Pahalawela,1386,1385,2771,15
LK1109270,Wickramasinghapura,1386,1385,2771,15
LK1109275,Wellangiriya,1386,1385,2771,15
LK1109280,Hokandara South,1386,1385,2771,15
LK1109285,Athurugiriya South,1386,1385,2771,15
LK1112,Homagama,78974,78974,157948,15
LK1112005,Jalthara,975,975,1950,15
LK1112010,Henpita,975,974,1949,15
LK1112015,Atigala West,975,974,1949,15
LK1112020,Atigala East,975,974,1949,15
LK1112025,Batawala,975,974,1949,15
LK1112030,Walpita,975,974,1949,15
LK1112035,Nawalamulla,975,974,1949,15
LK1112040,Meegasmulla,975,974,1949,15
LK1112045,Habarakada North,975,974,1949,15
LK1112050,Mullegama North,975,974,1949,15
LK1112055,Mullegama South,975,974,1949,15
LK1112060,Habarakada South,975,974,1949,15
LK1112065,Panagoda Town,975,974,1949,15
LK1112070,Henawatta,975,974,1949,15
LK1112075,Meegoda North,975,974,1949,15
LK1112080,Panaluwa,975,974,1949,15
LK1112085,Watareka North,975,974,1949,15
LK1112090,Meegoda South,975,974,1949,15
LK1112095,Godagama North,975,974,1949,15
LK1112100,Panagoda West,975,974,1949,15
LK1112105,Panagoda East,975,974,1949,15
LK1112110,Habarakada Watta,975,974,1949,15
LK1112115,Homagama North,975,974,1949,15
LK1112120,Homagama West,975,974,1949,15
LK1112125,Homagama South,975,974,1949,15
LK1112130,Galavilawatta North,975,974,1949,15
LK1112135,Homagama Town,975,974,1949,15
LK1112140,Homagama East,975,974,1949,15
LK1112145,Pitipana Town,975,974,1949,15
LK1112150,Godagama South,975,974,1949,15
LK1112155,Kurunduwatta,975,974,1949,15
LK1112160,Gehenuwala,975,974,1949,15
LK1112165,Watareka South,975,974,1949,15
LK1112170,Ovitigama,975,974,1949,15
LK1112175,Kandanawatta,975,974,1949,15
LK1112180,Kiriberiyakele,975,974,1949,15
LK1112185,Mawathgama,975,974,1949,15
LK1112190,Katuwana,975,974,1949,15
LK1112195,Galavilawatta South,975,974,1949,15
LK1112200,Niyandagala,975,974,1949,15
LK1112205,Hiripitiya,975,974,1949,15
LK1112210,Mambulgoda,975,974,1949,15
LK1112215,Kithulhena,975,974,1949,15
LK1112220,Siddamulla North,975,974,1949,15
LK1112225,Siddamulla South,975,974,1949,15
LK1112230,Mattegoda West,975,974,1949,15
LK1112235,Mattegoda Central 'A',975,974,1949,15
LK1112240,Mattegoda East,975,974,1949,15
LK1112245,Brahmanagama,975,974,1949,15
LK1112250,Deepangoda,975,974,1949,15
LK1112255,Magammana West,975,974,1949,15
LK1112260,Magammana East,975,974,1949,15
LK1112265,Uduwana,975,974,1949,15
LK1112270,Prasannapura,975,974,1949,15
LK1112275,Pitipana North,975,974,1949,15
LK1112280,Suwapubudugama,975,974,1949,15
LK1112285,Pitipana South,975,974,1949,15
LK1112290,Dolahena,975,974,1949,15
LK1112295,Diyagama East,975,974,1949,15
LK1112300,Diyagama West,975,974,1949,15
LK1112305,Kirigampamunuwa,975,974,1949,15
LK1112310,Mattegoda Central 'B',975,974,1949,15
LK1112315,Siyambalagoda North,975,974,1949,15
LK1112320,Kudamaduwa,975,974,1949,15
LK1112325,Sangharama,975,974,1949,15
LK1112330,Siyambalagoda South,975,974,1949,15
LK1112335,Rilawala,975,974,1949,15
LK1112340,Kahathuduwa West,975,974,1949,15
LK1112345,Kiriwattuduwa South,975,974,1949,15
LK1112350,Kiriwattuduwa North,975,974,1949,15
LK1112355,Moonamale - Yakahaluwa,975,974,1949,15
LK1112360,Kithulavila,975,974,1949,15
LK1112365,Kahathuduwa North,975,974,1949,15
LK1112370,Kahathuduwa East,975,974,1949,15
LK1112375,Kahathuduwa South,975,974,1949,15
LK1112380,Undurugoda,975,974,1949,15
LK1112385,Wethara,975,974,1949,15
LK1112390,Ambalangoda,975,974,1949,15
LK1112395,Heraliyawala,975,974,1949,15
LK1112400,Palagama,975,974,1949,15
LK1112405,Weniwelkola,975,974,1949,15
LK1115,Seethawaka,78974,78974,157948,15
LK1115005,Bollathawa,1162,1161,2323,15
LK1115010,Kanampella West,1161,1161,2322,15
LK1115015,Kanampella East,1161,1161,2322,15
LK1115020,Manakada,1161,1161,2322,15
LK1115025,Eswatta North,1161,1161,2322,15
LK1115030,Kiriwandala North,1161,1161,2322,15
LK1115035,Kudagama,1161,1161,2322,15
LK1115040,Weralupitiya,1161,1161,2322,15
LK1115045,Seethagama,1161,1161,2322,15
LK1115050,Avissawella,1161,1161,2322,15
LK1115055,Ukwatta,1161,1161,2322,15
LK1115060,Agra Pedesa,1161,1161,2322,15
LK1115065,Eswatta South,1161,1161,2322,15
LK1115070,Ihala Kosgama North,1161,1161,2322,15
LK1115075,Thawalgoda,1161,1161,2322,15
LK1115080,Muruthagama,1161,1161,2322,15
LK1115085,Akaravita,1161,1161,2322,15
LK1115090,Kahatapitiya,1161,1161,2322,15
LK1115095,Kalu Aggala,1161,1161,2322,15
LK1115100,Salawa,1161,1161,2322,15
LK1115105,Pahala Kosgama West┬Á┬Á┬Á┬Á┬Á,1161,1161,2322,15
LK1115110,Pahala Kosgama East,1161,1161,2322,15
LK1115115,Ihala Kosgama South,1161,1161,2322,15
LK1115120,Miriswatta,1161,1161,2322,15
LK1115125,Aluth Ambalama,1161,1161,2322,15
LK1115130,Kiriwandala South,1161,1161,2322,15
LK1115135,Kotahera,1161,1161,2322,15
LK1115140,Seethawaka,1161,1161,2322,15
LK1115145,Aradhana Kanda,1161,1161,2322,15
LK1115150,Puwakpitiya South,1161,1161,2322,15
LK1115155,Puwakpitiya,1161,1161,2322,15
LK1115160,Egodagama,1161,1161,2322,15
LK1115165,Weragolla North,1161,1161,2322,15
LK1115170,Hingurala,1161,1161,2322,15
LK1115175,Kadugoda North,1161,1161,2322,15
LK1115180,Mawalgama,1161,1161,2322,15
LK1115185,Suduwella,1161,1161,2322,15
LK1115190,Gira Imbula,1161,1161,2322,15
LK1115195,Walawwatta,1161,1161,2322,15
LK1115200,Pahala Hanwella,1161,1161,2322,15
LK1115205,Hanwella Town,1161,1161,2322,15
LK1115210,Ihala Hanwella North,1161,1161,2322,15
LK1115215,Niripola,1161,1161,2322,15
LK1115220,Brandigampala,1161,1161,2322,15
LK1115225,Kadugoda South,1161,1161,2322,15
LK1115230,Weragolla South,1161,1161,2322,15
LK1115235,Digana,1161,1161,2322,15
LK1115240,Lahirugama,1161,1161,2322,15
LK1115245,Mambula,1161,1161,2322,15
LK1115250,Welikanna,1161,1161,2322,15
LK1115255,Kahahena,1161,1161,2322,15
LK1115260,Neluwattuduwa,1161,1161,2322,15
LK1115265,Diddeniya North,1161,1161,2322,15
LK1115270,Ihala Hanwella South,1161,1161,2322,15
LK1115275,Pahathgama,1161,1161,2322,15
LK1115280,Jayaweeragoda,1161,1161,2322,15
LK1115285,Koodaluvila,1161,1161,2322,15
LK1115290,Thunnana East,1161,1161,2322,15
LK1115295,Diddeniya South,1161,1161,2322,15
LK1115300,Elamalawala,1161,1161,2322,15
LK1115305,Ilukovita,1161,1161,2322,15
LK1115310,Koswatta,1161,1161,2322,15
LK1115315,Pagngnagula,1161,1161,2322,15
LK1115320,Pelpola,1161,1161,2322,15
LK1115325,Kudakanda,1161,1161,2322,15
LK1115330,Thunnana West,1161,1161,2322,15
LK1115335,Mawathagama West,1161,1161,2322,15
LK1115340,Mawathagama East,1161,1161,2322,15
LK1118,Padukka,78974,78974,157948,15
LK1118005,Pinnawala North,1717,1717,3434,15
LK1118010,Pinnawala South,1717,1716,3433,15
LK1118015,Waga North,1717,1716,3433,15
LK1118020,Waga East,1717,1716,3433,15
LK1118025,Thummodara,1717,1716,3433,15
LK1118030,Waga South,1717,1716,3433,15
LK1118035,Siyambalawa,1717,1716,3433,15
LK1118040,Pahala Bope,1717,1716,3433,15
LK1118045,Halpe,1717,1716,3433,15
LK1118050,Waga West,1717,1716,3433,15
LK1118055,Uggalla,1717,1716,3433,15
LK1118060,Wewelpanawa,1717,1716,3433,15
LK1118065,Pitumpe North,1717,1716,3433,15
LK1118070,Pitumpe South,1717,1716,3433,15
LK1118075,Galagedara East,1717,1716,3433,15
LK1118080,Galagedara North,1717,1716,3433,15
LK1118085,Galagedara South,1717,1716,3433,15
LK1118090,Padukka,1717,1716,3433,15
LK1118095,Arukwatta North,1717,1716,3433,15
LK1118100,Arukwatta South,1717,1716,3433,15
LK1118105,Ganegoda,1717,1716,3433,15
LK1118110,Angampitiya,1717,1716,3433,15
LK1118115,Weragala,1717,1716,3433,15
LK1118120,Angamuwa,1717,1716,3433,15
LK1118125,Udumulla,1717,1716,3433,15
LK1118130,Poregedara,1717,1716,3433,15
LK1118135,Pahala Padukka,1717,1716,3433,15
LK1118140,Liyanwala,1717,1716,3433,15
LK1118145,Kurugala,1717,1716,3433,15
LK1118150,Madulawa South,1717,1716,3433,15
LK1118155,Madulawa North,1717,1716,3433,15
LK1118160,Horakandawala,1717,1716,3433,15
LK1118165,Dampe,1717,1716,3433,15
LK1118170,Beruketiya,1717,1716,3433,15
LK1118175,Horagala West,1717,1716,3433,15
LK1118180,Horagala East,1717,1716,3433,15
LK1118185,Beliattavila,1717,1716,3433,15
LK1118190,Miriyagalla,1717,1716,3433,15
LK1118195,Malagala,1717,1716,3433,15
LK1118200,Kahawala,1717,1716,3433,15
LK1118205,Yatawathura,1717,1716,3433,15
LK1118210,Mahingala,1717,1716,3433,15
LK1118215,Ihala Bope,1717,1716,3433,15
LK1118220,Gurulana,1717,1716,3433,15
LK1118225,Udagama,1717,1716,3433,15
LK1118230,Dambora,1717,1716,3433,15
LK1121,Maharagama,78974,78974,157948,15
LK1121005,Mirihana South,1927,1926,3853,15
LK1121010,Mirihana North,1926,1926,3852,15
LK1121015,Madiwela,1926,1926,3852,15
LK1121020,Thalawathugoda West,1926,1926,3852,15
LK1121025,Thalawathugoda East,1926,1926,3852,15
LK1121030,Kalalgoda,1926,1926,3852,15
LK1121035,Kottawa East,1926,1926,3852,15
LK1121040,Rukmale West,1926,1926,3852,15
LK1121045,Rukmale East A,1926,1926,3852,15
LK1121050,Rukmale East B,1926,1926,3852,15
LK1121055,Liyanagoda,1926,1926,3852,15
LK1121060,Kottawa North,1926,1926,3852,15
LK1121065,Depanama,1926,1926,3852,15
LK1121070,Polwatta,1926,1926,3852,15
LK1121075,Pamunuwa,1926,1926,3852,15
LK1121080,Thalapathpitiya,1926,1926,3852,15
LK1121085,Pragathipura,1926,1926,3852,15
LK1121090,Udahamulla East,1926,1926,3852,15
LK1121095,Udahamulla West,1926,1926,3852,15
LK1121100,Pathiragoda,1926,1926,3852,15
LK1121105,Maharagama East,1926,1926,3852,15
LK1121110,Maharagama West,1926,1926,3852,15
LK1121115,Dambahena,1926,1926,3852,15
LK1121120,Pannipitiya North,1926,1926,3852,15
LK1121125,Kottawa West,1926,1926,3852,15
LK1121130,Kottawa South,1926,1926,3852,15
LK1121135,Malapalla West,1926,1926,3852,15
LK1121140,Malapalla East,1926,1926,3852,15
LK1121145,Makumbura North,1926,1926,3852,15
LK1121150,Makumbura South,1926,1926,3852,15
LK1121155,Kottawa Town,1926,1926,3852,15
LK1121160,Pannipitiya South,1926,1926,3852,15
LK1121165,Maharagama Town,1926,1926,3852,15
LK1121170,Godigamuwa South A,1926,1926,3852,15
LK1121175,Godigamuwa South B,1926,1926,3852,15
LK1121180,Godigamuwa North,1926,1926,3852,15
LK1121185,Wattegedara,1926,1926,3852,15
LK1121190,Navinna,1926,1926,3852,15
LK1121195,Wijerama,1926,1926,3852,15
LK1121200,Gangodavila South B,1926,1926,3852,15
LK1121205,Jambugasmulla,1926,1926,3852,15
LK1124,Sri Jayawardanapura Kotte,78974,78974,157948,15
LK1124005,Obeysekarapura,3949,3949,7898,15
LK1124010,Welikada West,3949,3948,7897,15
LK1124015,Welikada East,3949,3948,7897,15
LK1124020,Rajagiriya,3949,3948,7897,15
LK1124025,Welikada North,3949,3948,7897,15
LK1124030,Nawala West,3949,3948,7897,15
LK1124035,Koswatta,3949,3948,7897,15
LK1124040,Ethulkotte West,3949,3948,7897,15
LK1124045,Ethulkotte,3949,3948,7897,15
LK1124050,Pitakotte East,3949,3948,7897,15
LK1124055,Pitakotte,3949,3948,7897,15
LK1124060,Pitakotte West,3949,3948,7897,15
LK1124065,Nawala East,3949,3948,7897,15
LK1124070,Nugegoda West,3949,3948,7897,15
LK1124075,Pagoda,3949,3948,7897,15
LK1124080,Nugegoda,3949,3948,7897,15
LK1124085,Pagoda East,3949,3948,7897,15
LK1124090,Gangodavila North,3949,3948,7897,15
LK1124095,Gangodavila South,3949,3948,7897,15
LK1124100,Gangodavila East,3949,3948,7897,15
LK1127,Thimbirigasyaya,78974,78974,157948,15
LK1127005,Kollupitiya,3949,3949,7898,15
LK1127010,Bambalapitiya,3949,3948,7897,15
LK1127015,Kurunduwatta,3949,3948,7897,15
LK1127020,Kuppiyawatta West,3949,3948,7897,15
LK1127025,Kuppiyawatta East,3949,3948,7897,15
LK1127030,Dematagoda,3949,3948,7897,15
LK1127035,Wanathamulla,3949,3948,7897,15
LK1127040,Borella North,3949,3948,7897,15
LK1127045,Borella South,3949,3948,7897,15
LK1127050,Gothamipura,3949,3948,7897,15
LK1127055,Narahenpita,3949,3948,7897,15
LK1127060,Thimbirigasyaya,3949,3948,7897,15
LK1127065,Milagiriya,3949,3948,7897,15
LK1127070,Havelock Town,3949,3948,7897,15
LK1127075,Kirula,3949,3948,7897,15
LK1127080,Kirulapone,3949,3948,7897,15
LK1127085,Wellawatta North,3949,3948,7897,15
LK1127090,Wellawatta South,3949,3948,7897,15
LK1127095,Pamankada West,3949,3948,7897,15
LK1127100,Pamankada East,3949,3948,7897,15
LK1130,Dehiwala,78974,78974,157948,15
LK1130005,Sri Saranankara,5265,5265,10530,15
LK1130010,Vilawala,5265,5264,10529,15
LK1130015,Dutugemunu,5265,5264,10529,15
LK1130020,Kohuwala,5265,5264,10529,15
LK1130025,Kalubovila,5265,5264,10529,15
LK1130030,Hathbodhiya,5265,5264,10529,15
LK1130035,Galwala,5265,5264,10529,15
LK1130040,Dehiwala West,5265,5264,10529,15
LK1130045,Dehiwala East,5265,5264,10529,15
LK1130050,Udyanaya,5265,5264,10529,15
LK1130055,Nedimala,5265,5264,10529,15
LK1130060,Malwatta,5265,5264,10529,15
LK1130065,Jayathilaka,5265,5264,10529,15
LK1130070,Karagampitiya,5265,5264,10529,15
LK1130075,Kawdana East,5265,5264,10529,15
LK1131,Ratmalana,78974,78974,157948,15
LK1131005,Mount Lavinia,6075,6075,12150,15
LK1131010,Kawdana West,6075,6074,12149,15
LK1131015,Watarappala,6075,6074,12149,15
LK1131020,Wathumulla,6075,6074,12149,15
LK1131025,Katukurunduwatta,6075,6074,12149,15
LK1131030,Attidiya North,6075,6074,12149,15
LK1131035,Attidiya South,6075,6074,12149,15
LK1131040,Piriwena,6075,6074,12149,15
LK1131045,Wedikanda,6075,6074,12149,15
LK1131050,Vihara,6075,6074,12149,15
LK1131055,Rathmalana West,6075,6074,12149,15
LK1131060,Rathmalana East,6075,6074,12149,15
LK1131065,Kandawala,6075,6074,12149,15
LK1133,Moratuwa,78974,78974,157948,15
LK1133005,Angulana North,1881,1880,3761,15
LK1133010,Kaldemulla,1880,1880,3760,15
LK1133015,Soysapura North,1880,1880,3760,15
LK1133020,Soysapura South,1880,1880,3760,15
LK1133025,Dahampura,1880,1880,3760,15
LK1133030,Thelawala North,1880,1880,3760,15
LK1133035,Borupana,1880,1880,3760,15
LK1133040,Thelawala South,1880,1880,3760,15
LK1133045,Lakshapathiya North,1880,1880,3760,15
LK1133050,Lakshapathiya Central,1880,1880,3760,15
LK1133055,Angulana South,1880,1880,3760,15
LK1133060,Uyana South,1880,1880,3760,15
LK1133065,Uyana North,1880,1880,3760,15
LK1133070,Rawathawatta South,1880,1880,3760,15
LK1133075,Rawathawatta East,1880,1880,3760,15
LK1133080,Lakshapathiya South,1880,1880,3760,15
LK1133085,Kuduwamulla,1880,1880,3760,15
LK1133090,Katubedda,1880,1880,3760,15
LK1133095,Molpe,1880,1880,3760,15
LK1133100,Moratumulla North,1880,1880,3760,15
LK1133105,Kadalana,1880,1880,3760,15
LK1133110,Rawathawatta West,1880,1880,3760,15
LK1133115,Idama,1880,1880,3760,15
LK1133120,Uswatta,1880,1880,3760,15
LK1133125,Moratuwella South,1880,1880,3760,15
LK1133130,Indibedda West,1880,1880,3760,15
LK1133135,Moratumulla East,1880,1880,3760,15
LK1133140,Moratumulla West,1880,1880,3760,15
LK1133145,Villorawatta East,1880,1880,3760,15
LK1133150,Villorawatta West,1880,1880,3760,15
LK1133155,Indibedda East,1880,1880,3760,15
LK1133160,Moratuwella North,1880,1880,3760,15
LK1133165,Moratuwella West,1880,1880,3760,15
LK1133170,Koralawella North,1880,1880,3760,15
LK1133175,Koralawella East,1880,1880,3760,15
LK1133180,Koralawella West,1880,1880,3760,15
LK1133185,Koralawella South,1880,1880,3760,15
LK1133190,Katukurunda North,1880,1880,3760,15
LK1133195,Katukurunda South,1880,1880,3760,15
LK1133200,Egoda Uyana North,1880,1880,3760,15
LK1133205,Egoda Uyana Central,1880,1880,3760,15
LK1133210,Egoda Uyana South,1880,1880,3760,15
LK1136,Kesbewa,78974,78974,157948,15
LK1136005,Pepiliyana West,1082,1082,2164,15
LK1136010,Pepiliyana East,1082,1081,2163,15
LK1136015,Divulpitiya East,1082,1081,2163,15
LK1136020,Divulpitiya West,1082,1081,2163,15
LK1136025,Bellanvila,1082,1081,2163,15
LK1136030,Boralesgamuwa West A,1082,1081,2163,15
LK1136035,Boralesgamuwa West C,1082,1081,2163,15
LK1136040,Rattanapitiya,1082,1081,2163,15
LK1136045,Egodawatta,1082,1081,2163,15
LK1136050,Boralesgamuwa East A,1082,1081,2163,15
LK1136055,Boralesgamuwa West B,1082,1081,2163,15
LK1136060,Werahera North,1082,1081,2163,15
LK1136065,Boralesgamuwa East B,1082,1081,2163,15
LK1136070,Neelammahara,1082,1081,2163,15
LK1136075,Katuwawala North,1082,1081,2163,15
LK1136080,Vishwakalawa,1082,1081,2163,15
LK1136085,Werahera South,1082,1081,2163,15
LK1136090,Katuwawala South,1082,1081,2163,15
LK1136095,Niwanthidiya,1082,1081,2163,15
LK1136100,Erewwala West,1082,1081,2163,15
LK1136105,Erewwala North,1082,1081,2163,15
LK1136110,Erewwala East,1082,1081,2163,15
LK1136115,Rathmaldeniya,1082,1081,2163,15
LK1136120,Mahalwarawa,1082,1081,2163,15
LK1136125,Bangalawatta,1082,1081,2163,15
LK1136130,Pelenwatta East,1082,1081,2163,15
LK1136135,Pelenwatta North,1082,1081,2163,15
LK1136140,Pelenwatta West,1082,1081,2163,15
LK1136145,Paligedara,1082,1081,2163,15
LK1136150,Kaliyammahara,1082,1081,2163,15
LK1136155,Bokundara,1082,1081,2163,15
LK1136160,Thumbovila South,1082,1081,2163,15
LK1136165,Thumbovila North,1082,1081,2163,15
LK1136170,Wewala West,1082,1081,2163,15
LK1136175,Wewala East,1082,1081,2163,15
LK1136180,Thumbovila West,1082,1081,2163,15
LK1136185,Mampe North,1082,1081,2163,15
LK1136190,Makuludoowa,1082,1081,2163,15
LK1136195,Gorakapitiya,1082,1081,2163,15
LK1136200,Nampamunuwa,1082,1081,2163,15
LK1136205,Mavittara North,1082,1081,2163,15
LK1136210,Mampe East,1082,1081,2163,15
LK1136215,Bodhirajapura,1082,1081,2163,15
LK1136220,Mampe West,1082,1081,2163,15
LK1136225,Mampe South,1082,1081,2163,15
LK1136230,Kolamunna,1082,1081,2163,15
LK1136235,Suwarapola East,1082,1081,2163,15
LK1136240,Suwarapola West,1082,1081,2163,15
LK1136245,Hedigama,1082,1081,2163,15
LK1136250,Batakettara North,1082,1081,2163,15
LK1136255,Kesbewa North,1082,1081,2163,15
LK1136260,Kesbewa East,1082,1081,2163,15
LK1136265,Mavittara South,1082,1081,2163,15
LK1136270,Honnanthara North,1082,1081,2163,15
LK1136275,Honnanthara South,1082,1081,2163,15
LK1136280,Makandana East,1082,1081,2163,15
LK1136285,Kesbewa South,1082,1081,2163,15
LK1136290,Batakettara South,1082,1081,2163,15
LK1136295,Madapatha,1082,1081,2163,15
LK1136300,Delthara West,1082,1081,2163,15
LK1136305,Delthara East,1082,1081,2163,15
LK1136310,Dampe,1082,1081,2163,15
LK1136315,Makandana West,1082,1081,2163,15
LK1136320,Nivungama,1082,1081,2163,15
LK1136325,Halpita,1082,1081,2163,15
LK1136330,Horathuduwa,1082,1081,2163,15
LK1136335,Morenda,1082,1081,2163,15
LK1136340,Batuwandara North,1082,1081,2163,15
LK1136345,Batuwandara South,1082,1081,2163,15
LK1136350,Jamburaliya,1082,1081,2163,15
LK1136355,Polhena,1082,1081,2163,15
LK1136360,Regidel Watta,1082,1081,2163,15
LK1136365,Kahapola,1082,1081,2163,15
LK12,Gampaha,1026666,1026666,2053332,15
LK1203,Negombo,78975,78974,157949,15
LK1203005,Kammalthura,2025,2025,4050,15
LK1203010,Pallansena North,2025,2024,4049,15
LK1203015,Kochchikade,2025,2024,4049,15
LK1203020,Pallansena South,2025,2024,4049,15
LK1203025,Daluwakotuwa,2025,2024,4049,15
LK1203030,Palangathure,2025,2024,4049,15
LK1203035,Ettukala,2025,2024,4049,15
LK1203040,Daluwakotuwa East,2025,2024,4049,15
LK1203045,Kattuwa,2025,2024,4049,15
LK1203050,Dalupotha East,2025,2024,4049,15
LK1203055,Dalupotha,2025,2024,4049,15
LK1203060,Kudapaduwa,2025,2024,4049,15
LK1203065,Kudapaduwa North,2025,2024,4049,15
LK1203070,Kudapaduwa South,2025,2024,4049,15
LK1203075,Wellaweediya,2025,2024,4049,15
LK1203080,Wellaweediya East,2025,2024,4049,15
LK1203085,Periyamulla,2025,2024,4049,15
LK1203090,Hunupitiya,2025,2024,4049,15
LK1203095,Angurukaramulla,2025,2024,4049,15
LK1203100,Udayarthoppuwa,2025,2024,4049,15
LK1203105,Wellaweediya South,2025,2024,4049,15
LK1203110,Muttakkarai North,2025,2024,4049,15
LK1203115,Doowa,2025,2024,4049,15
LK1203120,Pitipana North,2025,2024,4049,15
LK1203125,Pitipana Central,2025,2024,4049,15
LK1203130,Muttakkarai,2025,2024,4049,15
LK1203135,Muttakkarai East,2025,2024,4049,15
LK1203140,Thaladoowa,2025,2024,4049,15
LK1203145,Udayarthoppuwa South,2025,2024,4049,15
LK1203150,Bolawalana,2025,2024,4049,15
LK1203155,Kurana West,2025,2024,4049,15
LK1203160,Kurana East,2025,2024,4049,15
LK1203165,Siriwardana Pedesa,2025,2024,4049,15
LK1203170,Pitipana South - East,2025,2024,4049,15
LK1203175,Pitipana South - West,2025,2024,4049,15
LK1203180,Thalahena,2025,2024,4049,15
LK1203185,Dungalpitiya,2025,2024,4049,15
LK1203190,Settappaduwa,2025,2024,4049,15
LK1203195,Kepungoda,2025,2024,4049,15
LK1206,Katana,78974,78974,157948,15
LK1206005,Muruthana,1000,1000,2000,15
LK1206010,Manaveriya,1000,999,1999,15
LK1206015,Udangawa,1000,999,1999,15
LK1206020,Thoppuwa,1000,999,1999,15
LK1206025,Bambukuliya,1000,999,1999,15
LK1206030,Katana North,1000,999,1999,15
LK1206035,Katana East,1000,999,1999,15
LK1206040,Katana West,1000,999,1999,15
LK1206045,Maha Ethgala,1000,999,1999,15
LK1206050,Ethgala,1000,999,1999,15
LK1206055,Adikkandiya,1000,999,1999,15
LK1206060,Welihena North,1000,999,1999,15
LK1206065,Welihena South,1000,999,1999,15
LK1206070,Pahala Kandawala,1000,999,1999,15
LK1206075,Ethgala South,1000,999,1999,15
LK1206080,Ihala Kandawala,1000,999,1999,15
LK1206085,Kaluwarippuwa West,1000,999,1999,15
LK1206090,Kondagammulla,1000,999,1999,15
LK1206095,Katiyala,1000,999,1999,15
LK1206100,Kadirana North,1000,999,1999,15
LK1206105,K.C. De Silva Puraya,1000,999,1999,15
LK1206110,Thimbirigaskatuwa,1000,999,1999,15
LK1206115,Sellakanda,1000,999,1999,15
LK1206120,Katuwapitiya,1000,999,1999,15
LK1206125,Mahahunupitiya West,1000,999,1999,15
LK1206130,Mahahunupitiya East,1000,999,1999,15
LK1206135,Pahala Kadirana,1000,999,1999,15
LK1206140,Kadirana,1000,999,1999,15
LK1206145,Akkara 50,1000,999,1999,15
LK1206150,Kadirana South,1000,999,1999,15
LK1206155,Kimbulapitiya West,1000,999,1999,15
LK1206160,Kimbulapitiya North,1000,999,1999,15
LK1206165,Kimbulapitiya South,1000,999,1999,15
LK1206170,Kimbulapitiya Central,1000,999,1999,15
LK1206175,Andiambalama West,1000,999,1999,15
LK1206180,Walpola,1000,999,1999,15
LK1206185,Andiambalama East,1000,999,1999,15
LK1206190,Dewamottawa,1000,999,1999,15
LK1206195,Kovinna,1000,999,1999,15
LK1206200,Evariwatta,1000,999,1999,15
LK1206205,Air Force Camp,1000,999,1999,15
LK1206210,Kurana Katunayaka West,1000,999,1999,15
LK1206215,Kurana Katunayaka North,1000,999,1999,15
LK1206220,Kurana Katunayaka South,1000,999,1999,15
LK1206225,Katunayaka North,1000,999,1999,15
LK1206230,Katunayaka South,1000,999,1999,15
LK1206235,Walanagoda,1000,999,1999,15
LK1206240,Kalahapitiya,1000,999,1999,15
LK1206245,Madawala,1000,999,1999,15
LK1206250,Muthuwadiya,1000,999,1999,15
LK1206255,Liyanagemulla North,1000,999,1999,15
LK1206260,Liyanagemulla South,1000,999,1999,15
LK1206265,Amandoluwa,1000,999,1999,15
LK1206270,Thempala,1000,999,1999,15
LK1206275,Kuswala,1000,999,1999,15
LK1206280,Ganepola,1000,999,1999,15
LK1206285,Heenatiyana West,1000,999,1999,15
LK1206290,Heenatiyana South,1000,999,1999,15
LK1206295,Heenatiyana East,1000,999,1999,15
LK1206300,Raddolugama North A,1000,999,1999,15
LK1206305,Raddolugama North,1000,999,1999,15
LK1206310,Raddolugama South,1000,999,1999,15
LK1206315,Raddolugama South A,1000,999,1999,15
LK1206320,Raddoluwa North,1000,999,1999,15
LK1206325,Raddoluwa West,1000,999,1999,15
LK1206330,Seeduwa,1000,999,1999,15
LK1206335,Mookalangamuwa West,1000,999,1999,15
LK1206340,Mookalangamuwa East,1000,999,1999,15
LK1206345,Bandarawatta East,1000,999,1999,15
LK1206350,Bandarawatta West,1000,999,1999,15
LK1206355,Dambaduraya,1000,999,1999,15
LK1206360,Raddoluwa South,1000,999,1999,15
LK1206365,Lansiyawadiya,1000,999,1999,15
LK1206370,Kotugoda,1000,999,1999,15
LK1206375,Kasagahawatta,1000,999,1999,15
LK1206380,Udammita North,1000,999,1999,15
LK1206385,Alawathupitiya,1000,999,1999,15
LK1206390,Udammita South,1000,999,1999,15
LK1206395,Ambalammulla,1000,999,1999,15
LK1209,Divulapitiya,78974,78974,157948,15
LK1209005,Andimulla,643,642,1285,15
LK1209010,Ambalayaya,642,642,1284,15
LK1209015,Bolagala,642,642,1284,15
LK1209020,Otharawadiya,642,642,1284,15
LK1209025,Godigamuwa West,642,642,1284,15
LK1209030,Godigamuwa East,642,642,1284,15
LK1209035,Balawala,642,642,1284,15
LK1209040,Badalgama,642,642,1284,15
LK1209045,Delpakadawara,642,642,1284,15
LK1209050,Siringapathawatta,642,642,1284,15
LK1209055,Pethigoda,642,642,1284,15
LK1209060,Alugolla,642,642,1284,15
LK1209065,Polwatta,642,642,1284,15
LK1209070,Polhena,642,642,1284,15
LK1209075,Mellawagedara,642,642,1284,15
LK1209080,Diklanda,642,642,1284,15
LK1209085,Katukenda,642,642,1284,15
LK1209090,Akarangaha,642,642,1284,15
LK1209095,Kehelella West,642,642,1284,15
LK1209100,Lihiniyagammana,642,642,1284,15
LK1209105,Akaragama East,642,642,1284,15
LK1209110,Akaragama West,642,642,1284,15
LK1209115,Akaragama North,642,642,1284,15
LK1209120,Pahala Madampella,642,642,1284,15
LK1209125,Halpe 1,642,642,1284,15
LK1209130,Kaluwarippuwa East - Uthura,642,642,1284,15
LK1209135,Kongodamulla North,642,642,1284,15
LK1209140,Kongodamulla West,642,642,1284,15
LK1209145,Kongodamulla South,642,642,1284,15
LK1209150,Kongodamulla East,642,642,1284,15
LK1209155,Ihala Madampella North,642,642,1284,15
LK1209160,Ihala Madampella West,642,642,1284,15
LK1209165,Ihala Madampella East,642,642,1284,15
LK1209170,Ihalagama,642,642,1284,15
LK1209175,Kehelella South,642,642,1284,15
LK1209180,Kehelella North,642,642,1284,15
LK1209185,Delwagura,642,642,1284,15
LK1209190,Wekada,642,642,1284,15
LK1209195,Kalumada,642,642,1284,15
LK1209200,Agalegedara,642,642,1284,15
LK1209205,Waradala,642,642,1284,15
LK1209210,Kotadeniyawa,642,642,1284,15
LK1209215,Erabadda,642,642,1284,15
LK1209220,Diyagampala,642,642,1284,15
LK1209225,Koradaminna,642,642,1284,15
LK1209230,Dimbuldeniya,642,642,1284,15
LK1209235,Paragoda North,642,642,1284,15
LK1209240,Paragoda South,642,642,1284,15
LK1209245,Moragalkanda,642,642,1284,15
LK1209250,Nawana West,642,642,1284,15
LK1209255,Hettimulla,642,642,1284,15
LK1209260,Haloluwa,642,642,1284,15
LK1209265,Kelegedara,642,642,1284,15
LK1209270,Heeralugedara,642,642,1284,15
LK1209275,Walpita,642,642,1284,15
LK1209280,Welagana,642,642,1284,15
LK1209285,Thammita,642,642,1284,15
LK1209290,Palliyapitiya West,642,642,1284,15
LK1209295,Induragara North,642,642,1284,15
LK1209300,Induragara South,642,642,1284,15
LK1209305,Kadawala North,642,642,1284,15
LK1209310,Kadawala,642,642,1284,15
LK1209315,Kaluwarippuwa East - Dakuna,642,642,1284,15
LK1209320,Miriswatta,642,642,1284,15
LK1209325,Dagonna North,642,642,1284,15
LK1209330,Dagonna East,642,642,1284,15
LK1209335,Halgahawelawatta,642,642,1284,15
LK1209340,Katuwellegama North,642,642,1284,15
LK1209345,Kadawala South,642,642,1284,15
LK1209350,Batepola,642,642,1284,15
LK1209355,Doonagaha South,642,642,1284,15
LK1209360,Doonagaha,642,642,1284,15
LK1209365,Palliyapitiya East,642,642,1284,15
LK1209370,Hunumulla,642,642,1284,15
LK1209375,Hapugahagama,642,642,1284,15
LK1209380,Barawavila,642,642,1284,15
LK1209385,Kudagammana,642,642,1284,15
LK1209390,Pahala Madithiyawala,642,642,1284,15
LK1209395,Kaluaggala,642,642,1284,15
LK1209400,Kuleegedara,642,642,1284,15
LK1209405,Nawana East,642,642,1284,15
LK1209410,Nariyamulla,642,642,1284,15
LK1209415,Halpe 2,642,642,1284,15
LK1209420,Parana Halpe West,642,642,1284,15
LK1209425,Parana Halpe East,642,642,1284,15
LK1209430,Gurullagama,642,642,1284,15
LK1209435,Kithulwala Ihala,642,642,1284,15
LK1209440,Kithulwala Pahala,642,642,1284,15
LK1209445,Kithulwala North,642,642,1284,15
LK1209450,Kaluaggala Pahalagama,642,642,1284,15
LK1209455,Wattemulla,642,642,1284,15
LK1209460,Ihala Madithiyawala,642,642,1284,15
LK1209465,Hangawatta,642,642,1284,15
LK1209470,Rassapana,642,642,1284,15
LK1209475,Balagalla West,642,642,1284,15
LK1209480,Parana Handiya,642,642,1284,15
LK1209485,Pinnakele,642,642,1284,15
LK1209490,Pinnakele South,642,642,1284,15
LK1209495,Urapana,642,642,1284,15
LK1209500,Kelepitimulla,642,642,1284,15
LK1209505,Sayakkaramulla,642,642,1284,15
LK1209510,Henpitagedara,642,642,1284,15
LK1209515,Aluthepola West,642,642,1284,15
LK1209520,Thotillagahawatta,642,642,1284,15
LK1209525,Katuwellegama South,642,642,1284,15
LK1209530,Palugahawela,642,642,1284,15
LK1209535,Dagonna South,642,642,1284,15
LK1209540,Hapuwalana South,642,642,1284,15
LK1209545,Hapuwalana,642,642,1284,15
LK1209550,Bomugammana North,642,642,1284,15
LK1209555,Bomugammana South,642,642,1284,15
LK1209560,Pinnalanda,642,642,1284,15
LK1209565,Divulapitiya,642,642,1284,15
LK1209570,Balagalla East,642,642,1284,15
LK1209575,Ullalapola East,642,642,1284,15
LK1209580,Ullalapola West,642,642,1284,15
LK1209585,Wewagedara,642,642,1284,15
LK1209590,Horagasmulla,642,642,1284,15
LK1209595,Assennawatta East,642,642,1284,15
LK1209600,Hapuwalana North,642,642,1284,15
LK1209605,Assennawatta West,642,642,1284,15
LK1209610,Weragodamulla,642,642,1284,15
LK1209615,Aluthepola East,642,642,1284,15
LK1212,Mirigama,78974,78974,157948,15
LK1212005,Nalla,531,530,1061,15
LK1212010,Giriullagama,530,530,1060,15
LK1212015,Loluwagoda,530,530,1060,15
LK1212020,Delwala South,530,530,1060,15
LK1212025,Delwala,530,530,1060,15
LK1212030,Loluwagoda South,530,530,1060,15
LK1212035,Madurupitiya,530,530,1060,15
LK1212040,Hapugahagedara,530,530,1060,15
LK1212045,Kandangamuwa,530,530,1060,15
LK1212050,Henegama,530,530,1060,15
LK1212055,Maladeniya,530,530,1060,15
LK1212060,Kahandawa,530,530,1060,15
LK1212065,Kandalama,530,530,1060,15
LK1212070,Walbothale,530,530,1060,15
LK1212075,Pirisyala,530,530,1060,15
LK1212080,Kamarangawa,530,530,1060,15
LK1212085,Keenadeniya,530,530,1060,15
LK1212090,Bothale Pahalagama North,530,530,1060,15
LK1212095,Maveehena,530,530,1060,15
LK1212100,Kurunduwatta,530,530,1060,15
LK1212105,Purana Meerigama,530,530,1060,15
LK1212110,Hakurukumbura,530,530,1060,15
LK1212115,Mugurugampala,530,530,1060,15
LK1212120,Vilwatta,530,530,1060,15
LK1212125,Thawalampitiya,530,530,1060,15
LK1212130,Bothale Pahalagama,530,530,1060,15
LK1212135,Bothale Pahalagama West,530,530,1060,15
LK1212140,Bothale Medagama,530,530,1060,15
LK1212145,Bothale Pahalagama East,530,530,1060,15
LK1212150,Thalagama East,530,530,1060,15
LK1212155,Thalagama,530,530,1060,15
LK1212160,Balathawa,530,530,1060,15
LK1212165,Makoora,530,530,1060,15
LK1212170,Pottekanda,530,530,1060,15
LK1212175,Bothale Ihalagama,530,530,1060,15
LK1212180,Andagalakanda,530,530,1060,15
LK1212185,Halugama Ihala,530,530,1060,15
LK1212190,Kindiwala,530,530,1060,15
LK1212195,Halugama Pahala,530,530,1060,15
LK1212200,Meerigama,530,530,1060,15
LK1212205,Walawwatta,530,530,1060,15
LK1212210,Thilinagama,530,530,1060,15
LK1212215,Vijayarajadahana,530,530,1060,15
LK1212220,Neligama Ihala,530,530,1060,15
LK1212225,Neligama Central,530,530,1060,15
LK1212230,Neligama,530,530,1060,15
LK1212235,Lindara,530,530,1060,15
LK1212240,Halugama,530,530,1060,15
LK1212245,Siyambalagoda,530,530,1060,15
LK1212250,Lindara Pahala,530,530,1060,15
LK1212255,Pohonnaruwa,530,530,1060,15
LK1212260,Indiparape,530,530,1060,15
LK1212265,Kosetadeniya,530,530,1060,15
LK1212270,Imbulanwala,530,530,1060,15
LK1212275,Uduulla,530,530,1060,15
LK1212280,Gaspe,530,530,1060,15
LK1212285,Banduragoda,530,530,1060,15
LK1212290,Keppitiwalana,530,530,1060,15
LK1212295,Gaspe Pahalagama,530,530,1060,15
LK1212300,Galgana,530,530,1060,15
LK1212305,Pelapitigama,530,530,1060,15
LK1212310,Elhena,530,530,1060,15
LK1212315,Ganegoda,530,530,1060,15
LK1212320,Hiriwala,530,530,1060,15
LK1212325,Handurumulla,530,530,1060,15
LK1212330,Pamunuwatta,530,530,1060,15
LK1212335,Lindara Ihala,530,530,1060,15
LK1212340,Arukgoda,530,530,1060,15
LK1212345,Madabavita,530,530,1060,15
LK1212350,Madabavita Ihalagama,530,530,1060,15
LK1212355,Newgala,530,530,1060,15
LK1212360,Danovita,530,530,1060,15
LK1212365,Weweldeniya Pahalagama,530,530,1060,15
LK1212370,Weweldeniya Pahalagama West,530,530,1060,15
LK1212375,Henepola,530,530,1060,15
LK1212380,Palmada,530,530,1060,15
LK1212385,Kal/ Pallewela,530,530,1060,15
LK1212390,Raddalgoda,530,530,1060,15
LK1212395,Ihala Bokalagama,530,530,1060,15
LK1212400,Pahala Bokalagama,530,530,1060,15
LK1212405,Kukulnape,530,530,1060,15
LK1212410,Gaspe South,530,530,1060,15
LK1212415,Muddaragama,530,530,1060,15
LK1212420,Hanchapola,530,530,1060,15
LK1212425,Hirikuluwa,530,530,1060,15
LK1212430,Pathagama,530,530,1060,15
LK1212435,Borukgamuwa West,530,530,1060,15
LK1212440,Borukgamuwa,530,530,1060,15
LK1212445,Pallewela,530,530,1060,15
LK1212450,Weragoda/ Kakkele,530,530,1060,15
LK1212455,Hansagiriya,530,530,1060,15
LK1212460,Wellevilamulla North,530,530,1060,15
LK1212465,Wellevilamulla,530,530,1060,15
LK1212470,Udawela,530,530,1060,15
LK1212475,Hapitigama,530,530,1060,15
LK1212480,Makkanigoda North,530,530,1060,15
LK1212485,Pahalawela,530,530,1060,15
LK1212490,Millawala,530,530,1060,15
LK1212495,Weweldeniya Ihalagama West,530,530,1060,15
LK1212500,Weweldeniya Ihalagama,530,530,1060,15
LK1212505,Kotadeniya,530,530,1060,15
LK1212510,Ilukpatha/ Weragoda,530,530,1060,15
LK1212515,Hedidenikanda,530,530,1060,15
LK1212520,Radawadunna,530,530,1060,15
LK1212525,Bataleeya,530,530,1060,15
LK1212530,Bataleeya South,530,530,1060,15
LK1212535,Bolana,530,530,1060,15
LK1212540,Mallehewa,530,530,1060,15
LK1212545,Webadamulla,530,530,1060,15
LK1212550,Weragoda,530,530,1060,15
LK1212555,Midellawala,530,530,1060,15
LK1212560,Kendalanda,530,530,1060,15
LK1212565,Nungamuwa,530,530,1060,15
LK1212570,Uthuwanbogahawatta,530,530,1060,15
LK1212575,Maligathenna Pahala,530,530,1060,15
LK1212580,Maligathenna Central,530,530,1060,15
LK1212585,Wandurawa,530,530,1060,15
LK1212590,Galgamuwa West,530,530,1060,15
LK1212595,Galgamuwa East,530,530,1060,15
LK1212600,Kumbaloluwa,530,530,1060,15
LK1212605,Kumbaloluwa Ihala,530,530,1060,15
LK1212610,Kumbaloluwa Pahala,530,530,1060,15
LK1212615,Dumunnegedara South,530,530,1060,15
LK1212620,Dumunnegedara,530,530,1060,15
LK1212625,Pasyala,530,530,1060,15
LK1212630,Pasyala West,530,530,1060,15
LK1212635,Muruthawala,530,530,1060,15
LK1212640,Kithanawatta,530,530,1060,15
LK1212645,Kammalpitiya,530,530,1060,15
LK1212650,Radawadunna Central,530,530,1060,15
LK1212655,Imbulgasovita,530,530,1060,15
LK1212660,Radawadunna Pahala,530,530,1060,15
LK1212665,Weerasooriyakanda,530,530,1060,15
LK1212670,Pasyala East,530,530,1060,15
LK1212675,Udugama,530,530,1060,15
LK1212680,Panawala,530,530,1060,15
LK1212685,Delgahamedilla,530,530,1060,15
LK1212690,Mottunna West,530,530,1060,15
LK1212695,Mottunna,530,530,1060,15
LK1212700,Maligathenna,530,530,1060,15
LK1212705,Kureekotuwa,530,530,1060,15
LK1212710,Hakwadunna,530,530,1060,15
LK1212715,Kureekotuwa Pahala,530,530,1060,15
LK1212720,Ellalamulla,530,530,1060,15
LK1212725,Debahera,530,530,1060,15
LK1212730,Mawathahena,530,530,1060,15
LK1212735,Meevitiya,530,530,1060,15
LK1212740,Ketakalapitiya,530,530,1060,15
LK1212745,Dambutuwa,530,530,1060,15
LK1215,Minuwangoda,78974,78974,157948,15
LK1215005,Medemulla North,653,653,1306,15
LK1215010,Nilpanagoda West,653,652,1305,15
LK1215015,Nilpanagoda East,653,652,1305,15
LK1215020,Nilpanagoda,653,652,1305,15
LK1215025,Arangawa,653,652,1305,15
LK1215030,Horampella North,653,652,1305,15
LK1215035,Galkanda,653,652,1305,15
LK1215040,Bodhipihituwala,653,652,1305,15
LK1215045,Watinapaha,653,652,1305,15
LK1215050,Mabodala West,653,652,1305,15
LK1215055,Mabodala North,653,652,1305,15
LK1215060,Ihala Vithanamulla,653,652,1305,15
LK1215065,Nalapaha,653,652,1305,15
LK1215070,Pahala Vithanamulla,653,652,1305,15
LK1215075,Mabodala East,653,652,1305,15
LK1215080,Mabodala South,653,652,1305,15
LK1215085,Watinapaha South,653,652,1305,15
LK1215090,Wankepumulla,653,652,1305,15
LK1215095,Kamaragoda,653,652,1305,15
LK1215100,Kudagoda,653,652,1305,15
LK1215105,Horampella South,653,652,1305,15
LK1215110,Mahagama,653,652,1305,15
LK1215115,Wegowwa South,653,652,1305,15
LK1215120,Minuwangoda East,653,652,1305,15
LK1215125,Minuwangoda North,653,652,1305,15
LK1215130,Medemulla South,653,652,1305,15
LK1215135,Boragodawatta North,653,652,1305,15
LK1215140,Yatiyana,653,652,1305,15
LK1215145,Peellawatta,653,652,1305,15
LK1215150,Unnaruwa,653,652,1305,15
LK1215155,Yatiyana Central,653,652,1305,15
LK1215160,Yatiyana East,653,652,1305,15
LK1215165,Kopiwatta,653,652,1305,15
LK1215170,Boragodawatta South,653,652,1305,15
LK1215175,Minuwangoda West,653,652,1305,15
LK1215180,Meda Minuwangoda,653,652,1305,15
LK1215185,Pansilgoda,653,652,1305,15
LK1215190,Wegowwa East,653,652,1305,15
LK1215195,Helakandana,653,652,1305,15
LK1215200,Peralanda,653,652,1305,15
LK1215205,Dewalapola,653,652,1305,15
LK1215210,Wadumulla,653,652,1305,15
LK1215215,Metikotumulla,653,652,1305,15
LK1215220,Essella,653,652,1305,15
LK1215225,Yatagama,653,652,1305,15
LK1215230,Naiwala North,653,652,1305,15
LK1215235,Naiwala East,653,652,1305,15
LK1215240,Naiwala West,653,652,1305,15
LK1215245,Walpitamulla,653,652,1305,15
LK1215250,Balabowa,653,652,1305,15
LK1215255,Balabowa West,653,652,1305,15
LK1215260,Pethiyagoda North,653,652,1305,15
LK1215265,Gallegedara,653,652,1305,15
LK1215270,Ganihimulla,653,652,1305,15
LK1215275,Hendimahara,653,652,1305,15
LK1215280,Kalawana,653,652,1305,15
LK1215285,Wattegedara,653,652,1305,15
LK1215290,Ambagahawatta,653,652,1305,15
LK1215295,Galloluwa East,653,652,1305,15
LK1215300,Galloluwa,653,652,1305,15
LK1215305,Kalahugoda,653,652,1305,15
LK1215310,Polwatta West,653,652,1305,15
LK1215315,Polwatta East,653,652,1305,15
LK1215320,Pattanduwana North,653,652,1305,15
LK1215325,Ellangala,653,652,1305,15
LK1215330,Burullapitiya,653,652,1305,15
LK1215335,Mathammana,653,652,1305,15
LK1215340,Weediyawatta East,653,652,1305,15
LK1215345,Goigama,653,652,1305,15
LK1215350,Ihala Udugampala,653,652,1305,15
LK1215355,Pethiyagoda South,653,652,1305,15
LK1215360,Korase,653,652,1305,15
LK1215365,Korase Meda,653,652,1305,15
LK1215370,Marapola,653,652,1305,15
LK1215375,Vigoda,653,652,1305,15
LK1215380,Doranagoda East,653,652,1305,15
LK1215385,Korase East,653,652,1305,15
LK1215390,Doranagoda North,653,652,1305,15
LK1215395,Doranagoda West,653,652,1305,15
LK1215400,Pahala Udugampola East,653,652,1305,15
LK1215405,Pahala Udugampola North,653,652,1305,15
LK1215410,Pahala Udugampola West,653,652,1305,15
LK1215415,Weediyawatta West,653,652,1305,15
LK1215420,Welhena,653,652,1305,15
LK1215425,Weliya,653,652,1305,15
LK1215430,Pattanduwana,653,652,1305,15
LK1215435,Pattanduwana West,653,652,1305,15
LK1215440,Yagodamulla North,653,652,1305,15
LK1215445,Yagodamulla,653,652,1305,15
LK1215450,Uggalboda West,653,652,1305,15
LK1215455,Uggalboda,653,652,1305,15
LK1215460,Kehelbaddara West,653,652,1305,15
LK1215465,Kehelbaddara East,653,652,1305,15
LK1215470,Pahala Udugampola South,653,652,1305,15
LK1215475,Asgiriwalpola North,653,652,1305,15
LK1215480,Dombawala,653,652,1305,15
LK1215485,Pedipola,653,652,1305,15
LK1215490,Doranagoda South,653,652,1305,15
LK1215495,Wathumulla,653,652,1305,15
LK1215500,Asgiriya North,653,652,1305,15
LK1215505,Asgiriya South,653,652,1305,15
LK1215510,Asgiriya,653,652,1305,15
LK1215515,Asgiriya West,653,652,1305,15
LK1215520,Asgiriwalpola South,653,652,1305,15
LK1215525,Asgiriwalpola West,653,652,1305,15
LK1215530,Madelgamuwa East,653,652,1305,15
LK1215535,Batapotha,653,652,1305,15
LK1215540,Nedagamuwa North,653,652,1305,15
LK1215545,Nedagamuwa South,653,652,1305,15
LK1215550,Nedagamuwa West,653,652,1305,15
LK1215555,Arachchiwatta,653,652,1305,15
LK1215560,Yagodamulla South,653,652,1305,15
LK1215565,Samurdhigama,653,652,1305,15
LK1215570,Opatha,653,652,1305,15
LK1215575,Kotugoda 2,653,652,1305,15
LK1215580,Kotugoda 1,653,652,1305,15
LK1215585,Maduruvita,653,652,1305,15
LK1215590,Siyambalapitiya,653,652,1305,15
LK1215595,Madelgamuwa West,653,652,1305,15
LK1215600,Thammita West,653,652,1305,15
LK1215605,Thammita,653,652,1305,15
LK1218,Wattala,78974,78974,157948,15
LK1218005,Pamunugama,1717,1717,3434,15
LK1218010,Maha Pamunugama,1717,1716,3433,15
LK1218015,Delathura West,1717,1716,3433,15
LK1218020,Delathura East,1717,1716,3433,15
LK1218025,Bopitiyathuduwa,1717,1716,3433,15
LK1218030,Bopitiya,1717,1716,3433,15
LK1218035,Pulluhena,1717,1716,3433,15
LK1218040,Paranambalama,1717,1716,3433,15
LK1218045,Nugape,1717,1716,3433,15
LK1218050,Kunjawatta,1717,1716,3433,15
LK1218055,Mangulpokuna,1717,1716,3433,15
LK1218060,Elehiwatta,1717,1716,3433,15
LK1218065,Welisara,1717,1716,3433,15
LK1218070,Pattiyawala,1717,1716,3433,15
LK1218075,Uswetakeiyawa,1717,1716,3433,15
LK1218080,Mahabage,1717,1716,3433,15
LK1218085,Elapitiwala,1717,1716,3433,15
LK1218090,Horapethuduwa,1717,1716,3433,15
LK1218095,Horape,1717,1716,3433,15
LK1218100,Kurukulawa North,1717,1716,3433,15
LK1218105,Kurukulawa South,1717,1716,3433,15
LK1218110,Heenkenda,1717,1716,3433,15
LK1218115,Thuduwegedara,1717,1716,3433,15
LK1218120,Galudupita,1717,1716,3433,15
LK1218125,Mattumagala,1717,1716,3433,15
LK1218130,Kerangapokuna,1717,1716,3433,15
LK1218135,Kerawalapitiya,1717,1716,3433,15
LK1218140,Matagoda,1717,1716,3433,15
LK1218145,Balagala,1717,1716,3433,15
LK1218150,Dikovita,1717,1716,3433,15
LK1218155,Palliyawatta North,1717,1716,3433,15
LK1218160,Elakanda,1717,1716,3433,15
LK1218165,Nayakakanda North,1717,1716,3433,15
LK1218170,Mabola,1717,1716,3433,15
LK1218175,Welikadamulla,1717,1716,3433,15
LK1218180,Wattala,1717,1716,3433,15
LK1218185,Hendala North,1717,1716,3433,15
LK1218190,Hendala South,1717,1716,3433,15
LK1218195,Nayakakanda South,1717,1716,3433,15
LK1218200,Thimbirigasyaya,1717,1716,3433,15
LK1218205,Palliyawatta South,1717,1716,3433,15
LK1218210,Kurunduhena,1717,1716,3433,15
LK1218215,Evariwatta,1717,1716,3433,15
LK1218220,Telangapatha,1717,1716,3433,15
LK1218225,Galwetiya,1717,1716,3433,15
LK1218230,Hekitta,1717,1716,3433,15
LK1221,Ja Ela,78974,78974,157948,15
LK1221005,Mahawatta,1386,1386,2772,15
LK1221010,Dandugama,1386,1385,2771,15
LK1221015,Dehiyagatha North,1386,1385,2771,15
LK1221020,Kudahakapola North,1386,1385,2771,15
LK1221025,Gallawatta,1386,1385,2771,15
LK1221030,Ekala,1386,1385,2771,15
LK1221035,Dehiyagatha South,1386,1385,2771,15
LK1221040,Kudahakapola South,1386,1385,2771,15
LK1221045,Ekala Kurunduwatta,1386,1385,2771,15
LK1221050,Vishakawatta,1386,1385,2771,15
LK1221055,Thudella North,1386,1385,2771,15
LK1221060,Thudella West,1386,1385,2771,15
LK1221065,Thudella South,1386,1385,2771,15
LK1221070,Kanuwana,1386,1385,2771,15
LK1221075,Alexendrawatta,1386,1385,2771,15
LK1221080,Bandigoda,1386,1385,2771,15
LK1221085,Yakkaduwa,1386,1385,2771,15
LK1221090,Nivandama North,1386,1385,2771,15
LK1221095,Nivandama South,1386,1385,2771,15
LK1221100,Batagama North,1386,1385,2771,15
LK1221105,Maeliya,1386,1385,2771,15
LK1221110,Ja-Ela,1386,1385,2771,15
LK1221115,Weligampitiya North,1386,1385,2771,15
LK1221120,Indivitiya,1386,1385,2771,15
LK1221125,Wewala,1386,1385,2771,15
LK1221130,Weligampitiya South,1386,1385,2771,15
LK1221135,Thumpeliya,1386,1385,2771,15
LK1221140,Indiminna,1386,1385,2771,15
LK1221145,Dolahena,1386,1385,2771,15
LK1221150,Hapugoda West,1386,1385,2771,15
LK1221155,Kapuwatta,1386,1385,2771,15
LK1221160,Kalaeliya,1386,1385,2771,15
LK1221165,Nedurupitiya,1386,1385,2771,15
LK1221170,Rilavulla,1386,1385,2771,15
LK1221175,Kandana East,1386,1385,2771,15
LK1221180,Kandana West,1386,1385,2771,15
LK1221185,Uswatta,1386,1385,2771,15
LK1221190,Hapugoda Central,1386,1385,2771,15
LK1221195,Batagama South,1386,1385,2771,15
LK1221200,Polpitimookalana,1386,1385,2771,15
LK1221205,Batuwatta West,1386,1385,2771,15
LK1221210,Batuwatta East,1386,1385,2771,15
LK1221215,Walpola East,1386,1385,2771,15
LK1221220,Jayasrigama,1386,1385,2771,15
LK1221225,Hapugoda East,1386,1385,2771,15
LK1221230,Nagoda,1386,1385,2771,15
LK1221235,Jayasamarugama,1386,1385,2771,15
LK1221240,Peralanda,1386,1385,2771,15
LK1221245,Podiveekumbura,1386,1385,2771,15
LK1221250,Walpola West,1386,1385,2771,15
LK1221255,Narangodapaluwa West,1386,1385,2771,15
LK1221260,Narangodapaluwa East,1386,1385,2771,15
LK1221265,Thewatta,1386,1385,2771,15
LK1221270,Ragama,1386,1385,2771,15
LK1221275,Ketagewatta,1386,1385,2771,15
LK1221280,Dambuwa,1386,1385,2771,15
LK1221285,Rampitiya,1386,1385,2771,15
LK1224,Gampaha,78974,78974,157948,15
LK1224005,Makevita North,782,782,1564,15
LK1224010,Makevita South,782,781,1563,15
LK1224015,Mabima,782,781,1563,15
LK1224020,Gonagaha II,782,781,1563,15
LK1224025,Welikada,782,781,1563,15
LK1224030,Gonagaha I,782,781,1563,15
LK1224035,Ambanvita,782,781,1563,15
LK1224040,Kirindivita,782,781,1563,15
LK1224045,Akaravita,782,781,1563,15
LK1224050,Pahalagama,782,781,1563,15
LK1224055,Medagama II,782,781,1563,15
LK1224060,Ihalagama West,782,781,1563,15
LK1224065,Ihalagama East,782,781,1563,15
LK1224070,Gampaha Aluthgama North,782,781,1563,15
LK1224075,Karanekamulla,782,781,1563,15
LK1224080,Baduwathugoda,782,781,1563,15
LK1224085,Boraliyawatha,782,781,1563,15
LK1224090,Thittalapitigoda,782,781,1563,15
LK1224095,Aluthgama Bogamuwa North,782,781,1563,15
LK1224100,Aluthgama Bogamuwa South,782,781,1563,15
LK1224105,Mahipalagoda,782,781,1563,15
LK1224110,Morenna,782,781,1563,15
LK1224115,Weediyawatta,782,781,1563,15
LK1224120,Keselwathugoda North,782,781,1563,15
LK1224125,Indigolla,782,781,1563,15
LK1224130,Gampaha Aluthgama West,782,781,1563,15
LK1224135,Bendiyamulla North,782,781,1563,15
LK1224140,Medagama IV,782,781,1563,15
LK1224145,Medagama III,782,781,1563,15
LK1224150,Medagama I,782,781,1563,15
LK1224155,Oruthota South,782,781,1563,15
LK1224160,Kosovita,782,781,1563,15
LK1224165,Rathmalavita,782,781,1563,15
LK1224170,Makilangamuwa,782,781,1563,15
LK1224175,Horagolla North,782,781,1563,15
LK1224180,Thibbotugoda,782,781,1563,15
LK1224185,Midellavita,782,781,1563,15
LK1224190,Kudabollatha,782,781,1563,15
LK1224195,Bollatha North,782,781,1563,15
LK1224200,Wewel Agara,782,781,1563,15
LK1224205,Bollatha West,782,781,1563,15
LK1224210,Bollatha South,782,781,1563,15
LK1224215,Bulugahagoda West,782,781,1563,15
LK1224220,Bulugahagoda East,782,781,1563,15
LK1224225,Galahitiyawa North,782,781,1563,15
LK1224230,Horagolla South,782,781,1563,15
LK1224235,Neduna,782,781,1563,15
LK1224240,Pahala Yagoda,782,781,1563,15
LK1224245,Oruthota North,782,781,1563,15
LK1224250,Moragoda 1,782,781,1563,15
LK1224255,Bendiyamulla West,782,781,1563,15
LK1224260,Kidagammulla,782,781,1563,15
LK1224265,Bendiyamulla East,782,781,1563,15
LK1224270,Gampaha Aluthgama East,782,781,1563,15
LK1224275,Keselwathugoda South,782,781,1563,15
LK1224280,Yakkala North,782,781,1563,15
LK1224285,Galthotamulla,782,781,1563,15
LK1224290,Yakkala West,782,781,1563,15
LK1224295,Pepolgasdeniya,782,781,1563,15
LK1224300,Yakkala East,782,781,1563,15
LK1224305,Yakkala South,782,781,1563,15
LK1224310,Henarathgoda,782,781,1563,15
LK1224315,Mudungoda West,782,781,1563,15
LK1224320,Moragoda 2,782,781,1563,15
LK1224325,Ihala Yagoda North,782,781,1563,15
LK1224330,Mahena,782,781,1563,15
LK1224335,Ganemulla South,782,781,1563,15
LK1224340,Ganemulla North,782,781,1563,15
LK1224345,Galahitiyawa East,782,781,1563,15
LK1224350,Galahitiyawa South,782,781,1563,15
LK1224355,Kossinna East,782,781,1563,15
LK1224360,Amunugoda North,782,781,1563,15
LK1224365,Ihala Yagoda South,782,781,1563,15
LK1224370,Mudungoda South,782,781,1563,15
LK1224375,Mudungoda North,782,781,1563,15
LK1224380,Godagedara,782,781,1563,15
LK1224385,Rathupaswala,782,781,1563,15
LK1224390,Galloluwa,782,781,1563,15
LK1224395,Belummahara,782,781,1563,15
LK1224400,Ihala Imbulgoda North,782,781,1563,15
LK1224405,Ihala Imbulgoda South,782,781,1563,15
LK1224410,Pahala Imbulgoda South,782,781,1563,15
LK1224415,Pahala Imbulgoda West,782,781,1563,15
LK1224420,Amunugoda South,782,781,1563,15
LK1224425,Parakandeniya North 1,782,781,1563,15
LK1224430,Kossinna West 1,782,781,1563,15
LK1224435,Katuwalamulla North,782,781,1563,15
LK1224440,Kossinna West 2,782,781,1563,15
LK1224445,Katuwalamulla South,782,781,1563,15
LK1224450,Parakandeniya North 2,782,781,1563,15
LK1224455,Parakandeniya,782,781,1563,15
LK1224460,Pahala Imbulgoda East,782,781,1563,15
LK1224465,Embaraluwa North 2,782,781,1563,15
LK1224470,Embaraluwa North 1,782,781,1563,15
LK1224475,Weliweriya West,782,781,1563,15
LK1224480,Nedungamuwa,782,781,1563,15
LK1224485,Weliweriya East,782,781,1563,15
LK1224490,Weliweriya North,782,781,1563,15
LK1224495,Weliweriya South,782,781,1563,15
LK1224500,Embaraluwa South 1,782,781,1563,15
LK1224505,Embaraluwa South 2,782,781,1563,15
LK1227,Attanagalla,78974,78974,157948,15
LK1227005,Eluwapitiya West,524,523,1047,15
LK1227010,Eluwapitiya,523,523,1046,15
LK1227015,Hiripitiya West,523,523,1046,15
LK1227020,Hiripitiya North,523,523,1046,15
LK1227025,Hiripitiya Central,523,523,1046,15
LK1227030,Hiripitiya East,523,523,1046,15
LK1227035,Thalgasmote West,523,523,1046,15
LK1227040,Thalgasmote,523,523,1046,15
LK1227045,Thalgasmote East,523,523,1046,15
LK1227050,Udammita,523,523,1046,15
LK1227055,Humbutiyawa West,523,523,1046,15
LK1227060,Humbutiyawa,523,523,1046,15
LK1227065,Parana Veyangoda,523,523,1046,15
LK1227070,Kongasdeniya,523,523,1046,15
LK1227075,Wedagama,523,523,1046,15
LK1227080,Kalalpitiya,523,523,1046,15
LK1227085,Nawagamuwa,523,523,1046,15
LK1227090,Napagoda,523,523,1046,15
LK1227095,Nittambuwa South,523,523,1046,15
LK1227100,Nittambuwa North,523,523,1046,15
LK1227105,Nittambuwa East,523,523,1046,15
LK1227110,Kolawatta,523,523,1046,15
LK1227115,Pattalagedara East,523,523,1046,15
LK1227120,Pattalagedara,523,523,1046,15
LK1227125,Hiripitiya South,523,523,1046,15
LK1227130,Wataddara,523,523,1046,15
LK1227135,Wataddara West,523,523,1046,15
LK1227140,Magalegoda,523,523,1046,15
LK1227145,Magalegoda South,523,523,1046,15
LK1227150,Heendeniya,523,523,1046,15
LK1227155,Pattigoda,523,523,1046,15
LK1227160,Wataddara South,523,523,1046,15
LK1227165,Hiripitiya Pahala,523,523,1046,15
LK1227170,Danvilana,523,523,1046,15
LK1227175,Dadagamuwa East,523,523,1046,15
LK1227180,Pinnagolla,523,523,1046,15
LK1227185,Egoda Nittambuwa,523,523,1046,15
LK1227190,Horagollagama,523,523,1046,15
LK1227195,Nambadaluwa West,523,523,1046,15
LK1227200,Nambadaluwa East,523,523,1046,15
LK1227205,Ranpokunagama A Zone,523,523,1046,15
LK1227210,Ellakkala West,523,523,1046,15
LK1227215,Maimbula,523,523,1046,15
LK1227220,Ranpokunagama,523,523,1046,15
LK1227225,Ranpokunagama D Zone,523,523,1046,15
LK1227230,Ranpokunagama C Zone,523,523,1046,15
LK1227235,Ranpokunagama B Zone,523,523,1046,15
LK1227240,Maduwegedara,523,523,1046,15
LK1227245,Yatiyana,523,523,1046,15
LK1227250,Orchardwatta North,523,523,1046,15
LK1227255,Malwatta,523,523,1046,15
LK1227260,Thihariya North,523,523,1046,15
LK1227265,Katuwasgoda West,523,523,1046,15
LK1227270,Katuwasgoda,523,523,1046,15
LK1227275,Dadagamuwa,523,523,1046,15
LK1227280,Mudagamuwa,523,523,1046,15
LK1227285,Bandarabatawala,523,523,1046,15
LK1227290,Pitiyegedara,523,523,1046,15
LK1227295,Daraluwa,523,523,1046,15
LK1227300,Bemmulla,523,523,1046,15
LK1227305,Kandaoluwawa,523,523,1046,15
LK1227310,Raniswala,523,523,1046,15
LK1227315,Sapugasthenna,523,523,1046,15
LK1227320,Thiriwanegama South,523,523,1046,15
LK1227325,Thiriwanegama North,523,523,1046,15
LK1227330,Halgampitiya,523,523,1046,15
LK1227335,Kalagedihena,523,523,1046,15
LK1227340,Thihariyagama,523,523,1046,15
LK1227345,Thihariya East,523,523,1046,15
LK1227350,Kalotuwawa,523,523,1046,15
LK1227355,Kattota,523,523,1046,15
LK1227360,Orchardwatta South,523,523,1046,15
LK1227365,Bogoda,523,523,1046,15
LK1227370,Mathalana West,523,523,1046,15
LK1227375,Wathupitiwala,523,523,1046,15
LK1227380,Walpola,523,523,1046,15
LK1227385,Haggalla,523,523,1046,15
LK1227390,Ellakkala,523,523,1046,15
LK1227395,Godagama West,523,523,1046,15
LK1227400,Godagama,523,523,1046,15
LK1227405,Welikadamulla,523,523,1046,15
LK1227410,Karasnagala,523,523,1046,15
LK1227415,Alawala North,523,523,1046,15
LK1227420,Etha Udakanda,523,523,1046,15
LK1227425,Alawala South,523,523,1046,15
LK1227430,Nikahetikanda,523,523,1046,15
LK1227435,Karasnagala South,523,523,1046,15
LK1227440,Palkumbura,523,523,1046,15
LK1227445,Pelpita,523,523,1046,15
LK1227450,Walaliyadda,523,523,1046,15
LK1227455,Haggalla East,523,523,1046,15
LK1227460,Diyakade,523,523,1046,15
LK1227465,Welagedara,523,523,1046,15
LK1227470,Kamburagalla,523,523,1046,15
LK1227475,Mathalana North,523,523,1046,15
LK1227480,Mathalana,523,523,1046,15
LK1227485,Meewala,523,523,1046,15
LK1227490,Kittammahara,523,523,1046,15
LK1227495,Thihariya South,523,523,1046,15
LK1227500,Pahala Thihariya,523,523,1046,15
LK1227505,Thihariya West,523,523,1046,15
LK1227510,Bogamuwa,523,523,1046,15
LK1227515,Mangalathiriya,523,523,1046,15
LK1227520,Pilankada,523,523,1046,15
LK1227525,Bonegala,523,523,1046,15
LK1227530,Meewala West,523,523,1046,15
LK1227535,Udugoda West,523,523,1046,15
LK1227540,Mathalana East,523,523,1046,15
LK1227545,Udugoda,523,523,1046,15
LK1227550,Pannila,523,523,1046,15
LK1227555,Hunupola,523,523,1046,15
LK1227560,Halpandeniya,523,523,1046,15
LK1227565,Urapola,523,523,1046,15
LK1227570,Wanduramulla,523,523,1046,15
LK1227575,Deenapamunuwa West,523,523,1046,15
LK1227580,Deenapamunuwa,523,523,1046,15
LK1227585,Yatawaka,523,523,1046,15
LK1227590,Sapugasthenna,523,523,1046,15
LK1227595,Bopagama,523,523,1046,15
LK1227600,Bopagama East,523,523,1046,15
LK1227605,Meevitigammana,523,523,1046,15
LK1227610,Bopetta South,523,523,1046,15
LK1227615,Bopetta,523,523,1046,15
LK1227620,Nagoda,523,523,1046,15
LK1227625,Kurawalana,523,523,1046,15
LK1227630,Kahatovita,523,523,1046,15
LK1227635,Kahatovita West,523,523,1046,15
LK1227640,Ogodapola North,523,523,1046,15
LK1227645,Ogodapola,523,523,1046,15
LK1227650,Kahambilihena,523,523,1046,15
LK1227655,Udatuttiripitiya,523,523,1046,15
LK1227660,Mattagoda,523,523,1046,15
LK1227665,Weerangula,523,523,1046,15
LK1227670,Weerangula South,523,523,1046,15
LK1227675,Koskandawala North,523,523,1046,15
LK1227680,Kirikittamulla,523,523,1046,15
LK1227685,Kirikittamulla South,523,523,1046,15
LK1227690,Koskandawala,523,523,1046,15
LK1227695,Opathella,523,523,1046,15
LK1227700,Paranagama,523,523,1046,15
LK1227705,Paranagama East,523,523,1046,15
LK1227710,Aruppassa,523,523,1046,15
LK1227715,Madakotuwa West,523,523,1046,15
LK1227720,Madakotuwa,523,523,1046,15
LK1227725,Rathambale,523,523,1046,15
LK1227730,Walgammulla,523,523,1046,15
LK1227735,Ruwanpura,523,523,1046,15
LK1227740,Lavulupitiya,523,523,1046,15
LK1227745,Galboda,523,523,1046,15
LK1227750,Dematalanda,523,523,1046,15
LK1227755,Happitiya,523,523,1046,15
LK1230,Dompe,78974,78974,157948,15
LK1230005,Maryland Colony,594,594,1188,15
LK1230010,Indurugalla,594,593,1187,15
LK1230015,Wathurugama,594,593,1187,15
LK1230020,Bandaranayakapura West,594,593,1187,15
LK1230025,Bandaranayakapura East,594,593,1187,15
LK1230030,Mailawalana,594,593,1187,15
LK1230035,Mailawalana South,594,593,1187,15
LK1230040,Thimbirigama,594,593,1187,15
LK1230045,Mahal Loluwa,594,593,1187,15
LK1230050,Millathe Ihala,594,593,1187,15
LK1230055,Pingamuwa,594,593,1187,15
LK1230060,Pahala Millathe,594,593,1187,15
LK1230065,Millathe,594,593,1187,15
LK1230070,Kirindiwela,594,593,1187,15
LK1230075,Bogahawatta,594,593,1187,15
LK1230080,Rambutanwatta,594,593,1187,15
LK1230085,Etambagahawatta,594,593,1187,15
LK1230090,Kannimahara,594,593,1187,15
LK1230095,Radawana North,594,593,1187,15
LK1230100,Palupelpita,594,593,1187,15
LK1230105,Kithulakanda,594,593,1187,15
LK1230110,Radawana South,594,593,1187,15
LK1230115,Alliyawatta,594,593,1187,15
LK1230120,Diyawala North,594,593,1187,15
LK1230125,Diyawala,594,593,1187,15
LK1230130,Meddegama,594,593,1187,15
LK1230135,Udagama,594,593,1187,15
LK1230140,Vihara Kumbura,594,593,1187,15
LK1230145,Kuttivila,594,593,1187,15
LK1230150,Thalgaswatta,594,593,1187,15
LK1230155,Kendagolla,594,593,1187,15
LK1230160,Udawela,594,593,1187,15
LK1230165,Kirimetiyawatta,594,593,1187,15
LK1230170,Hiswella,594,593,1187,15
LK1230175,Kiriwana,594,593,1187,15
LK1230180,Meddegama North,594,593,1187,15
LK1230185,Meddegama South,594,593,1187,15
LK1230190,Werahera,594,593,1187,15
LK1230195,Pallegama South,594,593,1187,15
LK1230200,Pallegama,594,593,1187,15
LK1230205,Anuragoda,594,593,1187,15
LK1230210,Weralugampala,594,593,1187,15
LK1230215,Nedungolla South,594,593,1187,15
LK1230220,Nedungolla,594,593,1187,15
LK1230225,Nandarama Pedesa,594,593,1187,15
LK1230230,Mandawala North,594,593,1187,15
LK1230235,Mawatha,594,593,1187,15
LK1230240,Parakadamulla,594,593,1187,15
LK1230245,Nakandapola,594,593,1187,15
LK1230250,Keragala,594,593,1187,15
LK1230255,Weliketiyawatta,594,593,1187,15
LK1230260,Kurunduhena,594,593,1187,15
LK1230265,Baduwatta,594,593,1187,15
LK1230270,Mandawala South,594,593,1187,15
LK1230275,Anuragoda South,594,593,1187,15
LK1230280,Walpola,594,593,1187,15
LK1230285,Pepiliyawala,594,593,1187,15
LK1230290,Ganihigama North,594,593,1187,15
LK1230295,Watawala,594,593,1187,15
LK1230300,Meethirigala,594,593,1187,15
LK1230305,Polhena,594,593,1187,15
LK1230310,Ganihigama South,594,593,1187,15
LK1230315,Dangalla North,594,593,1187,15
LK1230320,Meniklanda,594,593,1187,15
LK1230325,Pelpita,594,593,1187,15
LK1230330,Punchi Mandawala,594,593,1187,15
LK1230335,Waharaka,594,593,1187,15
LK1230340,Putupagala,594,593,1187,15
LK1230345,Walaramba,594,593,1187,15
LK1230350,Demalagama,594,593,1187,15
LK1230355,Helummahara,594,593,1187,15
LK1230360,Pananwala,594,593,1187,15
LK1230365,Egoda Pelahela,594,593,1187,15
LK1230370,Pelahela,594,593,1187,15
LK1230375,Madurawa,594,593,1187,15
LK1230380,Kajugaswatta,594,593,1187,15
LK1230385,Ihala Lunugama,594,593,1187,15
LK1230390,Meegahawatta,594,593,1187,15
LK1230395,Yakambe,594,593,1187,15
LK1230400,Pattiyagama,594,593,1187,15
LK1230405,Dangalla,594,593,1187,15
LK1230410,Ranwala,594,593,1187,15
LK1230415,Wedagama,594,593,1187,15
LK1230420,Udugama,594,593,1187,15
LK1230425,Udakanampella South,594,593,1187,15
LK1230430,Udakanampella,594,593,1187,15
LK1230435,Senasungoda,594,593,1187,15
LK1230440,Poogoda,594,593,1187,15
LK1230445,Bangalawatta,594,593,1187,15
LK1230450,Kumarimulla,594,593,1187,15
LK1230455,Ovitigama,594,593,1187,15
LK1230460,Parathapakanda,594,593,1187,15
LK1230465,Dethemulla,594,593,1187,15
LK1230470,Pahala Lunugama,594,593,1187,15
LK1230475,Wanaluwawa North,594,593,1187,15
LK1230480,Thelkekuna,594,593,1187,15
LK1230485,Indolamulla,594,593,1187,15
LK1230490,Parangoda,594,593,1187,15
LK1230495,Namaluwa,594,593,1187,15
LK1230500,Dekatana,594,593,1187,15
LK1230505,Narampola,594,593,1187,15
LK1230510,Kalukondayawa West,594,593,1187,15
LK1230515,Kalukondayawa East,594,593,1187,15
LK1230520,Galwalagoda,594,593,1187,15
LK1230525,Ganegoda,594,593,1187,15
LK1230530,Dompe,594,593,1187,15
LK1230535,Iddamaldeniya,594,593,1187,15
LK1230540,Guruwala,594,593,1187,15
LK1230545,Egoda Guruwala,594,593,1187,15
LK1230550,Wanaluwawa South,594,593,1187,15
LK1230555,Giridara West,594,593,1187,15
LK1230560,Galpothugoda,594,593,1187,15
LK1230565,Nikawala,594,593,1187,15
LK1230570,Kapugoda,594,593,1187,15
LK1230575,Giridara,594,593,1187,15
LK1230580,Malinda East,594,593,1187,15
LK1230585,Malinda,594,593,1187,15
LK1230590,Palugama,594,593,1187,15
LK1230595,Degawatta,594,593,1187,15
LK1230600,Pahala Dompe,594,593,1187,15
LK1230605,Malwana,594,593,1187,15
LK1230610,Pahala Mapitigama,594,593,1187,15
LK1230615,Morahena,594,593,1187,15
LK1230620,Kimbulvilawatta,594,593,1187,15
LK1230625,Udamapitigama,594,593,1187,15
LK1230630,Udamapitigama South,594,593,1187,15
LK1230635,Palugama West,594,593,1187,15
LK1230640,Welgama,594,593,1187,15
LK1230645,Lansiyahena,594,593,1187,15
LK1230650,Samanabedda North,594,593,1187,15
LK1230655,Mahawalawatta,594,593,1187,15
LK1230660,Thittapattara,594,593,1187,15
LK1230665,Samanabedda,594,593,1187,15
LK1233,Mahara,78974,78974,157948,15
LK1233005,Kimbulgoda,859,858,1717,15
LK1233010,Pituwalgoda,858,858,1716,15
LK1233015,Kinigama,858,858,1716,15
LK1233020,Maharagama,858,858,1716,15
LK1233025,Siwralumulla,858,858,1716,15
LK1233030,Pilikuttuwa,858,858,1716,15
LK1233035,Yongammulla,858,858,1716,15
LK1233040,Ambagaspitiya,858,858,1716,15
LK1233045,Warapalana,858,858,1716,15
LK1233050,Kandumulla,858,858,1716,15
LK1233055,Pasgammana,858,858,1716,15
LK1233060,Maligathenna,858,858,1716,15
LK1233065,Batepola North,858,858,1716,15
LK1233070,Batepola,858,858,1716,15
LK1233075,Amunukumbura,858,858,1716,15
LK1233080,Malwathuhiripitiya,858,858,1716,15
LK1233085,Buthpitiya North,858,858,1716,15
LK1233090,Uruwala East,858,858,1716,15
LK1233095,Uruwala West,858,858,1716,15
LK1233100,Buthpitiya South,858,858,1716,15
LK1233105,Neelamahara North,858,858,1716,15
LK1233110,Neelamahara South,858,858,1716,15
LK1233115,Aramangoda North,858,858,1716,15
LK1233120,Puwakpitiya,858,858,1716,15
LK1233125,Amunukumbura South,858,858,1716,15
LK1233130,Balivila,858,858,1716,15
LK1233135,Vilimbula North,858,858,1716,15
LK1233140,Vilimbula South,858,858,1716,15
LK1233145,Aramangoda,858,858,1716,15
LK1233150,Kahatana,858,858,1716,15
LK1233155,Henegama,858,858,1716,15
LK1233160,Etikehelgalla East,858,858,1716,15
LK1233165,Etikehelgalla West,858,858,1716,15
LK1233170,Kirikitta North,858,858,1716,15
LK1233175,Kirikitta East,858,858,1716,15
LK1233180,Kirikitta West,858,858,1716,15
LK1233185,Ahugammana,858,858,1716,15
LK1233190,Naranwala South,858,858,1716,15
LK1233195,Naranwala,858,858,1716,15
LK1233200,Udupila East,858,858,1716,15
LK1233205,Udupila South,858,858,1716,15
LK1233210,Udupila North,858,858,1716,15
LK1233215,Webada South,858,858,1716,15
LK1233220,Webada North,858,858,1716,15
LK1233225,Webada West,858,858,1716,15
LK1233230,Kirillawala North,858,858,1716,15
LK1233235,Kirillawala,858,858,1716,15
LK1233240,Kirillawala West,858,858,1716,15
LK1233245,Sooriyapaluwa North,858,858,1716,15
LK1233250,Kendaliyeddapaluwa East,858,858,1716,15
LK1233255,Kendaliyeddapaluwa North,858,858,1716,15
LK1233260,Dangahawela,858,858,1716,15
LK1233265,Kendaliyeddapaluwa West,858,858,1716,15
LK1233270,Mahara Nugegoda North,858,858,1716,15
LK1233275,Mahara Nugegoda West,858,858,1716,15
LK1233280,Mahara Nugegoda East,858,858,1716,15
LK1233285,Sooriyapaluwa East,858,858,1716,15
LK1233290,Sooriyapaluwa South,858,858,1716,15
LK1233295,Rammuthugala,858,858,1716,15
LK1233300,Kirillawala South,858,858,1716,15
LK1233305,Webada East,858,858,1716,15
LK1233310,Gonahena East,858,858,1716,15
LK1233315,Gonahena North,858,858,1716,15
LK1233320,Gonahena South,858,858,1716,15
LK1233325,Gonahena West,858,858,1716,15
LK1233330,Eldeniya East,858,858,1716,15
LK1233335,Eldeniya West,858,858,1716,15
LK1233340,Puwakwetiya,858,858,1716,15
LK1233345,Ihala Karagahamuna South,858,858,1716,15
LK1233350,Ihala Karagahamuna East,858,858,1716,15
LK1233355,Ihala Karagahamuna North,858,858,1716,15
LK1233360,Mahara Nugegoda South,858,858,1716,15
LK1233365,Neligama,858,858,1716,15
LK1233370,Pahala Karagahamuna North,858,858,1716,15
LK1233375,Pahala Karagahamuna East,858,858,1716,15
LK1233380,Pahala Karagahamuna West,858,858,1716,15
LK1233385,Kopiwatta,858,858,1716,15
LK1233390,Dalupitiya East,858,858,1716,15
LK1233395,Kirimetiyagara,858,858,1716,15
LK1233400,Dalupitiya South,858,858,1716,15
LK1233405,Dalupitiya West,858,858,1716,15
LK1233410,Pinnameda West,858,858,1716,15
LK1233415,Gongithota,858,858,1716,15
LK1233420,Appugewatta,858,858,1716,15
LK1233425,Gongithota West,858,858,1716,15
LK1233430,Enderamulla South,858,858,1716,15
LK1233435,Enderamulla East,858,858,1716,15
LK1233440,Pinnameda,858,858,1716,15
LK1233445,Nathuduwa,858,858,1716,15
LK1233450,Enderamulla West,858,858,1716,15
LK1233455,Nathuduwa West,858,858,1716,15
LK1233460,Akbar Town,858,858,1716,15
LK1236,Kelaniya,78974,78974,157948,15
LK1236005,Welegoda,2135,2134,4269,15
LK1236010,Hunupitiya North,2134,2134,4268,15
LK1236015,Nahena,2134,2134,4268,15
LK1236020,Eriyawetiya,2134,2134,4268,15
LK1236025,Kiribathgoda,2134,2134,4268,15
LK1236030,Thalawathuhenpita North,2134,2134,4268,15
LK1236035,Thalawathuhenpita South,2134,2134,4268,15
LK1236040,Kendahena,2134,2134,4268,15
LK1236045,Egoda Eriyawetiya,2134,2134,4268,15
LK1236050,Hunupitiya East,2134,2134,4268,15
LK1236055,Hunupitiya South,2134,2134,4268,15
LK1236060,Wanawasala West,2134,2134,4268,15
LK1236065,Wanawasala East,2134,2134,4268,15
LK1236070,Dippitigoda,2134,2134,4268,15
LK1236075,Weweldoowa,2134,2134,4268,15
LK1236080,Warakanatta,2134,2134,4268,15
LK1236085,Koholvila,2134,2134,4268,15
LK1236090,Dalugamgoda,2134,2134,4268,15
LK1236095,Nungamugoda,2134,2134,4268,15
LK1236100,Dalugama,2134,2134,4268,15
LK1236105,Himbutuwelgoda,2134,2134,4268,15
LK1236110,Pattiya East,2134,2134,4268,15
LK1236115,Pattiya North,2134,2134,4268,15
LK1236120,Meegahawatta,2134,2134,4268,15
LK1236125,Peliyagodawatta,2134,2134,4268,15
LK1236130,Peliyagoda Gangabada,2134,2134,4268,15
LK1236135,Peliyagoda Gangabada East,2134,2134,4268,15
LK1236140,Pattiya West,2134,2134,4268,15
LK1236145,Wedamulla,2134,2134,4268,15
LK1236150,Galborella,2134,2134,4268,15
LK1236155,Polhena,2134,2134,4268,15
LK1236160,Kelaniya,2134,2134,4268,15
LK1236165,Sinharamulla North,2134,2134,4268,15
LK1236170,Pilapitiya,2134,2134,4268,15
LK1236175,Pethiyagoda,2134,2134,4268,15
LK1236180,Mewella,2134,2134,4268,15
LK1236185,Sinharamulla,2134,2134,4268,15
LK1239,Biyagama,78974,78974,157948,15
LK1239005,Pahala Biyanvila East,1612,1612,3224,15
LK1239010,Ihala Biyanvila North,1612,1611,3223,15
LK1239015,Ihala Biyanvila Central,1612,1611,3223,15
LK1239020,Mawaramandiya,1612,1611,3223,15
LK1239025,Meegahawatta West,1612,1611,3223,15
LK1239030,Meegahawatta East,1612,1611,3223,15
LK1239035,Kammalwatta,1612,1611,3223,15
LK1239040,Delgoda,1612,1611,3223,15
LK1239045,Athurumulla,1612,1611,3223,15
LK1239050,Kanduboda East,1612,1611,3223,15
LK1239055,Kanduboda West,1612,1611,3223,15
LK1239060,Siyambalape Watta,1612,1611,3223,15
LK1239065,Daranagama,1612,1611,3223,15
LK1239070,Siyambalape North,1612,1611,3223,15
LK1239075,Heiyanthuduwa North,1612,1611,3223,15
LK1239080,Makola South Ihala,1612,1611,3223,15
LK1239085,Makola North Ihala,1612,1611,3223,15
LK1239090,Makola North Central,1612,1611,3223,15
LK1239095,Pahala Biyanvila West,1612,1611,3223,15
LK1239100,Pahala Biyanvila Central,1612,1611,3223,15
LK1239105,Makola North Pahala,1612,1611,3223,15
LK1239110,Makola South Pahala,1612,1611,3223,15
LK1239115,Pamunuvila,1612,1611,3223,15
LK1239120,Gonawala East,1612,1611,3223,15
LK1239125,Sapugaskanda,1612,1611,3223,15
LK1239130,Heiyanthuduwa West,1612,1611,3223,15
LK1239135,Heiyanthuduwa East,1612,1611,3223,15
LK1239140,Siyambalape South,1612,1611,3223,15
LK1239145,Yatihena,1612,1611,3223,15
LK1239150,Ulahitiwala,1612,1611,3223,15
LK1239155,Walgama West,1612,1611,3223,15
LK1239160,Biyagama North,1612,1611,3223,15
LK1239165,Biyagama West,1612,1611,3223,15
LK1239170,Heiyanthuduwa South,1612,1611,3223,15
LK1239175,Mabima East,1612,1611,3223,15
LK1239180,Mabima West,1612,1611,3223,15
LK1239185,Pattivila North,1612,1611,3223,15
LK1239190,Gonawala Central,1612,1611,3223,15
LK1239195,Galedanda,1612,1611,3223,15
LK1239200,Gonawala West,1612,1611,3223,15
LK1239205,Thalwatta,1612,1611,3223,15
LK1239210,Bollegala,1612,1611,3223,15
LK1239215,Pattivila South,1612,1611,3223,15
LK1239220,Biyagama South,1612,1611,3223,15
LK1239225,Biyagama East,1612,1611,3223,15
LK1239230,Yabaraluwa North,1612,1611,3223,15
LK1239235,Yabaraluwa South,1612,1611,3223,15
LK1239240,Malwana Town,1612,1611,3223,15
LK1239245,Walgama East,1612,1611,3223,15
LK13,Kalutara,1026666,1026666,2053332,15
LK1303,Panadura,73334,73333,146667,15
LK1303005,Horethuduwa North,1019,1019,2038,15
LK1303010,Horethuduwa,1019,1018,2037,15
LK1303015,Horethuduwa Central,1019,1018,2037,15
LK1303020,Horethuduwa South,1019,1018,2037,15
LK1303025,Gorakana,1019,1018,2037,15
LK1303030,Gorakana South,1019,1018,2037,15
LK1303035,Paratta West,1019,1018,2037,15
LK1303040,Paratta,1019,1018,2037,15
LK1303045,Diggala,1019,1018,2037,15
LK1303050,Keselwatta,1019,1018,2037,15
LK1303055,Sarikkamulla,1019,1018,2037,15
LK1303060,Henamulla,1019,1018,2037,15
LK1303065,Wattalpola,1019,1018,2037,15
LK1303070,Miriyawatta,1019,1018,2037,15
LK1303075,Thotawatta,1019,1018,2037,15
LK1303080,Werawatta,1019,1018,2037,15
LK1303085,Pallimulla,1019,1018,2037,15
LK1303090,Gorakapola,1019,1018,2037,15
LK1303095,Walana North,1019,1018,2037,15
LK1303100,Ambalanduwa,1019,1018,2037,15
LK1303105,Galthude North,1019,1018,2037,15
LK1303110,Galthude,1019,1018,2037,15
LK1303115,Hirana West,1019,1018,2037,15
LK1303120,Hirana,1019,1018,2037,15
LK1303125,Thanthirimulla East,1019,1018,2037,15
LK1303130,Thanthirimulla,1019,1018,2037,15
LK1303135,Bekkegama,1019,1018,2037,15
LK1303140,Walana South,1019,1018,2037,15
LK1303145,Walana,1019,1018,2037,15
LK1303150,Udahamulla,1019,1018,2037,15
LK1303155,Punchideniya,1019,1018,2037,15
LK1303160,Malamulla West,1019,1018,2037,15
LK1303165,Kiriberiya,1019,1018,2037,15
LK1303170,Malamulla,1019,1018,2037,15
LK1303175,Kuruppumulla,1019,1018,2037,15
LK1303180,Etambagoda,1019,1018,2037,15
LK1303185,Pattiya North,1019,1018,2037,15
LK1303190,Bazaar North,1019,1018,2037,15
LK1303195,Sagara Place,1019,1018,2037,15
LK1303200,Bazaar West,1019,1018,2037,15
LK1303205,Bazaar,1019,1018,2037,15
LK1303210,Walapala Pattiya,1019,1018,2037,15
LK1303215,Walapala,1019,1018,2037,15
LK1303220,Eluvila,1019,1018,2037,15
LK1303225,Wekada East,1019,1018,2037,15
LK1303230,Wekada North,1019,1018,2037,15
LK1303235,Wekada West,1019,1018,2037,15
LK1303240,Pattiya,1019,1018,2037,15
LK1303245,Uyankele,1019,1018,2037,15
LK1303250,Pattiya South,1019,1018,2037,15
LK1303255,Kaludewala,1019,1018,2037,15
LK1303260,Kaludewala East,1019,1018,2037,15
LK1303265,Moravinna,1019,1018,2037,15
LK1303270,Nallooruwa North,1019,1018,2037,15
LK1303275,Nallooruwa,1019,1018,2037,15
LK1303280,Dibbedda,1019,1018,2037,15
LK1303285,Dibbedda North,1019,1018,2037,15
LK1303290,Narampitiya,1019,1018,2037,15
LK1303295,Pinwatta,1019,1018,2037,15
LK1303300,Pinwatta West,1019,1018,2037,15
LK1303305,Thalpitiya North,1019,1018,2037,15
LK1303310,Thalpitiya South,1019,1018,2037,15
LK1303315,Pallimankada,1019,1018,2037,15
LK1303320,Wadduwa West,1019,1018,2037,15
LK1303325,Wadduwa East,1019,1018,2037,15
LK1303330,Maha Wadduwa,1019,1018,2037,15
LK1303335,Pattieliya,1019,1018,2037,15
LK1303340,Kuda Wadduwa,1019,1018,2037,15
LK1303345,Wadduwa South,1019,1018,2037,15
LK1303350,Molligoda,1019,1018,2037,15
LK1303355,Molligoda North,1019,1018,2037,15
LK1303360,Molligoda South,1019,1018,2037,15
LK1306,Bandaragama,73333,73333,146666,15
LK1306005,Kidelpitiya West,1243,1243,2486,15
LK1306010,Kidelpitiya East,1243,1242,2485,15
LK1306015,Senapura,1243,1242,2485,15
LK1306020,Newdawa,1243,1242,2485,15
LK1306025,Aluthgama,1243,1242,2485,15
LK1306030,Alothiyawa,1243,1242,2485,15
LK1306035,Walgama North,1243,1242,2485,15
LK1306040,Rerukana,1243,1242,2485,15
LK1306045,Samaranayakapura,1243,1242,2485,15
LK1306050,Kothalawala,1243,1242,2485,15
LK1306055,Veedagama East,1243,1242,2485,15
LK1306060,Walgama South,1243,1242,2485,15
LK1306065,Gammanpila,1243,1242,2485,15
LK1306070,Medagama,1243,1242,2485,15
LK1306075,Alubomulla East,1243,1242,2485,15
LK1306080,Kuda Aruggoda East,1243,1242,2485,15
LK1306085,Maha Aruggoda,1243,1242,2485,15
LK1306090,Kuda Aruggoda West,1243,1242,2485,15
LK1306095,Batadombathuduwa,1243,1242,2485,15
LK1306100,Miriswatta,1243,1242,2485,15
LK1306105,Wanduramulla West,1243,1242,2485,15
LK1306110,Pinwala East,1243,1242,2485,15
LK1306115,Pinwala West,1243,1242,2485,15
LK1306120,Wanduramulla East,1243,1242,2485,15
LK1306125,Mahavila,1243,1242,2485,15
LK1306130,Pamunugama,1243,1242,2485,15
LK1306135,Alubomulla West,1243,1242,2485,15
LK1306140,Rambukkana North,1243,1242,2485,15
LK1306145,Kamburugoda West,1243,1242,2485,15
LK1306150,Kamburugoda East,1243,1242,2485,15
LK1306155,Veedagama West,1243,1242,2485,15
LK1306160,Gelanigama,1243,1242,2485,15
LK1306165,Raigama South,1243,1242,2485,15
LK1306170,Raigama West,1243,1242,2485,15
LK1306175,Raigama East,1243,1242,2485,15
LK1306180,Raigama North,1243,1242,2485,15
LK1306185,Kolamediriya North,1243,1242,2485,15
LK1306190,Bandaragama East,1243,1242,2485,15
LK1306195,Bandaragama,1243,1242,2485,15
LK1306200,Rambukkana South,1243,1242,2485,15
LK1306205,Bolgoda,1243,1242,2485,15
LK1306210,Mahabellana,1243,1242,2485,15
LK1306215,Imbulliha,1243,1242,2485,15
LK1306220,Diganathuduwa,1243,1242,2485,15
LK1306225,Madupitiya,1243,1242,2485,15
LK1306230,Mahawatta,1243,1242,2485,15
LK1306235,Bandaragama West,1243,1242,2485,15
LK1306240,Yatiyana,1243,1242,2485,15
LK1306245,Wevita,1243,1242,2485,15
LK1306250,Atulugama East,1243,1242,2485,15
LK1306255,Panape,1243,1242,2485,15
LK1306260,Galgemandiya,1243,1242,2485,15
LK1306265,Atulugama West,1243,1242,2485,15
LK1306270,Bamunumulla (Muslim),1243,1242,2485,15
LK1306275,Bamunumulla,1243,1242,2485,15
LK1306280,Epitamulla,1243,1242,2485,15
LK1306285,Korawala,1243,1242,2485,15
LK1306290,Bogahawatta,1243,1242,2485,15
LK1306295,Kimmanthudawa,1243,1242,2485,15
LK1309,Horana,73333,73333,146666,15
LK1309005,Kotigamgoda,1203,1202,2405,15
LK1309010,Pahala Millewa North,1202,1202,2404,15
LK1309015,Pahala Millewa South,1202,1202,2404,15
LK1309020,Ihala Millewa North,1202,1202,2404,15
LK1309025,Ihala Millewa South,1202,1202,2404,15
LK1309030,Thalagala East,1202,1202,2404,15
LK1309035,Thalagala North,1202,1202,2404,15
LK1309040,Thalagala West,1202,1202,2404,15
LK1309045,Olaboduwa North,1202,1202,2404,15
LK1309050,Koralaima,1202,1202,2404,15
LK1309055,Godigamuwa East,1202,1202,2404,15
LK1309060,Halapitiya,1202,1202,2404,15
LK1309065,Welmilla,1202,1202,2404,15
LK1309070,Godigamuwa West,1202,1202,2404,15
LK1309075,Palannoruwa,1202,1202,2404,15
LK1309080,Olaboduwa South,1202,1202,2404,15
LK1309085,Olaboduwa East,1202,1202,2404,15
LK1309090,Thalagala South,1202,1202,2404,15
LK1309095,Pannila,1202,1202,2404,15
LK1309100,Kahatapitiya,1202,1202,2404,15
LK1309105,Uduwa North,1202,1202,2404,15
LK1309110,Kidelpitiya,1202,1202,2404,15
LK1309115,Gorokgoda,1202,1202,2404,15
LK1309120,Dambara,1202,1202,2404,15
LK1309125,Handupelpola,1202,1202,2404,15
LK1309130,Kuda Uduwa,1202,1202,2404,15
LK1309135,Maha Uduwa,1202,1202,2404,15
LK1309140,Kananvila North,1202,1202,2404,15
LK1309145,Batuvita North,1202,1202,2404,15
LK1309150,Kumbuka East,1202,1202,2404,15
LK1309155,Kumbuka South,1202,1202,2404,15
LK1309160,Kumbuka North,1202,1202,2404,15
LK1309165,Kumbuka West,1202,1202,2404,15
LK1309170,Pokunuvita,1202,1202,2404,15
LK1309175,Batuvita South,1202,1202,2404,15
LK1309180,Meemana,1202,1202,2404,15
LK1309185,Kananvila South,1202,1202,2404,15
LK1309190,Uduwa South,1202,1202,2404,15
LK1309195,Kirigalahena,1202,1202,2404,15
LK1309200,Meewanapalana West,1202,1202,2404,15
LK1309205,Meewanapalana East,1202,1202,2404,15
LK1309210,Gurugoda,1202,1202,2404,15
LK1309215,Munagama East,1202,1202,2404,15
LK1309220,Midellamulahena,1202,1202,2404,15
LK1309225,Ovitiyagala,1202,1202,2404,15
LK1309230,Aramanagolla,1202,1202,2404,15
LK1309235,Werullahena,1202,1202,2404,15
LK1309240,Kulupana,1202,1202,2404,15
LK1309245,Kanewala,1202,1202,2404,15
LK1309250,Henegama,1202,1202,2404,15
LK1309255,Gal Edandugoda,1202,1202,2404,15
LK1309260,Horana North,1202,1202,2404,15
LK1309265,Munagama West,1202,1202,2404,15
LK1309270,Dikhenagama,1202,1202,2404,15
LK1309275,Narthanagala,1202,1202,2404,15
LK1309280,Horana South,1202,1202,2404,15
LK1309285,Wewala West,1202,1202,2404,15
LK1309290,Halthotiyawatta,1202,1202,2404,15
LK1309295,Mahena,1202,1202,2404,15
LK1309300,Wewala East,1202,1202,2404,15
LK1309305,Horana East,1202,1202,2404,15
LK1310,Ingiriya,73333,73333,146666,15
LK1310005,Menerigama,2366,2366,4732,15
LK1310010,Arakavila,2366,2365,4731,15
LK1310015,Kandanapitiya,2366,2365,4731,15
LK1310020,Kottiyawatta,2366,2365,4731,15
LK1310025,Kurana North,2366,2365,4731,15
LK1310030,Kurana South,2366,2365,4731,15
LK1310035,Kotigala,2366,2365,4731,15
LK1310040,Handapangoda East,2366,2365,4731,15
LK1310045,Handapangoda West,2366,2365,4731,15
LK1310050,Kekuladola,2366,2365,4731,15
LK1310055,Handapangoda South,2366,2365,4731,15
LK1310060,Batugampala,2366,2365,4731,15
LK1310065,Raigam Watta,2366,2365,4731,15
LK1310070,Maha Ingiriya,2366,2365,4731,15
LK1310075,Nambapana,2366,2365,4731,15
LK1310080,Urugala East,2366,2365,4731,15
LK1310085,Ingiriya East,2366,2365,4731,15
LK1310090,Ingiriya North,2366,2365,4731,15
LK1310095,Nimalagama,2366,2365,4731,15
LK1310100,Eduragala,2366,2365,4731,15
LK1310105,Maputugala,2366,2365,4731,15
LK1310110,Pelpitigoda,2366,2365,4731,15
LK1310115,Rathmalgoda East,2366,2365,4731,15
LK1310120,Rathmalgoda West,2366,2365,4731,15
LK1310125,Poruwadanda West,2366,2365,4731,15
LK1310130,Poruwadanda East,2366,2365,4731,15
LK1310135,Wagawatta,2366,2365,4731,15
LK1310140,Kekulaliya,2366,2365,4731,15
LK1310145,Dombagaskanda,2366,2365,4731,15
LK1310150,Ingiriya West,2366,2365,4731,15
LK1310155,Urugala West,2366,2365,4731,15
LK1312,Bulathsinhala,73333,73333,146666,15
LK1312005,Ihala Naragala,1359,1358,2717,15
LK1312010,Kobawaka North,1358,1358,2716,15
LK1312015,Diwalakada,1358,1358,2716,15
LK1312020,Meegahakumbura,1358,1358,2716,15
LK1312025,Yahalawatta,1358,1358,2716,15
LK1312030,Bothale Gamgoda,1358,1358,2716,15
LK1312035,Kongasthenna,1358,1358,2716,15
LK1312040,Halwathura,1358,1358,2716,15
LK1312045,Amaragedara North,1358,1358,2716,15
LK1312050,Bothale,1358,1358,2716,15
LK1312055,Bulathsinhala North,1358,1358,2716,15
LK1312060,Egaloya,1358,1358,2716,15
LK1312065,Kobawaka South,1358,1358,2716,15
LK1312070,Ihala Naragala South,1358,1358,2716,15
LK1312075,Govinna North,1358,1358,2716,15
LK1312080,Pahala Naragala,1358,1358,2716,15
LK1312085,Dewamulla,1358,1358,2716,15
LK1312090,Govinna South,1358,1358,2716,15
LK1312095,Retiyala,1358,1358,2716,15
LK1312100,Galahena,1358,1358,2716,15
LK1312105,Bulathsinhala South,1358,1358,2716,15
LK1312110,Bulathsinhala,1358,1358,2716,15
LK1312115,Bulathsinhala Central,1358,1358,2716,15
LK1312120,Amaragedara South,1358,1358,2716,15
LK1312125,Delmella,1358,1358,2716,15
LK1312130,Udugalakanda,1358,1358,2716,15
LK1312135,Niggaha,1358,1358,2716,15
LK1312140,Yatagampitiya,1358,1358,2716,15
LK1312145,Karaldekma,1358,1358,2716,15
LK1312150,Bulathsinhala East,1358,1358,2716,15
LK1312155,Damparadugoda,1358,1358,2716,15
LK1312160,Pahala Welgama,1358,1358,2716,15
LK1312165,Bulathsinhala West,1358,1358,2716,15
LK1312170,Diyakaduwa East,1358,1358,2716,15
LK1312175,Diyakaduwa West,1358,1358,2716,15
LK1312180,Bogahawatta,1358,1358,2716,15
LK1312185,Mahagama North,1358,1358,2716,15
LK1312190,Demodarawatta,1358,1358,2716,15
LK1312195,Thennahena,1358,1358,2716,15
LK1312200,Ihala Welgama,1358,1358,2716,15
LK1312205,Paragoda West,1358,1358,2716,15
LK1312210,Paragoda East,1358,1358,2716,15
LK1312215,Molkawa,1358,1358,2716,15
LK1312220,Galahitiya,1358,1358,2716,15
LK1312225,Mahagama East,1358,1358,2716,15
LK1312230,Polegoda West,1358,1358,2716,15
LK1312235,Mahagama West,1358,1358,2716,15
LK1312240,Pahala Kudaligama,1358,1358,2716,15
LK1312245,Ihala Kudaligama,1358,1358,2716,15
LK1312250,Weyangalla West,1358,1358,2716,15
LK1312255,Weyangalla East,1358,1358,2716,15
LK1312260,Mahagama South,1358,1358,2716,15
LK1312265,Muduna,1358,1358,2716,15
LK1312270,Gamagewatta,1358,1358,2716,15
LK1315,Madurawala,73333,73333,146666,15
LK1315005,Ilimba,2223,2222,4445,15
LK1315010,Kandana North,2222,2222,4444,15
LK1315015,Kandana South,2222,2222,4444,15
LK1315020,Elawella,2222,2222,4444,15
LK1315025,Bellapitiya West,2222,2222,4444,15
LK1315030,Mahena South,2222,2222,4444,15
LK1315035,Bellapitiya East,2222,2222,4444,15
LK1315040,Walpita,2222,2222,4444,15
LK1315045,Werawatta,2222,2222,4444,15
LK1315050,Peramunagama,2222,2222,4444,15
LK1315055,Weliketella,2222,2222,4444,15
LK1315060,Remuna,2222,2222,4444,15
LK1315065,Mahayala East,2222,2222,4444,15
LK1315070,Kananvila,2222,2222,4444,15
LK1315075,Mahayala West,2222,2222,4444,15
LK1315080,Hallankanda,2222,2222,4444,15
LK1315085,Koodella,2222,2222,4444,15
LK1315090,Madurawala East,2222,2222,4444,15
LK1315095,Kudayala,2222,2222,4444,15
LK1315100,Pahala Karannagoda,2222,2222,4444,15
LK1315105,Anguruwathota,2222,2222,4444,15
LK1315110,Madurawala West,2222,2222,4444,15
LK1315115,Keselhenawa,2222,2222,4444,15
LK1315120,Karannagoda,2222,2222,4444,15
LK1315125,Ihala Karannagoda,2222,2222,4444,15
LK1315130,Katuhena,2222,2222,4444,15
LK1315135,Warakagoda North,2222,2222,4444,15
LK1315140,Warakagoda West,2222,2222,4444,15
LK1315145,Warakagoda South,2222,2222,4444,15
LK1315150,Warakagoda East,2222,2222,4444,15
LK1315155,Nahalla,2222,2222,4444,15
LK1315160,Pahalagoda,2222,2222,4444,15
LK1315165,Ihalagoda,2222,2222,4444,15
LK1318,Millaniya,73333,73333,146666,15
LK1318005,Gungamuwa,1667,1667,3334,15
LK1318010,Bellanthudawa,1667,1666,3333,15
LK1318015,Kelesgamuwa,1667,1666,3333,15
LK1318020,Welikala,1667,1666,3333,15
LK1318025,Thibbotugoda,1667,1666,3333,15
LK1318030,Lenawara,1667,1666,3333,15
LK1318035,Halthota,1667,1666,3333,15
LK1318040,Langana,1667,1666,3333,15
LK1318045,Deldorawatta,1667,1666,3333,15
LK1318050,Millaniya,1667,1666,3333,15
LK1318055,Raddegoda,1667,1666,3333,15
LK1318060,Delkada,1667,1666,3333,15
LK1318065,Paragasthota,1667,1666,3333,15
LK1318070,Dikhena,1667,1666,3333,15
LK1318075,Arakagoda,1667,1666,3333,15
LK1318080,Kennanthudawa,1667,1666,3333,15
LK1318085,Mawathgama,1667,1666,3333,15
LK1318090,Yalagala,1667,1666,3333,15
LK1318095,Labugama,1667,1666,3333,15
LK1318100,Pethigamuwa North,1667,1666,3333,15
LK1318105,Pethigamuwa South,1667,1666,3333,15
LK1318110,Weniwelpitiya,1667,1666,3333,15
LK1318115,Millagaspola,1667,1666,3333,15
LK1318120,Boralessa,1667,1666,3333,15
LK1318125,Pelpola,1667,1666,3333,15
LK1318130,Imbulahena,1667,1666,3333,15
LK1318135,Punsiripura,1667,1666,3333,15
LK1318140,Galpatha West,1667,1666,3333,15
LK1318145,Galpatha East,1667,1666,3333,15
LK1318150,Batagoda,1667,1666,3333,15
LK1318155,Mulkadakanda,1667,1666,3333,15
LK1318160,Adhikarigoda,1667,1666,3333,15
LK1318165,Dombagoda,1667,1666,3333,15
LK1318170,Uduwara North,1667,1666,3333,15
LK1318175,Uduwara West,1667,1666,3333,15
LK1318180,Uduwara East,1667,1666,3333,15
LK1318185,Uduwara South,1667,1666,3333,15
LK1318190,Pathakada,1667,1666,3333,15
LK1318195,Panagoda,1667,1666,3333,15
LK1318200,Yatawara South,1667,1666,3333,15
LK1318205,Mahadurupitiya,1667,1666,3333,15
LK1318210,Delgoda,1667,1666,3333,15
LK1318215,Yatawara North,1667,1666,3333,15
LK1318220,Begamuwa Thalahitiya,1667,1666,3333,15
LK1321,Kalutara,73333,73333,146666,15
LK1321005,Mestiya,843,843,1686,15
LK1321010,Maha Gonadoowa,843,842,1685,15
LK1321015,Kuda Gonadoowa,843,842,1685,15
LK1321020,Moronthuduwa North,843,842,1685,15
LK1321025,Mawala,843,842,1685,15
LK1321030,Melegama North,843,842,1685,15
LK1321035,Melegama South,843,842,1685,15
LK1321040,Habaralagahalanda,843,842,1685,15
LK1321045,Pohoddaramulla West,843,842,1685,15
LK1321050,Pohoddaramulla East,843,842,1685,15
LK1321055,Pothupitiya East,843,842,1685,15
LK1321060,Mawala South,843,842,1685,15
LK1321065,Maharekma,843,842,1685,15
LK1321070,Nandoowa,843,842,1685,15
LK1321075,Moronthuduwa South,843,842,1685,15
LK1321080,Kalapugama,843,842,1685,15
LK1321085,Kalapugama West,843,842,1685,15
LK1321090,Ariyagama,843,842,1685,15
LK1321095,Deldoowa,843,842,1685,15
LK1321100,Nugagoda,843,842,1685,15
LK1321105,Pothupitiya South,843,842,1685,15
LK1321110,Pothupitiya North,843,842,1685,15
LK1321115,Pothupitiya West,843,842,1685,15
LK1321120,Meda Pothupitiya,843,842,1685,15
LK1321125,Kuda Waskaduwa West,843,842,1685,15
LK1321130,Kuda Waskaduwa North,843,842,1685,15
LK1321135,Kuda Waskaduwa East,843,842,1685,15
LK1321140,Kapuhena,843,842,1685,15
LK1321145,Usgodella,843,842,1685,15
LK1321150,Panapitiya North,843,842,1685,15
LK1321155,Paraduwa,843,842,1685,15
LK1321160,Dodammulla,843,842,1685,15
LK1321165,Diyagama,843,842,1685,15
LK1321170,Panapitiya South,843,842,1685,15
LK1321175,Rannungala,843,842,1685,15
LK1321180,Uggalbada West,843,842,1685,15
LK1321185,Dediyawala,843,842,1685,15
LK1321190,Kuda Waskaduwa South,843,842,1685,15
LK1321195,Mahawaskaduwa South,843,842,1685,15
LK1321200,Mahawaskaduwa North,843,842,1685,15
LK1321205,Vilegoda North,843,842,1685,15
LK1321210,Malwatta,843,842,1685,15
LK1321215,Wijerathnawatta,843,842,1685,15
LK1321220,Uggalbada East,843,842,1685,15
LK1321225,Thekkawatta,843,842,1685,15
LK1321230,Jawatta,843,842,1685,15
LK1321235,Botnikwatta,843,842,1685,15
LK1321240,Kalutara North,843,842,1685,15
LK1321245,Deshasthra Kalutara,843,842,1685,15
LK1321250,Deshasthra Kalutara West,843,842,1685,15
LK1321255,Vidyasara,843,842,1685,15
LK1321260,Thotupala,843,842,1685,15
LK1321265,Ethanamadala,843,842,1685,15
LK1321270,Palathota,843,842,1685,15
LK1321275,Welapura,843,842,1685,15
LK1321280,Kalutara South,843,842,1685,15
LK1321285,Kuda Heenatiyangala,843,842,1685,15
LK1321290,Ilukwatta,843,842,1685,15
LK1321295,Vilegoda South,843,842,1685,15
LK1321300,Godaparagahahena,843,842,1685,15
LK1321305,Kithulawa,843,842,1685,15
LK1321310,Alwiswatta,843,842,1685,15
LK1321315,Etavila,843,842,1685,15
LK1321320,Akkaragoda,843,842,1685,15
LK1321325,Mahawatta,843,842,1685,15
LK1321330,Kalutara South A,843,842,1685,15
LK1321335,Kalapuwa,843,842,1685,15
LK1321340,Wettumakada,843,842,1685,15
LK1321345,Kurunduwatta,843,842,1685,15
LK1321350,Maha Heenatiyangala,843,842,1685,15
LK1321355,Wattamulla,843,842,1685,15
LK1321360,Alubogahalanda,843,842,1685,15
LK1321365,Rajawatta Aluth Kotasa,843,842,1685,15
LK1321370,Rajawatta Parana Kotasa,843,842,1685,15
LK1321375,Pulartan,843,842,1685,15
LK1321380,Uswatta,843,842,1685,15
LK1321385,Katukurunda,843,842,1685,15
LK1321390,Kalamulla North,843,842,1685,15
LK1321395,Nagoda West,843,842,1685,15
LK1321400,Kajudoowawatta,843,842,1685,15
LK1321405,Nagoda South,843,842,1685,15
LK1321410,Weniwelketiya,843,842,1685,15
LK1321415,Gallassa,843,842,1685,15
LK1321420,Kalamulla East,843,842,1685,15
LK1321425,Kalamulla South,843,842,1685,15
LK1321430,Ethagama West,843,842,1685,15
LK1321435,Ethagama East,843,842,1685,15
LK1324,Beruwala,73333,73333,146666,15
LK1324005,Kuda Payagala North,895,894,1789,15
LK1324010,Mehimulla,894,894,1788,15
LK1324015,Pambe,894,894,1788,15
LK1324020,Hirigalgodella,894,894,1788,15
LK1324025,Malegoda,894,894,1788,15
LK1324030,Kuda Payagala South,894,894,1788,15
LK1324035,Payagala North,894,894,1788,15
LK1324040,Pinidiyamulla,894,894,1788,15
LK1324045,Viharakanda,894,894,1788,15
LK1324050,Palayangoda,894,894,1788,15
LK1324055,Weragala,894,894,1788,15
LK1324060,Katukurundugahalanda East,894,894,1788,15
LK1324065,Katukurundugahalanda West,894,894,1788,15
LK1324070,Pothuvila East,894,894,1788,15
LK1324075,Mahagammedda,894,894,1788,15
LK1324080,Maha Payagala,894,894,1788,15
LK1324085,Pothuvila West,894,894,1788,15
LK1324090,Munasinghagoda,894,894,1788,15
LK1324095,Diyalagoda,894,894,1788,15
LK1324100,Kapugoda,894,894,1788,15
LK1324105,Halkandavila,894,894,1788,15
LK1324110,Yovungama,894,894,1788,15
LK1324115,Doowegoda,894,894,1788,15
LK1324120,Kendagahavila,894,894,1788,15
LK1324125,Munhena,894,894,1788,15
LK1324130,Maggona East,894,894,1788,15
LK1324135,Akkaramale,894,894,1788,15
LK1324140,Maggona West,894,894,1788,15
LK1324145,Idiriligoda,894,894,1788,15
LK1324150,Kuda Magalkanda,894,894,1788,15
LK1324155,Magalkanda North,894,894,1788,15
LK1324160,Magalkanda South,894,894,1788,15
LK1324165,Akkara Asoowa,894,894,1788,15
LK1324170,Bubulalanda,894,894,1788,15
LK1324175,Kadurugasmulla,894,894,1788,15
LK1324180,Bandanagoda,894,894,1788,15
LK1324185,Kalavilakanda,894,894,1788,15
LK1324190,Walathara,894,894,1788,15
LK1324195,Pannila,894,894,1788,15
LK1324200,Cheenakotuwa,894,894,1788,15
LK1324205,Akkaragoda,894,894,1788,15
LK1324210,Karandagoda,894,894,1788,15
LK1324215,Marakkalahawatta,894,894,1788,15
LK1324220,Polkotuwa,894,894,1788,15
LK1324225,Paranakade,894,894,1788,15
LK1324230,Maradana,894,894,1788,15
LK1324235,Hettiyakanda,894,894,1788,15
LK1324240,Massalgoda,894,894,1788,15
LK1324245,Kankanamgoda,894,894,1788,15
LK1324250,Ambepitiya,894,894,1788,15
LK1324255,Pinhena,894,894,1788,15
LK1324260,Pinhena Colony,894,894,1788,15
LK1324265,Kalavila,894,894,1788,15
LK1324270,Malewangoda,894,894,1788,15
LK1324275,Padagoda,894,894,1788,15
LK1324280,Hettimulla,894,894,1788,15
LK1324285,Mahagoda,894,894,1788,15
LK1324290,Maligahena,894,894,1788,15
LK1324295,Moragalla,894,894,1788,15
LK1324300,Mullapitiya,894,894,1788,15
LK1324305,Gammedda,894,894,1788,15
LK1324310,Kaluwamodara North,894,894,1788,15
LK1324315,Galhena,894,894,1788,15
LK1324320,Alakadupitiya,894,894,1788,15
LK1324325,Welipitiya,894,894,1788,15
LK1324330,Pathirajagoda,894,894,1788,15
LK1324335,Kadiyawatta,894,894,1788,15
LK1324340,Malewana,894,894,1788,15
LK1324345,Adikarigoda,894,894,1788,15
LK1324350,Nakandalagoda,894,894,1788,15
LK1324355,Danwattagoda,894,894,1788,15
LK1324360,Kotapitiya,894,894,1788,15
LK1324365,Warapitiya,894,894,1788,15
LK1324370,Dharga Town East,894,894,1788,15
LK1324375,Ganga Addara,894,894,1788,15
LK1324380,Dharga Town,894,894,1788,15
LK1324385,Kaluwamodara East,894,894,1788,15
LK1324390,Kaluwamodara West,894,894,1788,15
LK1324395,Ganegama,894,894,1788,15
LK1324400,Seenawatta,894,894,1788,15
LK1324405,Aluthgama East,894,894,1788,15
LK1324410,Aluthgama West,894,894,1788,15
LK1327,Dodangoda,73333,73333,146666,15
LK1327005,Koholana North,1630,1630,3260,15
LK1327010,Ukwatta,1630,1629,3259,15
LK1327015,Bolossagama,1630,1629,3259,15
LK1327020,Remunagoda North,1630,1629,3259,15
LK1327025,Pelapitiyagoda,1630,1629,3259,15
LK1327030,Pelapitiyagoda North,1630,1629,3259,15
LK1327035,Pahala Nebada,1630,1629,3259,15
LK1327040,Nebada,1630,1629,3259,15
LK1327045,Nebada West,1630,1629,3259,15
LK1327050,Thebuwana East,1630,1629,3259,15
LK1327055,Thebuwana West,1630,1629,3259,15
LK1327060,Remunagoda South,1630,1629,3259,15
LK1327065,Gamagoda East,1630,1629,3259,15
LK1327070,Serupita East,1630,1629,3259,15
LK1327075,Serupita West,1630,1629,3259,15
LK1327080,Koholana South,1630,1629,3259,15
LK1327085,Adhikarigoda,1630,1629,3259,15
LK1327090,Gamagoda West,1630,1629,3259,15
LK1327095,Bombuwala North - West,1630,1629,3259,15
LK1327100,Bombuwala North - Central,1630,1629,3259,15
LK1327105,Bombuwala North - East,1630,1629,3259,15
LK1327110,Bombuwala South - West,1630,1629,3259,15
LK1327115,Bombuwala South - Central,1630,1629,3259,15
LK1327120,Bombuwala South - East,1630,1629,3259,15
LK1327125,Thudugala East,1630,1629,3259,15
LK1327130,Wellatha,1630,1629,3259,15
LK1327135,Ihala Nebada,1630,1629,3259,15
LK1327140,Wattahena,1630,1629,3259,15
LK1327145,Nehinna,1630,1629,3259,15
LK1327150,Wadugama,1630,1629,3259,15
LK1327155,Thudugala West,1630,1629,3259,15
LK1327160,Dodangoda East - North,1630,1629,3259,15
LK1327165,Dodangoda West - North,1630,1629,3259,15
LK1327170,Dodangoda West - North West,1630,1629,3259,15
LK1327175,Dodangoda West,1630,1629,3259,15
LK1327180,Dodangoda West - Central,1630,1629,3259,15
LK1327185,Dodangoda West - South,1630,1629,3259,15
LK1327190,Dodangoda East - South,1630,1629,3259,15
LK1327195,Sapugahawatta,1630,1629,3259,15
LK1327200,Puhambugoda East,1630,1629,3259,15
LK1327205,Dodangoda East,1630,1629,3259,15
LK1327210,Dodangoda East - Central,1630,1629,3259,15
LK1327215,Puhambugoda West,1630,1629,3259,15
LK1327220,Eladoowa,1630,1629,3259,15
LK1327225,Galpottavila,1630,1629,3259,15
LK1330,Matugama,73333,73333,146666,15
LK1330005,Iddagoda West,1287,1287,2574,15
LK1330010,Iddagoda East,1287,1286,2573,15
LK1330015,Hiriketiya,1287,1286,2573,15
LK1330020,Panthiya,1287,1286,2573,15
LK1330025,Welimanana,1287,1286,2573,15
LK1330030,Bopitiya East,1287,1286,2573,15
LK1330035,Yattovita,1287,1286,2573,15
LK1330040,Mathugama West,1287,1286,2573,15
LK1330045,Mathugama North,1287,1286,2573,15
LK1330050,Gurudola,1287,1286,2573,15
LK1330055,Wettewa,1287,1286,2573,15
LK1330060,Mathugama East,1287,1286,2573,15
LK1330065,Mathugama South,1287,1286,2573,15
LK1330070,Naravila,1287,1286,2573,15
LK1330075,Bopitiya West,1287,1286,2573,15
LK1330080,Diyagala,1287,1286,2573,15
LK1330085,Thambaretiya,1287,1286,2573,15
LK1330090,Yatadolawatta East,1287,1286,2573,15
LK1330095,Yatadolawatta West,1287,1286,2573,15
LK1330100,Aluthgamgoda,1287,1286,2573,15
LK1330105,Navuttuduwa,1287,1286,2573,15
LK1330110,Keeranthidiya,1287,1286,2573,15
LK1330115,Pussalamulla,1287,1286,2573,15
LK1330120,Kolehekada,1287,1286,2573,15
LK1330125,Kotagedara,1287,1286,2573,15
LK1330130,Henegama,1287,1286,2573,15
LK1330135,Badugama,1287,1286,2573,15
LK1330140,Ovitigala,1287,1286,2573,15
LK1330145,Sandasirigama,1287,1286,2573,15
LK1330150,Badugama New Colony,1287,1286,2573,15
LK1330155,Horawala East,1287,1286,2573,15
LK1330160,Horawala North,1287,1286,2573,15
LK1330165,Horawala,1287,1286,2573,15
LK1330170,Horawala West,1287,1286,2573,15
LK1330175,Welipenna East - South,1287,1286,2573,15
LK1330180,Welipenna West,1287,1286,2573,15
LK1330185,Welipenna East - North,1287,1286,2573,15
LK1330190,Dippita,1287,1286,2573,15
LK1330195,Lewwanduwa North,1287,1286,2573,15
LK1330200,Henpita,1287,1286,2573,15
LK1330205,Galmatta,1287,1286,2573,15
LK1330210,Walagedara North,1287,1286,2573,15
LK1330215,Warakatholla,1287,1286,2573,15
LK1330220,Nugagahalanda,1287,1286,2573,15
LK1330225,Keppetiyagahalanda,1287,1286,2573,15
LK1330230,Bondupitiya,1287,1286,2573,15
LK1330235,Andawala,1287,1286,2573,15
LK1330240,Thalgasgoda,1287,1286,2573,15
LK1330245,Indigasthuduwa,1287,1286,2573,15
LK1330250,Ladduwa,1287,1286,2573,15
LK1330255,Meegama,1287,1286,2573,15
LK1330260,Dewagoda,1287,1286,2573,15
LK1330265,Walagedara South,1287,1286,2573,15
LK1330270,Kurudippita,1287,1286,2573,15
LK1330275,Lewwanduwa West,1287,1286,2573,15
LK1330280,Lewwanduwa East,1287,1286,2573,15
LK1330285,Madawala,1287,1286,2573,15
LK1333,Agalawatta,73333,73333,146666,15
LK1333005,Girikola,2157,2157,4314,15
LK1333010,Pimbura,2157,2156,4313,15
LK1333015,Omatta,2157,2156,4313,15
LK1333020,Omatta East,2157,2156,4313,15
LK1333025,Evariwatta,2157,2156,4313,15
LK1333030,Kekulandala South,2157,2156,4313,15
LK1333035,Halovita,2157,2156,4313,15
LK1333040,Udawela,2157,2156,4313,15
LK1333045,Helamba,2157,2156,4313,15
LK1333050,Yatiyana West,2157,2156,4313,15
LK1333055,Gorokgoda,2157,2156,4313,15
LK1333060,Beragama,2157,2156,4313,15
LK1333065,Agalawatta,2157,2156,4313,15
LK1333070,Kekulandala North,2157,2156,4313,15
LK1333075,Dapiligoda,2157,2156,4313,15
LK1333080,Wandurabba,2157,2156,4313,15
LK1333085,Yatiyana East,2157,2156,4313,15
LK1333090,Pinnagoda,2157,2156,4313,15
LK1333095,Bodhiyakanda,2157,2156,4313,15
LK1333100,Mulatiyana,2157,2156,4313,15
LK1333105,Ridirekhagama,2157,2156,4313,15
LK1333110,Kithulgoda,2157,2156,4313,15
LK1333115,Kithulgoda South,2157,2156,4313,15
LK1333120,Kuda Kalupahana,2157,2156,4313,15
LK1333125,Kalupahana,2157,2156,4313,15
LK1333130,Kevitiyagala North,2157,2156,4313,15
LK1333135,Diyapattugama,2157,2156,4313,15
LK1333140,Kurupita,2157,2156,4313,15
LK1333145,Harankahapatha,2157,2156,4313,15
LK1333150,Kevitiyagala,2157,2156,4313,15
LK1333155,Polgampala,2157,2156,4313,15
LK1333160,Polgampala East,2157,2156,4313,15
LK1333165,Rathmale East,2157,2156,4313,15
LK1333170,Rathmale,2157,2156,4313,15
LK1336,Palindanuwara,73333,73333,146666,15
LK1336005,Kosgulana,1706,1705,3411,15
LK1336010,Kelinkanda,1705,1705,3410,15
LK1336015,Kelinkanda Colony,1705,1705,3410,15
LK1336020,Walakada,1705,1705,3410,15
LK1336025,Kapugedara,1705,1705,3410,15
LK1336030,Galahitiya,1705,1705,3410,15
LK1336035,Ilukpatha,1705,1705,3410,15
LK1336040,Pelenda West,1705,1705,3410,15
LK1336045,Pelenda,1705,1705,3410,15
LK1336050,Bampara,1705,1705,3410,15
LK1336055,Ambegoda,1705,1705,3410,15
LK1336060,Morapitiya North,1705,1705,3410,15
LK1336065,Morapitiya,1705,1705,3410,15
LK1336070,Midalana West,1705,1705,3410,15
LK1336075,Maragahadeniya,1705,1705,3410,15
LK1336080,Lathpandura East,1705,1705,3410,15
LK1336085,Bellana East,1705,1705,3410,15
LK1336090,Viharagama,1705,1705,3410,15
LK1336095,Kapugama,1705,1705,3410,15
LK1336100,Bellana,1705,1705,3410,15
LK1336105,Yakupitiya,1705,1705,3410,15
LK1336110,Lathpandura,1705,1705,3410,15
LK1336115,Kamburawala,1705,1705,3410,15
LK1336120,Baduraliya,1705,1705,3410,15
LK1336125,Diggoda,1705,1705,3410,15
LK1336130,Midalana,1705,1705,3410,15
LK1336135,Morapitiya South,1705,1705,3410,15
LK1336140,Athwelthota,1705,1705,3410,15
LK1336145,Diganna,1705,1705,3410,15
LK1336150,Batahena,1705,1705,3410,15
LK1336155,Hedigalla,1705,1705,3410,15
LK1336160,Magura East,1705,1705,3410,15
LK1336165,Magura West,1705,1705,3410,15
LK1336170,Addaragoda,1705,1705,3410,15
LK1336175,Penigala,1705,1705,3410,15
LK1336180,Kalugala,1705,1705,3410,15
LK1336185,Athale,1705,1705,3410,15
LK1336190,Ingurudaluwa,1705,1705,3410,15
LK1336195,Bollunna,1705,1705,3410,15
LK1336200,Kalukandawa,1705,1705,3410,15
LK1336205,Batagodavila,1705,1705,3410,15
LK1336210,Boralugoda,1705,1705,3410,15
LK1336215,Thiniyawala,1705,1705,3410,15
LK1339,Walallawita,73333,73333,146666,15
LK1339005,Pannila South,1223,1222,2445,15
LK1339010,Pannila East,1222,1222,2444,15
LK1339015,Uragoda West,1222,1222,2444,15
LK1339020,Uragoda East,1222,1222,2444,15
LK1339025,Lihiniyawa West,1222,1222,2444,15
LK1339030,Lihiniyawa East,1222,1222,2444,15
LK1339035,Moragala,1222,1222,2444,15
LK1339040,Meegahathenna,1222,1222,2444,15
LK1339045,Mallawachchigoda Gangabada,1222,1222,2444,15
LK1339050,Bothalawa,1222,1222,2444,15
LK1339055,Kumbadoowa,1222,1222,2444,15
LK1339060,Maddegama,1222,1222,2444,15
LK1339065,Bogodakanda,1222,1222,2444,15
LK1339070,Halwalakele Malwathukanda,1222,1222,2444,15
LK1339075,Uthumgama,1222,1222,2444,15
LK1339080,Kuda Mathugama,1222,1222,2444,15
LK1339085,Pareigama North,1222,1222,2444,15
LK1339090,Halwala,1222,1222,2444,15
LK1339095,Pannila,1222,1222,2444,15
LK1339100,Miriswatta,1222,1222,2444,15
LK1339105,Ittapana North,1222,1222,2444,15
LK1339110,Malambehena,1222,1222,2444,15
LK1339115,Ittapana West,1222,1222,2444,15
LK1339120,Ittapana South,1222,1222,2444,15
LK1339125,Ittapana East,1222,1222,2444,15
LK1339130,Loolbadduwa,1222,1222,2444,15
LK1339135,Pareigama South,1222,1222,2444,15
LK1339140,Gulavita North,1222,1222,2444,15
LK1339145,Wedawatta,1222,1222,2444,15
LK1339150,Katukele Welmeegoda,1222,1222,2444,15
LK1339155,Ranepuragoda,1222,1222,2444,15
LK1339160,Mandagala,1222,1222,2444,15
LK1339165,Yattapatha,1222,1222,2444,15
LK1339170,Pahala Hewessa North,1222,1222,2444,15
LK1339175,Pahala Hewessa South,1222,1222,2444,15
LK1339180,Pelawatta East,1222,1222,2444,15
LK1339185,Pelawatta,1222,1222,2444,15
LK1339190,Pelawatta West North,1222,1222,2444,15
LK1339195,Makalandawa,1222,1222,2444,15
LK1339200,Makalandawa South,1222,1222,2444,15
LK1339205,Gulavita South,1222,1222,2444,15
LK1339210,Udugama,1222,1222,2444,15
LK1339215,Karapagala,1222,1222,2444,15
LK1339220,Gammana East,1222,1222,2444,15
LK1339225,Gammana West,1222,1222,2444,15
LK1339230,Gorakadoowa,1222,1222,2444,15
LK1339235,Yagirala,1222,1222,2444,15
LK1339240,Katudora,1222,1222,2444,15
LK1339245,Magurumasvila,1222,1222,2444,15
LK1339250,Walallavita East,1222,1222,2444,15
LK1339255,Pelawatta West South,1222,1222,2444,15
LK1339260,Gorakadoowa,1222,1222,2444,15
LK1339265,Miriswatta,1222,1222,2444,15
LK1339270,Thundola,1222,1222,2444,15
LK1339275,Weerakanda,1222,1222,2444,15
LK1339280,Gulanawatta,1222,1222,2444,15
LK1339285,Kankotawatta,1222,1222,2444,15
LK1339290,Ihala Hewessa,1222,1222,2444,15
LK1339295,Walallavita South,1222,1222,2444,15
LK1339300,Thotaha,1222,1222,2444,15
LK2,Central,1430000,1430000,2860000,15
LK21,Kandy,476667,476667,953334,15
LK2103,Tumpane,23834,23833,47667,15
LK2103005,Meegahahena South,356,356,712,15
LK2103010,Meegahahena,356,355,711,15
LK2103015,Galabawa,356,355,711,15
LK2103020,Kobbegala,356,355,711,15
LK2103025,Ambagahahena,356,355,711,15
LK2103030,Rokhill,356,355,711,15
LK2103035,Akkarawatta,356,355,711,15
LK2103040,Bonakot,356,355,711,15
LK2103045,Haddapitiya,356,355,711,15
LK2103050,Delgasyaya,356,355,711,15
LK2103055,Gallenawatta,356,355,711,15
LK2103060,Kandanhena East,356,355,711,15
LK2103065,Namaltenna,356,355,711,15
LK2103070,Alawattegama,356,355,711,15
LK2103075,Kumburegama,356,355,711,15
LK2103080,Ban Anga,356,355,711,15
LK2103085,Ethamulla,356,355,711,15
LK2103090,Palukopi Watta,356,355,711,15
LK2103095,Damunugasthenna,356,355,711,15
LK2103100,Galagedara West,356,355,711,15
LK2103105,Udapitiya,356,355,711,15
LK2103110,Galagedara Madige South,356,355,711,15
LK2103115,Galagedara,356,355,711,15
LK2103120,Galagedara Madige,356,355,711,15
LK2103125,Pethigewela,356,355,711,15
LK2103130,Udalagama,356,355,711,15
LK2103135,Gunadaha,356,355,711,15
LK2103140,Medagoda Pahala,356,355,711,15
LK2103145,Opalla,356,355,711,15
LK2103150,Gangodapitiya,356,355,711,15
LK2103155,Pubbiliya,356,355,711,15
LK2103160,Kannadeniya,356,355,711,15
LK2103165,Barandara,356,355,711,15
LK2103170,Kaluwana,356,355,711,15
LK2103175,Kinigama West,356,355,711,15
LK2103180,Kinigama East,356,355,711,15
LK2103185,Ponnila,356,355,711,15
LK2103190,Uduwa,356,355,711,15
LK2103195,Medagoda Ihala,356,355,711,15
LK2103200,Naranwala,356,355,711,15
LK2103205,Hikgodawalpola,356,355,711,15
LK2103210,Paranagama,356,355,711,15
LK2103215,Wettewa,356,355,711,15
LK2103220,Pavulpawa,356,355,711,15
LK2103225,Kirindiwelpola,356,355,711,15
LK2103230,Kuragama North,356,355,711,15
LK2103235,Nikathenna,356,355,711,15
LK2103240,Etambegoda,356,355,711,15
LK2103245,Thahalpitiya,356,355,711,15
LK2103250,Dehideniya,356,355,711,15
LK2103255,Kandekumbura,356,355,711,15
LK2103260,Diyapalagoda,356,355,711,15
LK2103265,Niyangoda,356,355,711,15
LK2103270,Niyambepola,356,355,711,15
LK2103275,Henegama Palkumbura,356,355,711,15
LK2103280,Idamegama,356,355,711,15
LK2103285,Marawanagoda,356,355,711,15
LK2103290,Adungama Palkumbura,356,355,711,15
LK2103295,Kuragama,356,355,711,15
LK2103300,Udahenepola,356,355,711,15
LK2103305,Poholiyadda,356,355,711,15
LK2103310,Hiyadala,356,355,711,15
LK2103315,Pallekotuwa,356,355,711,15
LK2103320,Hiyadala Walpola,356,355,711,15
LK2103325,Minigamuwa,356,355,711,15
LK2103330,Minigamuwa Ihala,356,355,711,15
LK2103335,Thennewela,356,355,711,15
LK2106,Poojapitiya,23833,23833,47666,15
LK2106005,Egodamulla North,356,356,712,15
LK2106010,Ihalamulla,356,355,711,15
LK2106015,Dehiwatta,356,355,711,15
LK2106020,Egodamulla South,356,355,711,15
LK2106025,Pahala Kithulgolla,356,355,711,15
LK2106030,Alawatta,356,355,711,15
LK2106035,Uda Kithulgolla,356,355,711,15
LK2106040,Ankumbura South,356,355,711,15
LK2106045,Ankumbura North,356,355,711,15
LK2106050,Uggala Janapadaya,356,355,711,15
LK2106055,Pallegama Pahala,356,355,711,15
LK2106060,Welgala,356,355,711,15
LK2106065,Ankumbura Udagama,356,355,711,15
LK2106070,Kovilamuduna,356,355,711,15
LK2106075,Galhinna,356,355,711,15
LK2106080,Galkanda,356,355,711,15
LK2106085,Palliya Kotuwa,356,355,711,15
LK2106090,Batagolladeniya,356,355,711,15
LK2106095,Watagalathenna,356,355,711,15
LK2106100,Morankanda,356,355,711,15
LK2106105,Wewala North,356,355,711,15
LK2106110,Udahena,356,355,711,15
LK2106115,Siyapathgama,356,355,711,15
LK2106120,Pathirada,356,355,711,15
LK2106125,Udahingulwala,356,355,711,15
LK2106130,Pahala Hingulwala,356,355,711,15
LK2106135,Rambukewela,356,355,711,15
LK2106140,Godahena,356,355,711,15
LK2106145,Kahatagasthenna,356,355,711,15
LK2106150,Watagoda,356,355,711,15
LK2106155,Dolapihilla North,356,355,711,15
LK2106160,Dolapihilla South,356,355,711,15
LK2106165,Weligalla,356,355,711,15
LK2106170,Wewala,356,355,711,15
LK2106175,Bokkawala,356,355,711,15
LK2106180,Harankahawa,356,355,711,15
LK2106185,Henegama,356,355,711,15
LK2106190,Molagoda,356,355,711,15
LK2106195,Waldeniya,356,355,711,15
LK2106200,Medagoda,356,355,711,15
LK2106205,Diddeniya,356,355,711,15
LK2106210,Ovissa North,356,355,711,15
LK2106215,Ovissa South,356,355,711,15
LK2106220,Kiralagama,356,355,711,15
LK2106225,Paleepana,356,355,711,15
LK2106230,Dombagammana,356,355,711,15
LK2106235,Uggahakumbura,356,355,711,15
LK2106240,Marathugoda North,356,355,711,15
LK2106245,Marathugoda South,356,355,711,15
LK2106250,Ambaruppa,356,355,711,15
LK2106255,Gallella,356,355,711,15
LK2106260,Maruddana,356,355,711,15
LK2106265,Alagoda,356,355,711,15
LK2106270,Madadeniya,356,355,711,15
LK2106275,Warakadeniya,356,355,711,15
LK2106280,Batagalla North,356,355,711,15
LK2106285,Bamunupola,356,355,711,15
LK2106290,Batugoda North,356,355,711,15
LK2106295,Batagalla South,356,355,711,15
LK2106300,Batugoda South,356,355,711,15
LK2106305,Diwanawatta,356,355,711,15
LK2106310,Mullegama North,356,355,711,15
LK2106315,Kahawatta North,356,355,711,15
LK2106320,Kahawatta South,356,355,711,15
LK2106325,Mullegama South,356,355,711,15
LK2106330,Kaluwana South,356,355,711,15
LK2106335,Kaluwana North,356,355,711,15
LK2109,Akurana,23833,23833,47666,15
LK2109005,Rambuke Ela,681,681,1362,15
LK2109010,Vilana Udagama,681,680,1361,15
LK2109015,Vilana Pallegama,681,680,1361,15
LK2109020,Walahena,681,680,1361,15
LK2109025,Alawathugoda,681,680,1361,15
LK2109030,Balakaduwa,681,680,1361,15
LK2109035,Mawathupola,681,680,1361,15
LK2109040,Arambepola,681,680,1361,15
LK2109045,Delgasgoda,681,680,1361,15
LK2109050,Dippitiya,681,680,1361,15
LK2109055,Malwanahinna,681,680,1361,15
LK2109060,Konakalagala,681,680,1361,15
LK2109065,Malgamandeniya,681,680,1361,15
LK2109070,Rathukoho,681,680,1361,15
LK2109075,Marahela,681,680,1361,15
LK2109080,Hureegolla,681,680,1361,15
LK2109085,Neerella,681,680,1361,15
LK2109090,Melchena,681,680,1361,15
LK2109095,Bulugohothenna,681,680,1361,15
LK2109100,Kasawatta,681,680,1361,15
LK2109105,Udaweliketiya,681,680,1361,15
LK2109110,Palleweliketiya,681,680,1361,15
LK2109115,Dodangolla,681,680,1361,15
LK2109120,Akurana,681,680,1361,15
LK2109125,Delgasthenna,681,680,1361,15
LK2109130,Kurugoda,681,680,1361,15
LK2109135,Deegala,681,680,1361,15
LK2109140,Pangollamada,681,680,1361,15
LK2109145,Dunuvila North,681,680,1361,15
LK2109150,Dunuvila South,681,680,1361,15
LK2109155,Palle Deegala,681,680,1361,15
LK2109160,Thelambugahawatta,681,680,1361,15
LK2109165,Waragashinna,681,680,1361,15
LK2109170,Kurudugahaela,681,680,1361,15
LK2109175,Uggala,681,680,1361,15
LK2112,Pathadumbara,23833,23833,47666,15
LK2112005,Yatawara,459,458,917,15
LK2112010,Yatawara Kandagama,458,458,916,15
LK2112015,Ihala Yatawara,458,458,916,15
LK2112020,Udurawana,458,458,916,15
LK2112025,Doragamuwa,458,458,916,15
LK2112030,Bogahakumbura,458,458,916,15
LK2112035,Deegahawathura,458,458,916,15
LK2112040,Mahakumbura,458,458,916,15
LK2112045,Mandandawela,458,458,916,15
LK2112050,Paranagama,458,458,916,15
LK2112055,Aluthgama,458,458,916,15
LK2112060,Walpaladeniya,458,458,916,15
LK2112065,Puwakgahadeniya,458,458,916,15
LK2112070,Wattegama,458,458,916,15
LK2112075,Wattegama North,458,458,916,15
LK2112080,Gunembill,458,458,916,15
LK2112085,Eriyagasthenna,458,458,916,15
LK2112090,Pitiyegedara,458,458,916,15
LK2112095,Yatirawana,458,458,916,15
LK2112100,Meegammana,458,458,916,15
LK2112105,Meegammana West,458,458,916,15
LK2112110,Galadeniya,458,458,916,15
LK2112115,Udathalavinna,458,458,916,15
LK2112120,Pallethalavinna Ihala,458,458,916,15
LK2112125,Moonamale,458,458,916,15
LK2112130,Kendaliyadda,458,458,916,15
LK2112135,Girakaduwa,458,458,916,15
LK2112140,Ambathenna,458,458,916,15
LK2112145,Molagodayawatta,458,458,916,15
LK2112150,Megodagama,458,458,916,15
LK2112155,Egodagama,458,458,916,15
LK2112160,Millanga,458,458,916,15
LK2112165,Pallethalavinna,458,458,916,15
LK2112170,Udathalavinna Madige,458,458,916,15
LK2112175,Meegamawatta,458,458,916,15
LK2112180,Madawala Madige,458,458,916,15
LK2112185,Madawala,458,458,916,15
LK2112190,Walala,458,458,916,15
LK2112195,Ketakahala,458,458,916,15
LK2112200,Thalkotuwa,458,458,916,15
LK2112205,Napana,458,458,916,15
LK2112210,Leemagahadeniya,458,458,916,15
LK2112215,Pihilladeniya,458,458,916,15
LK2112220,Gunnepana Madige,458,458,916,15
LK2112225,Polgolla,458,458,916,15
LK2112230,Balanagala,458,458,916,15
LK2112235,Nawayalathenna,458,458,916,15
LK2112240,Kahalla,458,458,916,15
LK2112245,Kalugalawatta,458,458,916,15
LK2112250,Galewatta,458,458,916,15
LK2112255,Abasingama,458,458,916,15
LK2112260,Hamindagoda,458,458,916,15
LK2115,Panvila,23833,23833,47666,15
LK2115005,Kelebokka,1703,1702,3405,15
LK2115010,Watakele,1702,1702,3404,15
LK2115015,Mahapathana,1702,1702,3404,15
LK2115020,Kosgama,1702,1702,3404,15
LK2115025,Thawalanthenna,1702,1702,3404,15
LK2115030,Gomaraya,1702,1702,3404,15
LK2115035,Beddegama,1702,1702,3404,15
LK2115040,Arattana,1702,1702,3404,15
LK2115045,Madulkele,1702,1702,3404,15
LK2115050,Hathale,1702,1702,3404,15
LK2115055,Angammana,1702,1702,3404,15
LK2115060,Udugoda,1702,1702,3404,15
LK2115065,Pitawala,1702,1702,3404,15
LK2115070,Panvila,1702,1702,3404,15
LK2118,Ududumbara,23833,23833,47666,15
LK2118005,Meemure,379,378,757,15
LK2118010,Kumbukgolla,378,378,756,15
LK2118015,Kaikawala,378,378,756,15
LK2118020,Pusseela,378,378,756,15
LK2118025,Karambaketiya,378,378,756,15
LK2118030,Geradigala,378,378,756,15
LK2118035,Moonamalpelessa,378,378,756,15
LK2118040,Kalugala,378,378,756,15
LK2118045,Udailuka,378,378,756,15
LK2118050,Padupola,378,378,756,15
LK2118055,Udakumbura,378,378,756,15
LK2118060,Kalugaloya,378,378,756,15
LK2118065,Dumbaragama,378,378,756,15
LK2118070,Pallewela,378,378,756,15
LK2118075,Udawela,378,378,756,15
LK2118080,Kandegama,378,378,756,15
LK2118085,Wadawalakanda,378,378,756,15
LK2118090,Kobonilla,378,378,756,15
LK2118095,Pallekanda,378,378,756,15
LK2118100,Hanwella,378,378,756,15
LK2118105,Andideniya,378,378,756,15
LK2118110,Dambagahapitiya,378,378,756,15
LK2118115,Poppitiya,378,378,756,15
LK2118120,Oyathenna,378,378,756,15
LK2118125,Thalagune,378,378,756,15
LK2118130,Gedaramada,378,378,756,15
LK2118135,Kirigankumbura,378,378,756,15
LK2118140,Udadumbara,378,378,756,15
LK2118145,Nawanagala,378,378,756,15
LK2118150,Hunnasgiriya,378,378,756,15
LK2118155,Kiripattiya,378,378,756,15
LK2118160,Halyala,378,378,756,15
LK2118165,Mendiriya,378,378,756,15
LK2118170,Gangoda,378,378,756,15
LK2118175,Udapitawala,378,378,756,15
LK2118180,Mahawala,378,378,756,15
LK2118185,Pitawala Udagammedda,378,378,756,15
LK2118190,Godakumbura,378,378,756,15
LK2118195,Mediwaka,378,378,756,15
LK2118200,Karandagolla,378,378,756,15
LK2118205,Rambukwella East,378,378,756,15
LK2118210,Rambukwella West,378,378,756,15
LK2118215,Denapitiya,378,378,756,15
LK2118220,Nugethenna East,378,378,756,15
LK2118225,Nugethenna West,378,378,756,15
LK2118230,Kevulgama,378,378,756,15
LK2118235,Ganegala,378,378,756,15
LK2118240,Minuwangamuwa,378,378,756,15
LK2118245,Kalalgamuwa,378,378,756,15
LK2118250,Pitawala,378,378,756,15
LK2118255,Dewahandiya East,378,378,756,15
LK2118260,Hapukanda East,378,378,756,15
LK2118265,Hapukanda West,378,378,756,15
LK2118270,Madugalla Udagammedda,378,378,756,15
LK2118275,Madugalla North,378,378,756,15
LK2118280,Madugalla South,378,378,756,15
LK2118285,Pamunethenna,378,378,756,15
LK2118290,Devinnegama,378,378,756,15
LK2118295,Bambarabedda East,378,378,756,15
LK2118300,Bambarabedda West,378,378,756,15
LK2118305,Pitigoda,378,378,756,15
LK2118310,Kalawala,378,378,756,15
LK2118315,Dewahandiya West,378,378,756,15
LK2121,Minipe,23833,23833,47666,15
LK2121005,Galamuduna,497,497,994,15
LK2121010,Dungolla,497,496,993,15
LK2121015,Thotillagas Ella,497,496,993,15
LK2121020,Palugolla,497,496,993,15
LK2121025,Wewere,497,496,993,15
LK2121030,Dehemigama,497,496,993,15
LK2121035,Himbutuwa,497,496,993,15
LK2121040,Udattawa North,497,496,993,15
LK2121045,Pallegaladebokka,497,496,993,15
LK2121050,Udagaladebokka,497,496,993,15
LK2121055,Udattawa,497,496,993,15
LK2121060,Dambagahawela,497,496,993,15
LK2121065,Kindigoda North,497,496,993,15
LK2121070,Udawela,497,496,993,15
LK2121075,Kindigoda South,497,496,993,15
LK2121080,Ulpathagama,497,496,993,15
LK2121085,Ambagolla,497,496,993,15
LK2121090,Dambepitiya,497,496,993,15
LK2121095,Welgahawadiya,497,496,993,15
LK2121100,Mahayaya North,497,496,993,15
LK2121105,08 Ela,497,496,993,15
LK2121110,Welgala,497,496,993,15
LK2121115,Mahayaya South,497,496,993,15
LK2121120,Thorapitiya,497,496,993,15
LK2121125,Keenapelessa,497,496,993,15
LK2121130,Mahagalaheenna,497,496,993,15
LK2121135,Hasalaka,497,496,993,15
LK2121140,Pallewatta,497,496,993,15
LK2121145,Hasalaka Nagaraya,497,496,993,15
LK2121150,Maha Eswedduma,497,496,993,15
LK2121155,Rathnella,497,496,993,15
LK2121160,Gurulupotha,497,496,993,15
LK2121165,Waragolla,497,496,993,15
LK2121170,Weragama,497,496,993,15
LK2121175,Bulathwelkandura,497,496,993,15
LK2121180,Weraganthota,497,496,993,15
LK2121185,Morayaya,497,496,993,15
LK2121190,Lunumadalaketiya,497,496,993,15
LK2121195,Diyabubula,497,496,993,15
LK2121200,Handaganawa,497,496,993,15
LK2121205,Batumulla,497,496,993,15
LK2121210,Udayagala,497,496,993,15
LK2121215,Asamodagamyaya,497,496,993,15
LK2121220,Ambagahapelessa,497,496,993,15
LK2121225,Muttettuthenna,497,496,993,15
LK2121230,Minipe,497,496,993,15
LK2121235,Kolonyaya,497,496,993,15
LK2121240,Bembiya,497,496,993,15
LK2124,Medadumbara,23833,23833,47666,15
LK2124005,Elliyadda,257,256,513,15
LK2124010,Thunisgala,256,256,512,15
LK2124015,Gonawala,256,256,512,15
LK2124020,Thangappuwa,256,256,512,15
LK2124025,Kotaganga,256,256,512,15
LK2124030,Bulathwatta,256,256,512,15
LK2124035,Galabadawatta,256,256,512,15
LK2124040,Nagolla,256,256,512,15
LK2124045,Galkotuwa,256,256,512,15
LK2124050,Werapitiya,256,256,512,15
LK2124055,Werathenna,256,256,512,15
LK2124060,Randiwela,256,256,512,15
LK2124065,Bobebila,256,256,512,15
LK2124070,Duckwariya,256,256,512,15
LK2124075,Rangala Aluthwatta,256,256,512,15
LK2124080,Ferndail,256,256,512,15
LK2124085,Hakmana,256,256,512,15
LK2124090,Burnside,256,256,512,15
LK2124095,Rangala,256,256,512,15
LK2124100,Weladaramba,256,256,512,15
LK2124105,Makuldeniya,256,256,512,15
LK2124110,Waradiwela,256,256,512,15
LK2124115,Giddawa-Waradiwela,256,256,512,15
LK2124120,Dunhinna,256,256,512,15
LK2124125,Maneluwa,256,256,512,15
LK2124130,Giddawa,256,256,512,15
LK2124135,Weliketiya,256,256,512,15
LK2124140,Putuhapuwa,256,256,512,15
LK2124145,Udabage,256,256,512,15
LK2124150,Amupitiya,256,256,512,15
LK2124155,Godamunna,256,256,512,15
LK2124160,Katugoda,256,256,512,15
LK2124165,Heeloya,256,256,512,15
LK2124170,Kandekumbura,256,256,512,15
LK2124175,Retiyagama,256,256,512,15
LK2124180,Poddalgoda,256,256,512,15
LK2124185,Nilgala,256,256,512,15
LK2124190,Madeniyawaka,256,256,512,15
LK2124195,Embalagama,256,256,512,15
LK2124200,Siridigana,256,256,512,15
LK2124205,Nugepathana,256,256,512,15
LK2124210,Watapana,256,256,512,15
LK2124215,Ambalagala,256,256,512,15
LK2124220,Gangasirigama,256,256,512,15
LK2124225,Madapola,256,256,512,15
LK2124230,Kandegama,256,256,512,15
LK2124235,Randeniya,256,256,512,15
LK2124240,Pallebage,256,256,512,15
LK2124245,Gabbela,256,256,512,15
LK2124250,Udispattuwa,256,256,512,15
LK2124255,Ranmulla,256,256,512,15
LK2124260,Maharawela,256,256,512,15
LK2124265,Kurukohogama,256,256,512,15
LK2124270,Kiribattalawa,256,256,512,15
LK2124275,Hathiyalwela,256,256,512,15
LK2124280,Mangoda,256,256,512,15
LK2124285,Rambukpotha,256,256,512,15
LK2124290,Namandagala,256,256,512,15
LK2124295,Metideniya,256,256,512,15
LK2124300,Doraliyadda South,256,256,512,15
LK2124305,Wegala,256,256,512,15
LK2124310,Meegahamaditta,256,256,512,15
LK2124315,Rambukwella - East,256,256,512,15
LK2124320,Rambukwella,256,256,512,15
LK2124325,Udawela,256,256,512,15
LK2124330,Wellethota,256,256,512,15
LK2124335,Vilamuna,256,256,512,15
LK2124340,Karalliyadda,256,256,512,15
LK2124345,Ambagahalanda,256,256,512,15
LK2124350,Hijrapura,256,256,512,15
LK2124355,Galambalama,256,256,512,15
LK2124360,Maberiyathenna,256,256,512,15
LK2124365,Ellepola,256,256,512,15
LK2124370,Wewegama,256,256,512,15
LK2124375,Senarathwela,256,256,512,15
LK2124380,Nithulemada,256,256,512,15
LK2124385,Udathenna,256,256,512,15
LK2124390,Medamahanuwara,256,256,512,15
LK2124395,Bomure,256,256,512,15
LK2124400,Rajagala,256,256,512,15
LK2124405,Wathuliyadda,256,256,512,15
LK2124410,Moragahamula,256,256,512,15
LK2124415,Mahadoraliyadda,256,256,512,15
LK2124425,Puwakgahadiwela,256,256,512,15
LK2124430,Ambale,256,256,512,15
LK2124435,Meeriyagolla,256,256,512,15
LK2124440,Bambaragahadeniya,256,256,512,15
LK2124445,Meegahalanda,256,256,512,15
LK2124450,Sandasiri Dunuvila,256,256,512,15
LK2124455,Thennalanda,256,256,512,15
LK2124460,Udagammedda,256,256,512,15
LK2124465,Welapahala,256,256,512,15
LK2124470,Meda Gammedda,256,256,512,15
LK2127,Kundasale,23833,23833,47666,15
LK2127005,Dunuhappawa,298,298,596,15
LK2127010,Naranpanawa West,298,297,595,15
LK2127015,Kandekumbura,298,297,595,15
LK2127020,Alawathugirigama,298,297,595,15
LK2127025,Galpihilla,298,297,595,15
LK2127030,Makkanigama,298,297,595,15
LK2127035,Wavinna,298,297,595,15
LK2127040,Pallegama,298,297,595,15
LK2127045,Maharathenna West,298,297,595,15
LK2127050,Udagama North,298,297,595,15
LK2127055,Ihala Gonagama,298,297,595,15
LK2127060,Delgaslanda,298,297,595,15
LK2127065,Lunuketiyamaditta,298,297,595,15
LK2127070,Naranpanawa East,298,297,595,15
LK2127075,Kuruambemuduna,298,297,595,15
LK2127080,Maluwegama,298,297,595,15
LK2127085,Wepathana,298,297,595,15
LK2127090,Gonawala North,298,297,595,15
LK2127095,Deliwalathenna,298,297,595,15
LK2127100,Heepitiya,298,297,595,15
LK2127105,Udagama South,298,297,595,15
LK2127110,Maharathenna East,298,297,595,15
LK2127115,Menikhinna,298,297,595,15
LK2127120,Hurikaduwa North,298,297,595,15
LK2127125,Hurikaduwa West,298,297,595,15
LK2127130,Bogaskumbura,298,297,595,15
LK2127135,Pilawala North,298,297,595,15
LK2127140,Amunugama North,298,297,595,15
LK2127145,Amunugama South,298,297,595,15
LK2127150,Udagunnepana South,298,297,595,15
LK2127155,Udagunnepana North,298,297,595,15
LK2127160,Gabadagama South,298,297,595,15
LK2127165,Gabadagama North,298,297,595,15
LK2127170,Pallegunnepana South,298,297,595,15
LK2127175,Pallegunnepana North,298,297,595,15
LK2127180,Sirimalwatta West,298,297,595,15
LK2127185,Sirimalwatta East,298,297,595,15
LK2127190,Sirimalwatta Pallegama,298,297,595,15
LK2127195,Lewellagama,298,297,595,15
LK2127200,Degaldoruwa,298,297,595,15
LK2127205,Deekirimadawala,298,297,595,15
LK2127210,Hapuwala,298,297,595,15
LK2127215,Galapitaambe,298,297,595,15
LK2127220,Hathamuna,298,297,595,15
LK2127225,Dodamgolla,298,297,595,15
LK2127230,Hurikaduwa South,298,297,595,15
LK2127235,Hurikaduwa East,298,297,595,15
LK2127240,Hurikaduwa Madige,298,297,595,15
LK2127245,Galamuna,298,297,595,15
LK2127250,Malpana,298,297,595,15
LK2127255,Ahaspokuna North,298,297,595,15
LK2127260,Gonawala South,298,297,595,15
LK2127265,Kumbukkandura South,298,297,595,15
LK2127270,Kumbukkandura North,298,297,595,15
LK2127275,Rajawella North,298,297,595,15
LK2127280,Ahaspokuna South,298,297,595,15
LK2127285,Ihalawela,298,297,595,15
LK2127290,Kengalla,298,297,595,15
LK2127295,Nithulethenna,298,297,595,15
LK2127300,Dambarawa,298,297,595,15
LK2127305,Pilawala South,298,297,595,15
LK2127310,Mahawatta East,298,297,595,15
LK2127315,Mahawatta North,298,297,595,15
LK2127320,Mahawatta West,298,297,595,15
LK2127325,Mahawatta South,298,297,595,15
LK2127330,Arangala North,298,297,595,15
LK2127335,Karattamada,298,297,595,15
LK2127340,Arangala South,298,297,595,15
LK2127345,Galmaduwa,298,297,595,15
LK2127350,Nattarampotha,298,297,595,15
LK2127355,Kundasale North,298,297,595,15
LK2127360,Kundasale South,298,297,595,15
LK2127365,Balagolla West,298,297,595,15
LK2127370,Balagolla East,298,297,595,15
LK2127375,Aswalapitiya,298,297,595,15
LK2127380,Diyabubula,298,297,595,15
LK2127385,Rajawella South,298,297,595,15
LK2127390,Aluth Pallekele,298,297,595,15
LK2127395,Wijaya Sri Gama,298,297,595,15
LK2127400,Ambakotayawatta,298,297,595,15
LK2130,Gangawata Korale,23833,23833,47666,15
LK2130005,Mavilmada,373,372,745,15
LK2130010,Siyambalagasthenna,372,372,744,15
LK2130015,Pitakanda Gama,372,372,744,15
LK2130020,Senkadagala,372,372,744,15
LK2130025,Wattaranthenna,372,372,744,15
LK2130030,Nittawela,372,372,744,15
LK2130035,Watapuluwa,372,372,744,15
LK2130040,Mahaweli Uyana,372,372,744,15
LK2130045,Watapuluwa South,372,372,744,15
LK2130050,Aruppala East,372,372,744,15
LK2130055,Aruppala West,372,372,744,15
LK2130060,Watapuluwa West,372,372,744,15
LK2130065,Mahaiyawa,372,372,744,15
LK2130070,Mapanawathura,372,372,744,15
LK2130075,Poorna Watta East,372,372,744,15
LK2130080,Poorna Watta West,372,372,744,15
LK2130085,Asgiriya,372,372,744,15
LK2130090,Bahirawa Kanda,372,372,744,15
LK2130095,Nuwara Dodamwala,372,372,744,15
LK2130100,Aniwatta East,372,372,744,15
LK2130105,Katukele West,372,372,744,15
LK2130110,Katukele,372,372,744,15
LK2130115,Ihala Katukele,372,372,744,15
LK2130120,Mahanuwara,372,372,744,15
LK2130125,Lewella,372,372,744,15
LK2130130,Thalwatta,372,372,744,15
LK2130135,Boowelikada,372,372,744,15
LK2130140,Malwatta,372,372,744,15
LK2130145,Bogambara,372,372,744,15
LK2130150,Deiyannewela,372,372,744,15
LK2130155,Nagasthenna,372,372,744,15
LK2130160,Suduhumpala East,372,372,744,15
LK2130165,Suduhumpala West,372,372,744,15
LK2130170,Welata,372,372,744,15
LK2130175,Aniwatta West,372,372,744,15
LK2130180,Getambe,372,372,744,15
LK2130185,Pahala Eriyagama,372,372,744,15
LK2130190,Godagandeniya,372,372,744,15
LK2130195,Palle Peradeniya,372,372,744,15
LK2130200,Uda Bowala,372,372,744,15
LK2130205,Bowala,372,372,744,15
LK2130210,Mulgampala,372,372,744,15
LK2130215,Heeressagala,372,372,744,15
LK2130220,Hanthana Pedesa,372,372,744,15
LK2130225,Ampitiya South,372,372,744,15
LK2130230,Ampitiya North,372,372,744,15
LK2130235,Ampitiya Udagama North,372,372,744,15
LK2130240,Thennakumbura,372,372,744,15
LK2130245,Ampitiya Pallegama,372,372,744,15
LK2130250,Meddegama,372,372,744,15
LK2130255,Ampitiya Udagama South,372,372,744,15
LK2130260,Wewathenna,372,372,744,15
LK2130265,Ulpathakumbura,372,372,744,15
LK2130270,Gurudeniya West,372,372,744,15
LK2130275,Gurudeniya East,372,372,744,15
LK2130280,Maligathenna,372,372,744,15
LK2130285,Gurudeniya Dambawela,372,372,744,15
LK2130290,Lewla,372,372,744,15
LK2130295,Ketawala,372,372,744,15
LK2130300,Bowalawatta,372,372,744,15
LK2130305,Ogastawatta,372,372,744,15
LK2130310,Uda Peradeniya,372,372,744,15
LK2130315,Hindagala,372,372,744,15
LK2130320,Mahakanda,372,372,744,15
LK2133,Harispattuwa,23833,23833,47666,15
LK2133005,Amuwathdeniya,284,284,568,15
LK2133010,Doranegama,284,283,567,15
LK2133015,Ihagama,284,283,567,15
LK2133020,Medawala,284,283,567,15
LK2133025,Angoda,284,283,567,15
LK2133030,Dembaralawa,284,283,567,15
LK2133035,Bothota,284,283,567,15
LK2133040,Attaragama East,284,283,567,15
LK2133045,Attaragama,284,283,567,15
LK2133050,Gonigoda-Palkumbura,284,283,567,15
LK2133055,Gonigoda,284,283,567,15
LK2133060,Attaragama South,284,283,567,15
LK2133065,Hapugoda,284,283,567,15
LK2133070,Udabokalawela,284,283,567,15
LK2133075,Rajapihilla,284,283,567,15
LK2133080,Ulladupitiya East,284,283,567,15
LK2133085,Ulladupitiya West,284,283,567,15
LK2133090,Arambegama,284,283,567,15
LK2133095,Aladeniya,284,283,567,15
LK2133100,Hedeniya,284,283,567,15
LK2133105,Rajasinghagama,284,283,567,15
LK2133110,Palkumbura,284,283,567,15
LK2133115,Narangoda,284,283,567,15
LK2133120,Kurundugolla,284,283,567,15
LK2133125,Viguhumpola,284,283,567,15
LK2133130,Hiriyalagammana,284,283,567,15
LK2133135,Thittapajjala,284,283,567,15
LK2133140,Thittapajjala North,284,283,567,15
LK2133145,Nugawela,284,283,567,15
LK2133150,Batuambe,284,283,567,15
LK2133155,Endaruthenna,284,283,567,15
LK2133160,Embulpuraya,284,283,567,15
LK2133165,Uduwawala West,284,283,567,15
LK2133170,Uduwawala North,284,283,567,15
LK2133175,Pallebokalawela,284,283,567,15
LK2133180,Ranawana West,284,283,567,15
LK2133185,Ranawana East,284,283,567,15
LK2133190,Uduwawala East,284,283,567,15
LK2133195,Senarathgama North,284,283,567,15
LK2133200,Wathuwala,284,283,567,15
LK2133205,Uyanwatta,284,283,567,15
LK2133210,Dadahogama,284,283,567,15
LK2133215,Mapamadulla,284,283,567,15
LK2133220,Malagammana,284,283,567,15
LK2133225,Ruwanpuraya,284,283,567,15
LK2133230,Kurunduwatta,284,283,567,15
LK2133235,Karanduwawala Ihala,284,283,567,15
LK2133240,Karanduwawala Pahala,284,283,567,15
LK2133245,Owathenna,284,283,567,15
LK2133250,Yahalathenna West,284,283,567,15
LK2133255,Yahalathenna Kanda,284,283,567,15
LK2133260,Kulugammana,284,283,567,15
LK2133265,Uguressapitiya,284,283,567,15
LK2133270,Senarathgama South,284,283,567,15
LK2133275,Kondadeniya,284,283,567,15
LK2133280,Etamurungagoda,284,283,567,15
LK2133285,Yatiwawala,284,283,567,15
LK2133290,Katugasthota,284,283,567,15
LK2133295,Inigala,284,283,567,15
LK2133300,Rathmale,284,283,567,15
LK2133305,Hamangoda North,284,283,567,15
LK2133310,Hamangoda South,284,283,567,15
LK2133315,Uggalla,284,283,567,15
LK2133320,Udadoolwala,284,283,567,15
LK2133325,Kurundugahamada,284,283,567,15
LK2133330,Seewaleekanda,284,283,567,15
LK2133335,Mahathenna,284,283,567,15
LK2133340,Bulathgolla,284,283,567,15
LK2133345,Yatihalagala Udagama,284,283,567,15
LK2133350,Pahala Doolwala,284,283,567,15
LK2133355,Udamulla,284,283,567,15
LK2133360,Gohagoda,284,283,567,15
LK2133365,Wegiriya,284,283,567,15
LK2133370,Polwatta,284,283,567,15
LK2133375,Madapathagama,284,283,567,15
LK2133380,Banwelgolla,284,283,567,15
LK2133385,Narangaskumbura,284,283,567,15
LK2133390,Pallemulla,284,283,567,15
LK2133395,Haloluwa Pallegama,284,283,567,15
LK2133400,Bogahakanda,284,283,567,15
LK2133405,Yatihalagala Pallegama,284,283,567,15
LK2133410,Haloluwa,284,283,567,15
LK2133415,Kumburegedara,284,283,567,15
LK2133420,Warathenna,284,283,567,15
LK2134,Hatharaliyadda,23833,23833,47666,15
LK2134005,Paragoda,419,418,837,15
LK2134010,Aludeniya North,418,418,836,15
LK2134015,Aludeniya South,418,418,836,15
LK2134020,Alakolamaditta,418,418,836,15
LK2134025,Amboruwa,418,418,836,15
LK2134030,Galdola,418,418,836,15
LK2134035,Polwatta Ihalagama,418,418,836,15
LK2134040,Ilpemada,418,418,836,15
LK2134045,Polwatta,418,418,836,15
LK2134050,Dunkumbura,418,418,836,15
LK2134055,Nikathenna,418,418,836,15
LK2134060,Narangaspitiya,418,418,836,15
LK2134065,Godathale,418,418,836,15
LK2134070,Kalotuwawa,418,418,836,15
LK2134075,Dedunupitiya Pahalagama,418,418,836,15
LK2134080,Damunupola,418,418,836,15
LK2134085,Pallepola,418,418,836,15
LK2134090,Welagama,418,418,836,15
LK2134095,Weligodapola,418,418,836,15
LK2134100,Hatharaliyadda,418,418,836,15
LK2134105,Kanakkarapola North,418,418,836,15
LK2134110,Mawathagama,418,418,836,15
LK2134115,Imbulethenna,418,418,836,15
LK2134120,Welivita Ihala North,418,418,836,15
LK2134125,Welivita Ihalagama,418,418,836,15
LK2134130,Sivurupitiya,418,418,836,15
LK2134135,Eramuduliyadda,418,418,836,15
LK2134140,Muruddeniya,418,418,836,15
LK2134145,Walpalagolla North,418,418,836,15
LK2134150,Walpalagolla East,418,418,836,15
LK2134155,Walpalagolla South,418,418,836,15
LK2134160,Welivita Pahalagama,418,418,836,15
LK2134165,Handabowa,418,418,836,15
LK2134170,Meegasthenna,418,418,836,15
LK2134175,Kanakkarapola South,418,418,836,15
LK2134180,Avulbodale,418,418,836,15
LK2134185,Lechchimimenila,418,418,836,15
LK2134190,Yaggala,418,418,836,15
LK2134195,Rangamuwa,418,418,836,15
LK2134200,Dedunupitiya Ihalagama,418,418,836,15
LK2134205,Ambawa,418,418,836,15
LK2134210,Dehideniya Madige,418,418,836,15
LK2134215,Pelena Pahalagama,418,418,836,15
LK2134220,Pelena,418,418,836,15
LK2134225,Kandemeeya,418,418,836,15
LK2134230,Alagalla Pahalagama,418,418,836,15
LK2134235,Alagalla Ihala,418,418,836,15
LK2134240,Mudagammana,418,418,836,15
LK2134245,Pattapola Ihala,418,418,836,15
LK2134250,Pattapola Pahalagama,418,418,836,15
LK2134255,Welivita Pahalagama South,418,418,836,15
LK2134260,Andiyathenna,418,418,836,15
LK2134265,Kolugala,418,418,836,15
LK2134270,Kolugala Pahalagama,418,418,836,15
LK2134275,Kithuldora,418,418,836,15
LK2134280,Aluthgama Pahala,418,418,836,15
LK2134285,Aluthgama Ihala,418,418,836,15
LK2136,Yatinuwara,23833,23833,47666,15
LK2136005,Alagalla Watta,251,251,502,15
LK2136010,Kirimetiya Watta,251,250,501,15
LK2136015,Pahala Yatigammana,251,250,501,15
LK2136020,Yatigammana,251,250,501,15
LK2136025,Thismada,251,250,501,15
LK2136030,Kotaligoda North,251,250,501,15
LK2136035,Udawela Nadithalawa,251,250,501,15
LK2136040,Udawela Pallemaditta,251,250,501,15
LK2136045,Wathurakumbura,251,250,501,15
LK2136050,Gurugama,251,250,501,15
LK2136055,Dehianga North,251,250,501,15
LK2136060,Kobbekaduwa,251,250,501,15
LK2136065,Ihala Kobbekaduwa,251,250,501,15
LK2136070,Pelawa Ihalagama,251,250,501,15
LK2136075,Yahalathenna,251,250,501,15
LK2136080,Pelawa Ihala Meda,251,250,501,15
LK2136085,Pelawa Pahalagama,251,250,501,15
LK2136090,Gannoruwa West,251,250,501,15
LK2136095,Dehigama East,251,250,501,15
LK2136100,Dehigama South,251,250,501,15
LK2136105,Dehigama North,251,250,501,15
LK2136110,Dehianga South,251,250,501,15
LK2136115,Pahala Dodamwala,251,250,501,15
LK2136120,Ihala Dodamwala,251,250,501,15
LK2136125,Udawela Pahalagama,251,250,501,15
LK2136130,Munwathugoda,251,250,501,15
LK2136135,Walgampaya,251,250,501,15
LK2136140,Bathgoda,251,250,501,15
LK2136145,Doluwa East,251,250,501,15
LK2136150,Doluwa West,251,250,501,15
LK2136155,Kotaligoda South,251,250,501,15
LK2136160,Menikdiwela,251,250,501,15
LK2136165,Pottepitiya,251,250,501,15
LK2136170,Ihala Alagalla,251,250,501,15
LK2136175,Godigamuwa,251,250,501,15
LK2136180,Motana Dekinda,251,250,501,15
LK2136185,Gondeniya,251,250,501,15
LK2136190,Madiligama,251,250,501,15
LK2136195,Udarathmeewala,251,250,501,15
LK2136200,Pahala Rathmeewala,251,250,501,15
LK2136205,Deldeniya,251,250,501,15
LK2136210,Walgowwagoda,251,250,501,15
LK2136215,Kavudupana,251,250,501,15
LK2136220,Haliyadda,251,250,501,15
LK2136225,Danthure,251,250,501,15
LK2136230,Siyambalagoda,251,250,501,15
LK2136235,Parakatawella,251,250,501,15
LK2136240,Imbulmalgama,251,250,501,15
LK2136245,Diyapalagoda,251,250,501,15
LK2136250,Mangalagama,251,250,501,15
LK2136255,Karuwalawatta,251,250,501,15
LK2136260,Gannoruwa Central,251,250,501,15
LK2136265,Dehideniya West,251,250,501,15
LK2136270,Sooriyagoda,251,250,501,15
LK2136275,Malgammana,251,250,501,15
LK2136280,Moladanda,251,250,501,15
LK2136285,Giragama,251,250,501,15
LK2136290,Arambegama East,251,250,501,15
LK2136295,Kudaoya,251,250,501,15
LK2136300,Kurunduwatta,251,250,501,15
LK2136305,Kandangama North,251,250,501,15
LK2136310,Mamudawala,251,250,501,15
LK2136315,Maligathenna,251,250,501,15
LK2136320,Ketakumbura,251,250,501,15
LK2136325,Amunupura,251,250,501,15
LK2136330,Moragolla Mahakanda,251,250,501,15
LK2136335,Balana,251,250,501,15
LK2136340,Weralugolla,251,250,501,15
LK2136345,Pahala Mudaliwatta,251,250,501,15
LK2136350,Mudaliwatta,251,250,501,15
LK2136355,Panabokka,251,250,501,15
LK2136360,Kandangama South,251,250,501,15
LK2136365,Kotabogoda,251,250,501,15
LK2136370,Urapola,251,250,501,15
LK2136375,Arambegama West,251,250,501,15
LK2136380,Embilmeegama North,251,250,501,15
LK2136385,Ranawana,251,250,501,15
LK2136390,Bulumulla,251,250,501,15
LK2136395,Pilapitiya,251,250,501,15
LK2136400,Kiribathkumbura East,251,250,501,15
LK2136405,Dehideniya East,251,250,501,15
LK2136410,Kendakaduwa,251,250,501,15
LK2136415,Gannoruwa East,251,250,501,15
LK2136420,Uda Eriyagama East,251,250,501,15
LK2136425,Uda Eriyagama West,251,250,501,15
LK2136430,Edanduwawa East,251,250,501,15
LK2136435,Edanduwawa West,251,250,501,15
LK2136440,Kiribathkumbura West,251,250,501,15
LK2136445,Embilmeegama South,251,250,501,15
LK2136450,Govindala,251,250,501,15
LK2136455,Pilimathalawa,251,250,501,15
LK2136460,Ilukwatta,251,250,501,15
LK2136465,Madarangoda,251,250,501,15
LK2136470,Kadawathgama,251,250,501,15
LK2136475,Kadugannawa Town,251,250,501,15
LK2139,Udunuwara,23833,23833,47666,15
LK2139005,Gangoda,193,192,385,15
LK2139010,Gangoda North,192,192,384,15
LK2139015,Werellamana,192,192,384,15
LK2139020,Thalawatta,192,192,384,15
LK2139025,Boyagama,192,192,384,15
LK2139030,Gangoda South,192,192,384,15
LK2139035,Gadaladeniya North,192,192,384,15
LK2139040,Kiriwavula East,192,192,384,15
LK2139045,Kiriwavula West,192,192,384,15
LK2139050,Alanduwaka,192,192,384,15
LK2139055,Pahala Koorukuttala,192,192,384,15
LK2139060,Ihala Koorukuttala,192,192,384,15
LK2139065,Belungala,192,192,384,15
LK2139070,Lagamuwa,192,192,384,15
LK2139075,Mathgamuwa,192,192,384,15
LK2139080,Urulewatta,192,192,384,15
LK2139085,Warakagoda,192,192,384,15
LK2139090,Hepana,192,192,384,15
LK2139095,Gadaladeniya South,192,192,384,15
LK2139100,Deliwala,192,192,384,15
LK2139105,Pamunuwa West,192,192,384,15
LK2139110,Pamunuwa East,192,192,384,15
LK2139115,Mampitiya,192,192,384,15
LK2139120,Rajagiriya,192,192,384,15
LK2139125,Hendeniya West,192,192,384,15
LK2139130,Hendeniya East,192,192,384,15
LK2139135,Penideniya,192,192,384,15
LK2139140,Sangabogama,192,192,384,15
LK2139145,Meewathura,192,192,384,15
LK2139150,Angunawala East,192,192,384,15
LK2139155,Angunawala West,192,192,384,15
LK2139160,Yalegoda East,192,192,384,15
LK2139165,Yalegoda West,192,192,384,15
LK2139170,Alapalawala East,192,192,384,15
LK2139175,Alapalawala West,192,192,384,15
LK2139180,Walgama,192,192,384,15
LK2139185,Rabbegamuwa North,192,192,384,15
LK2139190,Rabbegamuwa South,192,192,384,15
LK2139195,Hiddavulla East,192,192,384,15
LK2139200,Ganguldeniya,192,192,384,15
LK2139205,Wattappola,192,192,384,15
LK2139210,Walagedara North,192,192,384,15
LK2139215,Udagama,192,192,384,15
LK2139220,Aluthkanda,192,192,384,15
LK2139225,Sadikkawatta,192,192,384,15
LK2139230,Kovilakanda,192,192,384,15
LK2139235,Walagedara South,192,192,384,15
LK2139240,Nikahetiya,192,192,384,15
LK2139245,Panabokka,192,192,384,15
LK2139250,Hiddavulla West,192,192,384,15
LK2139255,Hiyarapitiya,192,192,384,15
LK2139260,Heeyawala,192,192,384,15
LK2139265,Imbuldeniya,192,192,384,15
LK2139270,Naranwala,192,192,384,15
LK2139275,Handessa,192,192,384,15
LK2139280,Piligalla West,192,192,384,15
LK2139285,Piligalla East,192,192,384,15
LK2139290,Godapola West,192,192,384,15
LK2139295,Godapola East,192,192,384,15
LK2139300,Kamburadeniya,192,192,384,15
LK2139305,Meewaladeniya,192,192,384,15
LK2139310,Arattana,192,192,384,15
LK2139315,Davulagala,192,192,384,15
LK2139320,Aravuwawala,192,192,384,15
LK2139325,Rangama,192,192,384,15
LK2139330,Wathupola,192,192,384,15
LK2139335,Manikkawa,192,192,384,15
LK2139340,Elpitikanda,192,192,384,15
LK2139345,Kooradeniya,192,192,384,15
LK2139350,Ambanwala,192,192,384,15
LK2139355,Werawala East,192,192,384,15
LK2139360,Werawala West,192,192,384,15
LK2139365,Siyambalagoda,192,192,384,15
LK2139370,Meddegoda,192,192,384,15
LK2139375,Embekka,192,192,384,15
LK2139380,Ambarapola,192,192,384,15
LK2139385,Eladetta West,192,192,384,15
LK2139390,Ihala Pethiyagoda,192,192,384,15
LK2139395,Pethiyagoda West,192,192,384,15
LK2139400,Pethiyagoda East,192,192,384,15
LK2139405,Palle Aludeniya,192,192,384,15
LK2139410,Karamada North,192,192,384,15
LK2139415,Nawa Peradeniya,192,192,384,15
LK2139420,Karamada South,192,192,384,15
LK2139425,Nawa Elpitiya North,192,192,384,15
LK2139430,Gelioya,192,192,384,15
LK2139435,Dehipagoda West,192,192,384,15
LK2139440,Dehipagoda East,192,192,384,15
LK2139445,Eladetta East,192,192,384,15
LK2139450,Hathnagoda,192,192,384,15
LK2139455,Ketakumbura,192,192,384,15
LK2139460,Boowelikada,192,192,384,15
LK2139465,Dodamdeniya,192,192,384,15
LK2139470,Batupitiya,192,192,384,15
LK2139475,Bambaradeniya,192,192,384,15
LK2139480,Pilapitiya,192,192,384,15
LK2139485,Rangoda,192,192,384,15
LK2139490,Ambagasthenna,192,192,384,15
LK2139495,Welamboda,192,192,384,15
LK2139500,Liyangaha Watta,192,192,384,15
LK2139505,Maveekumbura North,192,192,384,15
LK2139510,Maveekumbura South,192,192,384,15
LK2139515,Watadeniya,192,192,384,15
LK2139520,Viharagama,192,192,384,15
LK2139525,Ganhatha,192,192,384,15
LK2139530,Daskara,192,192,384,15
LK2139535,Wegiriya East,192,192,384,15
LK2139540,Thalawathura,192,192,384,15
LK2139545,Muruthagahamula,192,192,384,15
LK2139550,Pitawalawatta,192,192,384,15
LK2139555,Nawa Elpitiya South,192,192,384,15
LK2139560,Polgahaanga,192,192,384,15
LK2139565,Delgahapitiya,192,192,384,15
LK2139570,Weligalla,192,192,384,15
LK2139575,Uda Aludeniya,192,192,384,15
LK2139580,Palkumbura,192,192,384,15
LK2139585,Lunugama,192,192,384,15
LK2139590,Hondiyadeniya,192,192,384,15
LK2139595,Wegiriya West,192,192,384,15
LK2139600,Kotagaloluwa,192,192,384,15
LK2139605,Deldeniya,192,192,384,15
LK2139610,Dihitideniya,192,192,384,15
LK2139615,Appallagoda East,192,192,384,15
LK2139620,Appallagoda West,192,192,384,15
LK2142,Doluwa,23833,23833,47666,15
LK2142005,Galoya,723,722,1445,15
LK2142010,Haloya,722,722,1444,15
LK2142015,Wariyagala,722,722,1444,15
LK2142020,Megoda Kalugamuwa,722,722,1444,15
LK2142025,Ganegoda,722,722,1444,15
LK2142030,Godawela,722,722,1444,15
LK2142035,Nawa Gurukele,722,722,1444,15
LK2142040,Nillamba,722,722,1444,15
LK2142045,Nawa Nillamba,722,722,1444,15
LK2142050,Palledelthota,722,722,1444,15
LK2142055,Gurukele,722,722,1444,15
LK2142060,Legumdeniya,722,722,1444,15
LK2142065,Orayanwatta,722,722,1444,15
LK2142070,Doluwa,722,722,1444,15
LK2142075,Inguruwatta,722,722,1444,15
LK2142080,Naranvita,722,722,1444,15
LK2142085,Atuwewatta,722,722,1444,15
LK2142090,Gampolawatta,722,722,1444,15
LK2142095,Wewathenna,722,722,1444,15
LK2142100,Thundeniya,722,722,1444,15
LK2142105,Kahawatta,722,722,1444,15
LK2142110,Gothatuwela,722,722,1444,15
LK2142115,Millagahamula,722,722,1444,15
LK2142120,Pabadeniya,722,722,1444,15
LK2142125,Panvilathenna,722,722,1444,15
LK2142130,Masgolla,722,722,1444,15
LK2142135,Thumpelawaka,722,722,1444,15
LK2142140,Mulgama,722,722,1444,15
LK2142145,Ududeniya,722,722,1444,15
LK2142150,Hunugala,722,722,1444,15
LK2142155,Rajathalawa,722,722,1444,15
LK2142160,Pupuressa,722,722,1444,15
LK2142165,Pitawala,722,722,1444,15
LK2145,Pathahewaheta,23833,23833,47666,15
LK2145005,Uduwelawatta Colony,327,326,653,15
LK2145010,Galthenna,326,326,652,15
LK2145015,Wathuliyedda,326,326,652,15
LK2145020,Monarangala,326,326,652,15
LK2145025,Nehiniwela,326,326,652,15
LK2145030,Godompitiya,326,326,652,15
LK2145035,Hippola,326,326,652,15
LK2145040,Kossinna,326,326,652,15
LK2145045,Thalathuoya West,326,326,652,15
LK2145050,Pussathenna,326,326,652,15
LK2145055,Pinnagolla,326,326,652,15
LK2145060,Singharagama,326,326,652,15
LK2145065,Haragama,326,326,652,15
LK2145070,Kapuliyadda East,326,326,652,15
LK2145075,Kapuliyadda West,326,326,652,15
LK2145080,Doolmure,326,326,652,15
LK2145085,Bootawatta North,326,326,652,15
LK2145090,Thalathuoya East,326,326,652,15
LK2145095,Ankelipitiya,326,326,652,15
LK2145100,Batagalla,326,326,652,15
LK2145105,Ethulgama East,326,326,652,15
LK2145110,Ethulgama North,326,326,652,15
LK2145115,Uduwela Pallegama East,326,326,652,15
LK2145120,Uduwela Pallegama West,326,326,652,15
LK2145125,Uduwela Pallegama South,326,326,652,15
LK2145130,Uduwela Udagama West,326,326,652,15
LK2145135,Uduwela Udagama East,326,326,652,15
LK2145140,Ratemulla,326,326,652,15
LK2145145,Pooliyadda,326,326,652,15
LK2145150,Ethulgama West,326,326,652,15
LK2145155,Ethulgama South,326,326,652,15
LK2145160,Haputhale Egodagama,326,326,652,15
LK2145165,Haputhale Udagama,326,326,652,15
LK2145170,Moragolla,326,326,652,15
LK2145175,Haputhale Pallegama,326,326,652,15
LK2145180,Nugaliyadda Ihala,326,326,652,15
LK2145185,Nugaliyadda Pahala,326,326,652,15
LK2145190,Bootawatta South,326,326,652,15
LK2145195,Godamunna West,326,326,652,15
LK2145200,Narangasthenna,326,326,652,15
LK2145205,Godalawela,326,326,652,15
LK2145210,Bolepa,326,326,652,15
LK2145215,Pathamailapitiya South,326,326,652,15
LK2145220,Pathamailapitiya North,326,326,652,15
LK2145225,Udamailapitiya North,326,326,652,15
LK2145230,Damunugolla,326,326,652,15
LK2145235,Marassana,326,326,652,15
LK2145240,Medadeniya,326,326,652,15
LK2145245,Welegama,326,326,652,15
LK2145250,Godamunna East,326,326,652,15
LK2145255,Letiyagolla,326,326,652,15
LK2145260,Sriyagama,326,326,652,15
LK2145265,Medagama Udagama,326,326,652,15
LK2145270,Medagama Pallegama,326,326,652,15
LK2145275,Kandewela,326,326,652,15
LK2145280,Elikewela,326,326,652,15
LK2145285,Meeruppa,326,326,652,15
LK2145290,Kethigannawela,326,326,652,15
LK2145295,Udamailapitiya South,326,326,652,15
LK2145300,Galagoda,326,326,652,15
LK2145305,Hewavissa East,326,326,652,15
LK2145310,Hewavissa West,326,326,652,15
LK2145315,Bawlana,326,326,652,15
LK2145320,Oluwawatta,326,326,652,15
LK2145325,Kiriwanagoda,326,326,652,15
LK2145330,Ududeniya Madige,326,326,652,15
LK2145335,Unuvinna East,326,326,652,15
LK2145340,Unuvinna West,326,326,652,15
LK2145345,Ududeniya,326,326,652,15
LK2145350,Bopitiya,326,326,652,15
LK2145355,Pothgoda,326,326,652,15
LK2145360,Kahambiliyawa,326,326,652,15
LK2145365,Neelawala,326,326,652,15
LK2148,Deltota,23833,23833,47666,15
LK2148005,Perawatta West,822,822,1644,15
LK2148010,Perawatta East,822,821,1643,15
LK2148015,Palugama,822,821,1643,15
LK2148020,Udadelthota,822,821,1643,15
LK2148025,Galaha,822,821,1643,15
LK2148030,Suduwella,822,821,1643,15
LK2148035,Greatweliya,822,821,1643,15
LK2148040,Bawlanawatta Janapadaya,822,821,1643,15
LK2148045,Maussawa,822,821,1643,15
LK2148050,Wanahapuwa,822,821,1643,15
LK2148055,Bopitiya Nagaraya,822,821,1643,15
LK2148060,Medakekila,822,821,1643,15
LK2148065,Karagaskada South,822,821,1643,15
LK2148070,Karagaskada North,822,821,1643,15
LK2148075,Gonangoda,822,821,1643,15
LK2148080,Kandegama,822,821,1643,15
LK2148085,Wetakepotha,822,821,1643,15
LK2148090,Pattiyagama Pallegama,822,821,1643,15
LK2148095,Kiriwanaketiya,822,821,1643,15
LK2148100,Kolambissa West,822,821,1643,15
LK2148105,Murapola West,822,821,1643,15
LK2148110,Murapola East,822,821,1643,15
LK2148115,Kolambissa East,822,821,1643,15
LK2148120,Nawaneliya,822,821,1643,15
LK2148125,Kotagepitiya,822,821,1643,15
LK2148130,Wadiyagoda,822,821,1643,15
LK2148135,Pattiyagama Udagama,822,821,1643,15
LK2148140,Pattiyagama Gabadagama North,822,821,1643,15
LK2148145,Pattiyagama Gabadagama South,822,821,1643,15
LK2151,Udapalatha,23833,23833,47666,15
LK2151005,Egoda Kalugamuwa,487,486,973,15
LK2151010,Udovita,486,486,972,15
LK2151015,Kirinda,486,486,972,15
LK2151020,Galgediyawa,486,486,972,15
LK2151025,Ranawala,486,486,972,15
LK2151030,Bowala,486,486,972,15
LK2151035,Rathmalkaduwa,486,486,972,15
LK2151040,Hapugaspitiya,486,486,972,15
LK2151045,Unambuwa,486,486,972,15
LK2151050,Ilangawatta,486,486,972,15
LK2151055,Kahatapitiya,486,486,972,15
LK2151060,Bothalapitiya,486,486,972,15
LK2151065,Gampola East,486,486,972,15
LK2151070,Mount Temple,486,486,972,15
LK2151075,Keerapane,486,486,972,15
LK2151080,Sinhapitiya North,486,486,972,15
LK2151085,Sinhapitiya South,486,486,972,15
LK2151090,Gampola West,486,486,972,15
LK2151095,Polkumbura,486,486,972,15
LK2151100,Illawathura,486,486,972,15
LK2151105,Angammana East,486,486,972,15
LK2151110,Angammana West,486,486,972,15
LK2151115,Aregoda,486,486,972,15
LK2151120,Kurukude,486,486,972,15
LK2151125,Kudamake,486,486,972,15
LK2151130,Godagama,486,486,972,15
LK2151135,Jayamalapura,486,486,972,15
LK2151140,Amunupuraya,486,486,972,15
LK2151145,Wattehena,486,486,972,15
LK2151150,Millagaspitiya,486,486,972,15
LK2151155,Udagama,486,486,972,15
LK2151160,Hunukotugama,486,486,972,15
LK2151165,Dunukeulla,486,486,972,15
LK2151170,Wanahapuwa,486,486,972,15
LK2151175,Ihalagama,486,486,972,15
LK2151180,Paradeka,486,486,972,15
LK2151185,Amuhena,486,486,972,15
LK2151190,Delpitiya,486,486,972,15
LK2151195,Nawadevita,486,486,972,15
LK2151200,Galatha,486,486,972,15
LK2151205,Pallegama,486,486,972,15
LK2151210,Pussellawa,486,486,972,15
LK2151215,Wahugapitiya,486,486,972,15
LK2151220,Pussellawagama,486,486,972,15
LK2151225,Doragala,486,486,972,15
LK2151230,Kekulanda,486,486,972,15
LK2151235,Weliganga,486,486,972,15
LK2151240,Kalugalhinna,486,486,972,15
LK2151245,Mawathura,486,486,972,15
LK2154,Ganga Ihala Korale,23833,23833,47666,15
LK2154005,Kohowala,769,769,1538,15
LK2154010,Polmalagama,769,768,1537,15
LK2154015,Galpaya,769,768,1537,15
LK2154020,Herakola,769,768,1537,15
LK2154025,Wallahagoda,769,768,1537,15
LK2154030,Maligapurana,769,768,1537,15
LK2154035,Gampolawela,769,768,1537,15
LK2154040,Ethgala North,769,768,1537,15
LK2154045,Thembiligala,769,768,1537,15
LK2154050,Pellapitiya North,769,768,1537,15
LK2154055,Malwattagama,769,768,1537,15
LK2154060,Giraulla,769,768,1537,15
LK2154065,Karagala,769,768,1537,15
LK2154070,Wetakedeniya,769,768,1537,15
LK2154075,Uduwella,769,768,1537,15
LK2154080,Patithalawa,769,768,1537,15
LK2154085,Kelly Group,769,768,1537,15
LK2154090,Alugolla,769,768,1537,15
LK2154095,Gemunupura,769,768,1537,15
LK2154100,Yatapana,769,768,1537,15
LK2154105,Pellapitiya South,769,768,1537,15
LK2154110,Ulapane North,769,768,1537,15
LK2154115,Udagama,769,768,1537,15
LK2154120,Ethgala West,769,768,1537,15
LK2154125,Ethgala East,769,768,1537,15
LK2154130,Sinhapura,769,768,1537,15
LK2154135,Ulapane South,769,768,1537,15
LK2154140,Pitakanda,769,768,1537,15
LK2154145,Udahenthenna,769,768,1537,15
LK2154150,Rakshawa,769,768,1537,15
LK2154155,Miyanagolla,769,768,1537,15
LK2157,Pasbagekorale,23833,23833,47666,15
LK2157005,Pallegama,822,822,1644,15
LK2157010,Warakawa,822,821,1643,15
LK2157015,Weligodawatta,822,821,1643,15
LK2157020,Dandubediruppa,822,821,1643,15
LK2157025,Penithuduwa,822,821,1643,15
LK2157030,Pahala Rambukpitiya,822,821,1643,15
LK2157035,Uda Rambukpitiya,822,821,1643,15
LK2157040,Balanthota North,822,821,1643,15
LK2157045,Weligampola,822,821,1643,15
LK2157050,Karahandungala,822,821,1643,15
LK2157055,Nawalapitiya South,822,821,1643,15
LK2157060,Nawalapitiya North,822,821,1643,15
LK2157065,Nawalapitiya West,822,821,1643,15
LK2157070,Nawalapitiya East,822,821,1643,15
LK2157075,Imbulpitiya,822,821,1643,15
LK2157080,Greenwood,822,821,1643,15
LK2157085,Bawwagama,822,821,1643,15
LK2157090,Kendopitiya,822,821,1643,15
LK2157095,Aluthgama,822,821,1643,15
LK2157100,Balanthota South,822,821,1643,15
LK2157105,Dekinda,822,821,1643,15
LK2157110,Mapakanda North,822,821,1643,15
LK2157115,Inguruoya North,822,821,1643,15
LK2157120,Kadiyanlena,822,821,1643,15
LK2157125,Westhole,822,821,1643,15
LK2157130,Inguruoya South,822,821,1643,15
LK2157135,Mapakanda South,822,821,1643,15
LK2157140,Wewegama,822,821,1643,15
LK2157145,Hydree,822,821,1643,15
LK22,Matale,476667,476666,953333,15
LK2203,Galewela,43334,43333,86667,15
LK2203005,Wetakoluwewa,735,734,1469,15
LK2203010,Dewahoowa Colony 2,734,734,1468,15
LK2203015,Makulugaswewa,734,734,1468,15
LK2203020,Ibbankatuwa,734,734,1468,15
LK2203025,Thalakiriyagama,734,734,1468,15
LK2203030,Thennakonpura,734,734,1468,15
LK2203035,Dandubendiruppa,734,734,1468,15
LK2203040,Dewahoowa Colony 1,734,734,1468,15
LK2203045,Bulanawewa,734,734,1468,15
LK2203050,Pahala Diggala,734,734,1468,15
LK2203055,Meewalapathaha,734,734,1468,15
LK2203060,Pahala Wewa,734,734,1468,15
LK2203065,Yatigalpotta,734,734,1468,15
LK2203070,Kumbukgolla,734,734,1468,15
LK2203075,Kosgahahinna,734,734,1468,15
LK2203080,Ralalerotawewa,734,734,1468,15
LK2203085,Moragolla,734,734,1468,15
LK2203090,Pibidunugama,734,734,1468,15
LK2203095,Aluthwewa,734,734,1468,15
LK2203100,Bambaragaswewa,734,734,1468,15
LK2203105,Beliyakanda,734,734,1468,15
LK2203110,Puwakpitiya,734,734,1468,15
LK2203115,Walaswewa,734,734,1468,15
LK2203120,Galapamula,734,734,1468,15
LK2203125,Damunumulla,734,734,1468,15
LK2203130,Pattiwela,734,734,1468,15
LK2203135,Nilagama,734,734,1468,15
LK2203140,Hombawa,734,734,1468,15
LK2203145,Silwathgama,734,734,1468,15
LK2203150,Weragalawatta,734,734,1468,15
LK2203155,Palu Hombawa,734,734,1468,15
LK2203160,Dambawatawana,734,734,1468,15
LK2203165,Nabadagahawatta,734,734,1468,15
LK2203170,Galewela Town,734,734,1468,15
LK2203175,Pathkolagolla,734,734,1468,15
LK2203180,Kospotha,734,734,1468,15
LK2203185,Ranwediyawa,734,734,1468,15
LK2203190,Pahala Bambawa,734,734,1468,15
LK2203195,Danduyaya,734,734,1468,15
LK2203200,Dambagolla,734,734,1468,15
LK2203205,Ihala Bambawa,734,734,1468,15
LK2203210,Siyambalagahawela,734,734,1468,15
LK2203215,Pihilyaya,734,734,1468,15
LK2203220,Medabedda North,734,734,1468,15
LK2203225,Divulgaskotuwa,734,734,1468,15
LK2203230,Hathadukkuwa,734,734,1468,15
LK2203235,Beligamuwa,734,734,1468,15
LK2203240,Medabedda South,734,734,1468,15
LK2203245,Wahakotte,734,734,1468,15
LK2203250,Galgodayaya,734,734,1468,15
LK2203255,Palapathwala,734,734,1468,15
LK2203260,Dembawa,734,734,1468,15
LK2203265,Elamalpotha,734,734,1468,15
LK2203270,Yatiwehera,734,734,1468,15
LK2203275,Lenawala,734,734,1468,15
LK2203280,Hewanwela,734,734,1468,15
LK2203285,Wegodapola,734,734,1468,15
LK2203290,Kendangamuwa,734,734,1468,15
LK2203295,Madipola,734,734,1468,15
LK2206,Dambulla,43333,43333,86666,15
LK2206005,Siyambala Wewa,748,747,1495,15
LK2206010,Avudangawa,747,747,1494,15
LK2206015,Gedigaswalana,747,747,1494,15
LK2206020,Pidurangala,747,747,1494,15
LK2206025,Thalkote,747,747,1494,15
LK2206030,Digampathaha,747,747,1494,15
LK2206035,Inamaluwa,747,747,1494,15
LK2206040,Nagalawewa,747,747,1494,15
LK2206045,Pothana,747,747,1494,15
LK2206050,Kimbissa,747,747,1494,15
LK2206055,Egodawewa,747,747,1494,15
LK2206060,Palutawa,747,747,1494,15
LK2206065,Sigiriya,747,747,1494,15
LK2206070,Mailattawa,747,747,1494,15
LK2206075,Pol Attawa,747,747,1494,15
LK2206080,Nikawatawana,747,747,1494,15
LK2206085,Kumbukkandanwala,747,747,1494,15
LK2206090,Bellanneoya,747,747,1494,15
LK2206095,Rathmalkatuwa,747,747,1494,15
LK2206100,Welihena,747,747,1494,15
LK2206105,Etawarahena,747,747,1494,15
LK2206110,Pallegama,747,747,1494,15
LK2206115,Bulagala,747,747,1494,15
LK2206120,Pelvehera,747,747,1494,15
LK2206130,Pahala Erevula,747,747,1494,15
LK2206135,Ihala Ereula,747,747,1494,15
LK2206140,Welangolla,747,747,1494,15
LK2206145,Wewala Wewa,747,747,1494,15
LK2206150,Yakkuragala North,747,747,1494,15
LK2206155,Vilhatha,747,747,1494,15
LK2206160,Athuparayaya,747,747,1494,15
LK2206165,Pahala Wewa,747,747,1494,15
LK2206170,Dambulla Town,747,747,1494,15
LK2206175,Dambulugama,747,747,1494,15
LK2206180,Haluapullana Wewa,747,747,1494,15
LK2206185,Pohoranwewa,747,747,1494,15
LK2206190,Yapagama,747,747,1494,15
LK2206195,Rathmalgaha Ela,747,747,1494,15
LK2206200,Yakkuragala South,747,747,1494,15
LK2206205,Kalundewa Aluthgama,747,747,1494,15
LK2206210,Angunawel Pelessa,747,747,1494,15
LK2206215,Kalogaha Ela,747,747,1494,15
LK2206220,Thittawelgolla,747,747,1494,15
LK2206225,Moragollewa,747,747,1494,15
LK2206230,Kapuwatta,747,747,1494,15
LK2206235,Kiralagolla,747,747,1494,15
LK2206240,Wavulambe,747,747,1494,15
LK2206245,Embulambe,747,747,1494,15
LK2206250,Puwak Attawala,747,747,1494,15
LK2206255,Kalundewa Paranagama,747,747,1494,15
LK2206260,Walgamwewa,747,747,1494,15
LK2206270,Pannampitiya,747,747,1494,15
LK2206275,Welamitiyawa,747,747,1494,15
LK2206280,Etha Bendiwewa,747,747,1494,15
LK2206285,Lenadora North,747,747,1494,15
LK2206290,Lenadora South,747,747,1494,15
LK2206295,Nayakumbura,747,747,1494,15
LK2206300,Kandalama,747,747,1494,15
LK2209,Naula,43333,43333,86666,15
LK2209005,Ussattawa,834,833,1667,15
LK2209010,Nikula,833,833,1666,15
LK2209015,Serudandapola,833,833,1666,15
LK2209020,Haduwa,833,833,1666,15
LK2209025,Bambaragahawatta,833,833,1666,15
LK2209030,Dambagolla,833,833,1666,15
LK2209035,Helambagahawatta,833,833,1666,15
LK2209040,Pubbiliya,833,833,1666,15
LK2209045,Thalagoda,833,833,1666,15
LK2209050,Maragamuwa,833,833,1666,15
LK2209055,Haduwela,833,833,1666,15
LK2209060,Dodamattawela,833,833,1666,15
LK2209065,Karavilahena,833,833,1666,15
LK2209070,Bobella,833,833,1666,15
LK2209075,Bibila,833,833,1666,15
LK2209080,Murutholuwa,833,833,1666,15
LK2209085,Mailpitiya,833,833,1666,15
LK2209090,Wewattawa,833,833,1666,15
LK2209095,Penalaboda,833,833,1666,15
LK2209100,Naula,833,833,1666,15
LK2209105,Meegaha Ela,833,833,1666,15
LK2209110,Bowathenna Watta,833,833,1666,15
LK2209115,Koombiyangahaela,833,833,1666,15
LK2209120,Millagahamula Thenna,833,833,1666,15
LK2209125,Medapihilla,833,833,1666,15
LK2209130,Kadawatha,833,833,1666,15
LK2209135,Galporugolla,833,833,1666,15
LK2209140,Elagamuwa,833,833,1666,15
LK2209145,Kongahawela,833,833,1666,15
LK2209150,Rajawela,833,833,1666,15
LK2209155,Ganimayaya,833,833,1666,15
LK2209160,Moragahamada,833,833,1666,15
LK2209165,Pilihudugolla Pahalagama,833,833,1666,15
LK2209170,Pilihudugolla Ihalagama,833,833,1666,15
LK2209175,Arangala,833,833,1666,15
LK2209180,Habaragahamada,833,833,1666,15
LK2209185,Elhena,833,833,1666,15
LK2209190,Diyankaduwa,833,833,1666,15
LK2209195,Alugolla,833,833,1666,15
LK2209200,Nalanda,833,833,1666,15
LK2209205,Wambatuyaya,833,833,1666,15
LK2209210,Meegolla,833,833,1666,15
LK2209215,Ududeniya,833,833,1666,15
LK2209220,Hapugasyaya,833,833,1666,15
LK2209225,Lihinipitiya,833,833,1666,15
LK2209230,Senagama,833,833,1666,15
LK2209235,Andawala,833,833,1666,15
LK2209240,Opalgala,833,833,1666,15
LK2209245,Ambana,833,833,1666,15
LK2209250,Moragolla,833,833,1666,15
LK2209255,Galboda,833,833,1666,15
LK2209260,Kambarawa,833,833,1666,15
LK2212,Pallepola,43333,43333,86666,15
LK2212005,Janakagama,985,985,1970,15
LK2212010,Nilannoruwa Colony,985,984,1969,15
LK2212015,Aluthgama,985,984,1969,15
LK2212020,Demada Oya,985,984,1969,15
LK2212025,Mananwatta,985,984,1969,15
LK2212030,Nilannoruwa,985,984,1969,15
LK2212035,Thalakiriyawa,985,984,1969,15
LK2212040,Kirioruwa,985,984,1969,15
LK2212045,Kosgolla,985,984,1969,15
LK2212050,Nagahapola,985,984,1969,15
LK2212055,Bomeruwa,985,984,1969,15
LK2212060,Kobbevehera,985,984,1969,15
LK2212065,Millawana Pahalagama,985,984,1969,15
LK2212070,Millawana Medagama,985,984,1969,15
LK2212075,Kandewatta,985,984,1969,15
LK2212080,Mahayayawatta,985,984,1969,15
LK2212085,Medalanda,985,984,1969,15
LK2212090,Walmoruwa,985,984,1969,15
LK2212095,Moragaspitiya,985,984,1969,15
LK2212100,Akuramboda,985,984,1969,15
LK2212105,Dewarammulla,985,984,1969,15
LK2212110,Millawana Ihalagama,985,984,1969,15
LK2212115,Ambokka,985,984,1969,15
LK2212120,Maningamuwa West,985,984,1969,15
LK2212125,Maningamuwa East,985,984,1969,15
LK2212130,Koswatta,985,984,1969,15
LK2212135,Ekamuthugama,985,984,1969,15
LK2212140,Ambokudena,985,984,1969,15
LK2212145,Koholanwala,985,984,1969,15
LK2212150,Udurampelessa,985,984,1969,15
LK2212155,Ehelepola,985,984,1969,15
LK2212160,Pallepola North,985,984,1969,15
LK2212165,Monaravila,985,984,1969,15
LK2212170,Galahitiyagama,985,984,1969,15
LK2212175,Rusigama Ihalagama,985,984,1969,15
LK2212180,Rusigama Pahalagama,985,984,1969,15
LK2212185,Pallepola South,985,984,1969,15
LK2212190,Kinigama,985,984,1969,15
LK2212195,Paldeniya,985,984,1969,15
LK2212200,Dodamgasyaya,985,984,1969,15
LK2212205,Ariyagama,985,984,1969,15
LK2212210,Polwatta,985,984,1969,15
LK2212215,Thembilideniya North,985,984,1969,15
LK2212220,Dimbulgamuwa,985,984,1969,15
LK2215,Yatawatta,43333,43333,86666,15
LK2215005,Udagama West,788,788,1576,15
LK2215010,Selagama,788,787,1575,15
LK2215015,Selagama East,788,787,1575,15
LK2215020,Thembilideniya,788,787,1575,15
LK2215025,Mathale North,788,787,1575,15
LK2215030,Kavudupelella,788,787,1575,15
LK2215035,Mahawela,788,787,1575,15
LK2215040,Mahawela West,788,787,1575,15
LK2215045,Delgolla,788,787,1575,15
LK2215050,Galagama,788,787,1575,15
LK2215055,Nagolla,788,787,1575,15
LK2215060,Udagama,788,787,1575,15
LK2215065,Urulewatta,788,787,1575,15
LK2215070,Yatawatta,788,787,1575,15
LK2215075,Mediyapola,788,787,1575,15
LK2215080,Nikagolla,788,787,1575,15
LK2215085,Nikagolla North,788,787,1575,15
LK2215090,Dikkumbura West,788,787,1575,15
LK2215095,Rathalawewa,788,787,1575,15
LK2215100,Dikkumbura,788,787,1575,15
LK2215105,Wattegedara,788,787,1575,15
LK2215110,Galaliyadda,788,787,1575,15
LK2215115,Muruthawatta,788,787,1575,15
LK2215120,Deevilla North,788,787,1575,15
LK2215125,Deevilla,788,787,1575,15
LK2215130,Dangan Place,788,787,1575,15
LK2215135,Alokagama,788,787,1575,15
LK2215140,Walpola,788,787,1575,15
LK2215145,Maligathenna,788,787,1575,15
LK2215155,Ambanpola,788,787,1575,15
LK2215160,Lakshahena,788,787,1575,15
LK2215165,Deevilla South,788,787,1575,15
LK2215170,Gammulla,788,787,1575,15
LK2215175,Mottuwela,788,787,1575,15
LK2215180,Idangama,788,787,1575,15
LK2215185,Udasgiriya,788,787,1575,15
LK2215190,Ethipallawala,788,787,1575,15
LK2215195,Aluthgama North,788,787,1575,15
LK2215200,Aluthgama,788,787,1575,15
LK2215205,Pamunuwa,788,787,1575,15
LK2215210,Walawela,788,787,1575,15
LK2215215,Unaweruwa,788,787,1575,15
LK2215220,Madadeniya,788,787,1575,15
LK2215225,Mathalapitiya,788,787,1575,15
LK2215230,Mathalapitiya South,788,787,1575,15
LK2215235,Rathninda,788,787,1575,15
LK2215240,Asgiri Dorakumbura,788,787,1575,15
LK2215245,Asgiri Dorakumbura East,788,787,1575,15
LK2215250,Polwatta,788,787,1575,15
LK2215255,Dullewa,788,787,1575,15
LK2215260,Dullewa East,788,787,1575,15
LK2215265,Thalgahagoda,788,787,1575,15
LK2215270,Daluwela,788,787,1575,15
LK2215275,Ethipola,788,787,1575,15
LK2215280,Ethipola West,788,787,1575,15
LK2218,Matale,43333,43333,86666,15
LK2218005,Narangamuwa,850,850,1700,15
LK2218010,Madawala Ulpatha,850,849,1699,15
LK2218015,Thalagasyaya,850,849,1699,15
LK2218020,Madawala,850,849,1699,15
LK2218025,Rajjammana,850,849,1699,15
LK2218030,Moragahamada,850,849,1699,15
LK2218035,Hathamunagala,850,849,1699,15
LK2218040,Ankanda,850,849,1699,15
LK2218045,Puwakpitiya,850,849,1699,15
LK2218050,Walliwela,850,849,1699,15
LK2218055,Galwadukumbura,850,849,1699,15
LK2218060,Dombawela,850,849,1699,15
LK2218065,Kawatayamuna,850,849,1699,15
LK2218070,Eriyagolla,850,849,1699,15
LK2218075,Imbulandanda,850,849,1699,15
LK2218080,Golahenwatta,850,849,1699,15
LK2218085,Parana Dombawela,850,849,1699,15
LK2218090,Ellepola,850,849,1699,15
LK2218095,Palapathwala,850,849,1699,15
LK2218100,Kottagoda,850,849,1699,15
LK2218105,Owala Polwatta,850,849,1699,15
LK2218110,Makulgaharuppa,850,849,1699,15
LK2218115,Udugama,850,849,1699,15
LK2218125,Dunkalawatta,850,849,1699,15
LK2218130,Dorakumbura,850,849,1699,15
LK2218135,Biridewala,850,849,1699,15
LK2218140,Aluvihare,850,849,1699,15
LK2218145,Dikkiriya,850,849,1699,15
LK2218150,Parawatta,850,849,1699,15
LK2218155,Kaludewala,850,849,1699,15
LK2218160,Mandandawela,850,849,1699,15
LK2218165,Bogahakotuwa,850,849,1699,15
LK2218170,Harasgama,850,849,1699,15
LK2218175,Kandegedara,850,849,1699,15
LK2218180,Malwatta,850,849,1699,15
LK2218185,Vihara Road,850,849,1699,15
LK2218190,Muslim Town,850,849,1699,15
LK2218195,Oya Pahala,850,849,1699,15
LK2218200,Gongawela,850,849,1699,15
LK2218205,Sinhala Town,850,849,1699,15
LK2218210,Dodamdeniya,850,849,1699,15
LK2218215,Hulangamuwa South,850,849,1699,15
LK2218220,Hulangamuwa North,850,849,1699,15
LK2218225,Diyabubula,850,849,1699,15
LK2218230,Maligathenna,850,849,1699,15
LK2218235,Nagolla,850,849,1699,15
LK2218240,Pandivita,850,849,1699,15
LK2218245,Pandivita Welagama,850,849,1699,15
LK2218250,Kotuwegedara North,850,849,1699,15
LK2218255,Koombiyangoda,850,849,1699,15
LK2218260,Kotuwegedara South,850,849,1699,15
LK2221,Ambanganga,43333,43333,86666,15
LK2221005,Kumbaloluwa,2281,2281,4562,15
LK2221010,Gammaduwa,2281,2280,4561,15
LK2221015,Kalugalthenna,2281,2280,4561,15
LK2221020,Naguliyadda,2281,2280,4561,15
LK2221025,Kosgolla,2281,2280,4561,15
LK2221030,Imbulgolla,2281,2280,4561,15
LK2221035,Ranmuthugama,2281,2280,4561,15
LK2221040,Raithalawa,2281,2280,4561,15
LK2221045,Thibbatukanatha,2281,2280,4561,15
LK2221050,Palle Eswedduma,2281,2280,4561,15
LK2221055,Pallethenna,2281,2280,4561,15
LK2221060,Pussella,2281,2280,4561,15
LK2221065,Sirangahawatta,2281,2280,4561,15
LK2221070,Kavudagammana,2281,2280,4561,15
LK2221075,Narangolla,2281,2280,4561,15
LK2221080,Hunukete,2281,2280,4561,15
LK2221085,Metihakka,2281,2280,4561,15
LK2221095,Cloda,2281,2280,4561,15
LK2221100,Gurubebila,2281,2280,4561,15
LK2224,Laggala,43333,43333,86666,15
LK2224005,Maoya,1172,1171,2343,15
LK2224010,Kandepitawala,1171,1171,2342,15
LK2224015,Dewaladeniya,1171,1171,2342,15
LK2224020,Kaluganga,1171,1171,2342,15
LK2224025,Akarahediya,1171,1171,2342,15
LK2224030,Hattota Amuna,1171,1171,2342,15
LK2224035,Dasgiriya,1171,1171,2342,15
LK2224040,Morathenna,1171,1171,2342,15
LK2224045,Wellewala,1171,1171,2342,15
LK2224050,Weliwaranagolla,1171,1171,2342,15
LK2224055,Leloya,1171,1171,2342,15
LK2224060,Pottatawela,1171,1171,2342,15
LK2224065,Dammanthenna,1171,1171,2342,15
LK2224070,Gangalapuwakpitiya,1171,1171,2342,15
LK2224075,Divulgas Pathana,1171,1171,2342,15
LK2224080,Pitawala,1171,1171,2342,15
LK2224085,Kahagala,1171,1171,2342,15
LK2224090,Ilukkumbura,1171,1171,2342,15
LK2224095,Mahalakotuwa,1171,1171,2342,15
LK2224100,Ganga Henwala,1171,1171,2342,15
LK2224105,Karadamulla,1171,1171,2342,15
LK2224110,Gonawala,1171,1171,2342,15
LK2224115,Laggala Pallegama,1171,1171,2342,15
LK2224120,Miniranketiya,1171,1171,2342,15
LK2224125,Rawanagama,1171,1171,2342,15
LK2224130,Galgedawala,1171,1171,2342,15
LK2224135,Guruwela,1171,1171,2342,15
LK2224140,Kivulawadiya,1171,1171,2342,15
LK2224145,Halminiya,1171,1171,2342,15
LK2224150,Imaduwa,1171,1171,2342,15
LK2224155,Rambukoluwa,1171,1171,2342,15
LK2224160,Meda Ela,1171,1171,2342,15
LK2224165,Rathninda,1171,1171,2342,15
LK2224170,Etanwala,1171,1171,2342,15
LK2224175,Ranamuregama,1171,1171,2342,15
LK2224180,Narangamuwa,1171,1171,2342,15
LK2224185,Lakegala,1171,1171,2342,15
LK2227,Wilgamuwa,43333,43333,86666,15
LK2227005,Kumbukoya,1112,1111,2223,15
LK2227010,Thunhiriyawewa,1111,1111,2222,15
LK2227015,Palupitiya,1111,1111,2222,15
LK2227020,Rattotayaya,1111,1111,2222,15
LK2227025,Dunuvilapitiya,1111,1111,2222,15
LK2227030,Medakanda,1111,1111,2222,15
LK2227035,Aliwanguwa,1111,1111,2222,15
LK2227040,Viharagama,1111,1111,2222,15
LK2227045,Handungamuwa,1111,1111,2222,15
LK2227050,Topwalapitiya,1111,1111,2222,15
LK2227055,Gemburuoya,1111,1111,2222,15
LK2227060,Kumbukandana,1111,1111,2222,15
LK2227065,Lediyangala,1111,1111,2222,15
LK2227070,Karawgahawewa,1111,1111,2222,15
LK2227075,Radunnewewa,1111,1111,2222,15
LK2227080,Maraka,1111,1111,2222,15
LK2227085,Malgammana,1111,1111,2222,15
LK2227090,Bogahawewa,1111,1111,2222,15
LK2227095,Aliyawala,1111,1111,2222,15
LK2227100,Veheragala,1111,1111,2222,15
LK2227105,Himbiliyakada,1111,1111,2222,15
LK2227110,Hettipola,1111,1111,2222,15
LK2227115,Naminioya,1111,1111,2222,15
LK2227120,Dewagiriya,1111,1111,2222,15
LK2227125,Piduruella,1111,1111,2222,15
LK2227130,Guruwelayaya,1111,1111,2222,15
LK2227135,Naminigama,1111,1111,2222,15
LK2227140,Perakanatta,1111,1111,2222,15
LK2227145,Wilgamuwa,1111,1111,2222,15
LK2227150,Wanarawa,1111,1111,2222,15
LK2227155,Bathgampala,1111,1111,2222,15
LK2227160,Nagolla,1111,1111,2222,15
LK2227165,Moragaha Ulpatha,1111,1111,2222,15
LK2227170,Nugagolla,1111,1111,2222,15
LK2227175,Meewaobe,1111,1111,2222,15
LK2227180,80 Yaya,1111,1111,2222,15
LK2227185,Sonutta,1111,1111,2222,15
LK2227190,Uduwelwala,1111,1111,2222,15
LK2227195,Sulugune,1111,1111,2222,15
LK2230,Rattota,43333,43333,86666,15
LK2230005,Ikirigolla,803,802,1605,15
LK2230010,Pahala Owala,802,802,1604,15
LK2230015,Ihala Owala,802,802,1604,15
LK2230020,Kaikawala,802,802,1604,15
LK2230025,Nikawella,802,802,1604,15
LK2230030,Kuruwawa,802,802,1604,15
LK2230035,Rattota,802,802,1604,15
LK2230040,Bodhikotuwa,802,802,1604,15
LK2230045,Dankanda,802,802,1604,15
LK2230050,Kirimetiya,802,802,1604,15
LK2230055,Polwattakanda,802,802,1604,15
LK2230060,Dambagolla,802,802,1604,15
LK2230065,Medawatta,802,802,1604,15
LK2230070,Weralugasthenna,802,802,1604,15
LK2230075,Madakumbura,802,802,1604,15
LK2230080,Maussagolla,802,802,1604,15
LK2230085,Wanaraniya,802,802,1604,15
LK2230090,Lonvil,802,802,1604,15
LK2230095,Maradurawala,802,802,1604,15
LK2230100,Pallegama,802,802,1604,15
LK2230105,Koswana North,802,802,1604,15
LK2230110,Palle Weragama,802,802,1604,15
LK2230115,Viharagama,802,802,1604,15
LK2230120,Kaineka,802,802,1604,15
LK2230125,Uda Weragama,802,802,1604,15
LK2230130,Meda Weragama,802,802,1604,15
LK2230135,Koswana South,802,802,1604,15
LK2230140,Bogambara,802,802,1604,15
LK2230145,Galekoluwa,802,802,1604,15
LK2230150,Welangahawatta,802,802,1604,15
LK2230155,Horagolla,802,802,1604,15
LK2230160,Bambarakiriella,802,802,1604,15
LK2230165,Alakolamada,802,802,1604,15
LK2230170,Udagama,802,802,1604,15
LK2230175,Pitakanda,802,802,1604,15
LK2230180,Gansarapola,802,802,1604,15
LK2230185,Epitamulla,802,802,1604,15
LK2230190,Wetasyaya,802,802,1604,15
LK2230195,Godapola,802,802,1604,15
LK2230200,Ulpothapitiya,802,802,1604,15
LK2230205,Bandarapola,802,802,1604,15
LK2230210,Muwandeniya,802,802,1604,15
LK2230215,Palleyaya,802,802,1604,15
LK2230220,Neluwakanda,802,802,1604,15
LK2230225,Punchiseluwakanda,802,802,1604,15
LK2230230,Thambalagala,802,802,1604,15
LK2230235,Kandenuwara West,802,802,1604,15
LK2230240,Kandenuwara East,802,802,1604,15
LK2230245,Alwatta,802,802,1604,15
LK2230250,Warapitiya,802,802,1604,15
LK2230255,Dombagoda,802,802,1604,15
LK2230260,Pahala Hapuvida,802,802,1604,15
LK2230265,Uda Hapuvida,802,802,1604,15
LK2230270,Hangarankanda,802,802,1604,15
LK2233,Ukuwela,43333,43333,86666,15
LK2233005,Galaudahena,594,594,1188,15
LK2233010,Makulemada,594,593,1187,15
LK2233015,Pathingolla,594,593,1187,15
LK2233020,Wademada,594,593,1187,15
LK2233025,Wattegedara,594,593,1187,15
LK2233030,Watagoda,594,593,1187,15
LK2233035,Pallekumbura,594,593,1187,15
LK2233040,Katuattamada,594,593,1187,15
LK2233045,Panwatta,594,593,1187,15
LK2233050,Alawathuwala,594,593,1187,15
LK2233055,Horagahapitiya,594,593,1187,15
LK2233060,Ovilikanda,594,593,1187,15
LK2233065,Kirimetiyawa,594,593,1187,15
LK2233070,Thenna,594,593,1187,15
LK2233075,Muwagala,594,593,1187,15
LK2233080,Ovilla,594,593,1187,15
LK2233085,Enasalmada,594,593,1187,15
LK2233090,Thibbatuwawa,594,593,1187,15
LK2233095,Dombagasdeniya,594,593,1187,15
LK2233100,Kendagolla,594,593,1187,15
LK2233105,Kohombiliwela,594,593,1187,15
LK2233110,Wariyapola Watta,594,593,1187,15
LK2233115,Wariyapola,594,593,1187,15
LK2233120,Pananthadiya,594,593,1187,15
LK2233125,Nawarathnagoda,594,593,1187,15
LK2233130,Eriyagolla,594,593,1187,15
LK2233135,Katudeniya,594,593,1187,15
LK2233140,Elwala,594,593,1187,15
LK2233145,Pahalawela,594,593,1187,15
LK2233150,Dehipitiya,594,593,1187,15
LK2233155,Purijjala,594,593,1187,15
LK2233160,Udupihilla,594,593,1187,15
LK2233165,Halangoda,594,593,1187,15
LK2233170,Nagahathenna,594,593,1187,15
LK2233175,Warakamura,594,593,1187,15
LK2233180,Meedeniya,594,593,1187,15
LK2233185,Nagolla,594,593,1187,15
LK2233190,Thawalankoya,594,593,1187,15
LK2233195,Dumbukola,594,593,1187,15
LK2233200,Ukuwela,594,593,1187,15
LK2233205,Udupitiya,594,593,1187,15
LK2233210,Kalalpitiya,594,593,1187,15
LK2233215,Balakaduwa,594,593,1187,15
LK2233220,Bowatta,594,593,1187,15
LK2233225,Manaboda,594,593,1187,15
LK2233230,Paragahawela,594,593,1187,15
LK2233235,Udathenna,594,593,1187,15
LK2233240,Hunuketawala,594,593,1187,15
LK2233245,Leliambe,594,593,1187,15
LK2233250,Elkaduwa Watta,594,593,1187,15
LK2233255,Elkaduwa,594,593,1187,15
LK2233260,Udangamuwa,594,593,1187,15
LK2233265,Kendagollamada,594,593,1187,15
LK2233270,Wehigala,594,593,1187,15
LK2233275,Rathwatta,594,593,1187,15
LK2233280,Weligala,594,593,1187,15
LK2233285,Kureewela,594,593,1187,15
LK2233290,Maberiya,594,593,1187,15
LK2233295,Marukona,594,593,1187,15
LK2233300,Gurulawela South,594,593,1187,15
LK2233305,Guralawela North,594,593,1187,15
LK2233310,Nugapitiya,594,593,1187,15
LK2233315,Kandemada,594,593,1187,15
LK2233320,Ulpathapitiya,594,593,1187,15
LK2233325,Raithalawela,594,593,1187,15
LK2233330,Kaduwela,594,593,1187,15
LK2233335,Pujagoda,594,593,1187,15
LK2233340,Pahala Wehigala,594,593,1187,15
LK2233345,Talingamada,594,593,1187,15
LK2233350,Hunnasgiriyawatta,594,593,1187,15
LK2233355,Karagahahinna,594,593,1187,15
LK2233360,Imbulpitiya,594,593,1187,15
LK2233365,Rangama,594,593,1187,15
LK23,Nuwara Eliya,476667,476666,953333,15
LK2303,Kothmale East,47667,47667,95334,15
LK2303040,Nawa Morape,1015,1014,2029,15
LK2303045,Nawa Kadadora,1014,1014,2028,15
LK2303050,Deltagemunupura,1014,1014,2028,15
LK2303055,Hellboda,1014,1014,2028,15
LK2303060,Karagasthalawa,1014,1014,2028,15
LK2303065,Frotoft,1014,1014,2028,15
LK2303070,Ramboda,1014,1014,2028,15
LK2303075,Sangilipalama,1014,1014,2028,15
LK2303080,Panangammana,1014,1014,2028,15
LK2303085,Katukithula,1014,1014,2028,15
LK2303090,Helsirigama,1014,1014,2028,15
LK2303095,Kothmalgama,1014,1014,2028,15
LK2303100,Rajaela,1014,1014,2028,15
LK2303105,Mawela East,1014,1014,2028,15
LK2303110,Mawela West,1014,1014,2028,15
LK2303195,Maswela,1014,1014,2028,15
LK2303205,Mawela Kanda,1014,1014,2028,15
LK2303215,Gomburuoya,1014,1014,2028,15
LK2303220,Wewahinna,1014,1014,2028,15
LK2303225,Delunthalamada,1014,1014,2028,15
LK2303230,Ambathalawa,1014,1014,2028,15
LK2303235,Malhewa,1014,1014,2028,15
LK2303240,Rambodagama,1014,1014,2028,15
LK2303245,Wedamulla,1014,1014,2028,15
LK2303250,Palagolla,1014,1014,2028,15
LK2303255,Niyamgamdora,1014,1014,2028,15
LK2303350,Kirindiwela,1014,1014,2028,15
LK2303355,Kumbaloluwa,1014,1014,2028,15
LK2303360,Medakanda,1014,1014,2028,15
LK2303365,Egodawela,1014,1014,2028,15
LK2303370,Pundaluoya North,1014,1014,2028,15
LK2303375,Labukele,1014,1014,2028,15
LK2303380,Kudaoya,1014,1014,2028,15
LK2303385,Samaneliya,1014,1014,2028,15
LK2303390,Kikiliyamana,1014,1014,2028,15
LK2303395,Dunsinane,1014,1014,2028,15
LK2303400,Sheen,1014,1014,2028,15
LK2303405,Sheengama,1014,1014,2028,15
LK2303410,Pundaluoya South,1014,1014,2028,15
LK2303415,Kadadorapitiya,1014,1014,2028,15
LK2303420,Kosgaha Pathana,1014,1014,2028,15
LK2303425,Karagahayatathenna,1014,1014,2028,15
LK2303430,Bogahawela,1014,1014,2028,15
LK2303435,Halpola,1014,1014,2028,15
LK2303440,Madakumbura,1014,1014,2028,15
LK2303475,Dunukedeniya,1014,1014,2028,15
LK2303480,Medakumbura North,1014,1014,2028,15
LK2306,Hanguranketa,47667,47666,95333,15
LK2306005,Hingurukaduwa,604,603,1207,15
LK2306010,Ambewela,603,603,1206,15
LK2306015,Welikada,603,603,1206,15
LK2306020,Idamalanda,603,603,1206,15
LK2306025,Adikarigama,603,603,1206,15
LK2306030,Karalliyadda,603,603,1206,15
LK2306035,Bogahalanda,603,603,1206,15
LK2306040,Hakuruthale,603,603,1206,15
LK2306045,Maliyadda,603,603,1206,15
LK2306050,Mirahampe,603,603,1206,15
LK2306055,Pussalamankada,603,603,1206,15
LK2306060,Yati Hanguranketha,603,603,1206,15
LK2306065,Delgahapitiya,603,603,1206,15
LK2306070,Sangaraja Gama,603,603,1206,15
LK2306075,Mudunapita,603,603,1206,15
LK2306080,Ganga Udagama,603,603,1206,15
LK2306085,Malulla,603,603,1206,15
LK2306090,Udawatta East,603,603,1206,15
LK2306095,Hilpenkandura,603,603,1206,15
LK2306100,Galauda North,603,603,1206,15
LK2306105,Endiribedda,603,603,1206,15
LK2306115,Galauda South,603,603,1206,15
LK2306120,Udakanda,603,603,1206,15
LK2306125,Udawatta West,603,603,1206,15
LK2306130,Udawatta Kumbura,603,603,1206,15
LK2306135,Pallemaluwa,603,603,1206,15
LK2306140,Hanguranketha,603,603,1206,15
LK2306145,Damunumeya North,603,603,1206,15
LK2306150,Arattana,603,603,1206,15
LK2306155,Ambaliyadda,603,603,1206,15
LK2306160,Dampola,603,603,1206,15
LK2306165,Rekitipe,603,603,1206,15
LK2306170,Hapuwala,603,603,1206,15
LK2306175,Dolugala,603,603,1206,15
LK2306180,Deliwala,603,603,1206,15
LK2306185,Madanwala,603,603,1206,15
LK2306190,Damunumeya,603,603,1206,15
LK2306195,Kottala,603,603,1206,15
LK2306200,Diya - Udagama,603,603,1206,15
LK2306205,Uda Galauda,603,603,1206,15
LK2306225,Dodamkumbura,603,603,1206,15
LK2306230,Walalawela,603,603,1206,15
LK2306235,Rathmetiya,603,603,1206,15
LK2306240,Hapugasdeniya,603,603,1206,15
LK2306245,Diggalpotta,603,603,1206,15
LK2306250,Unanthenna,603,603,1206,15
LK2306255,Kosgaha Debala,603,603,1206,15
LK2306260,Warapitiya,603,603,1206,15
LK2306265,Medagama,603,603,1206,15
LK2306270,Bowala,603,603,1206,15
LK2306275,Kithulpe,603,603,1206,15
LK2306280,Makempe,603,603,1206,15
LK2306285,Puranagama,603,603,1206,15
LK2306290,Ekiriya,603,603,1206,15
LK2306295,Poramadulla,603,603,1206,15
LK2306300,Labuhena,603,603,1206,15
LK2306320,Rikillagaskada,603,603,1206,15
LK2306345,Dimbulkumbura,603,603,1206,15
LK2306375,Bulugahapitiya,603,603,1206,15
LK2306380,Wegama,603,603,1206,15
LK2306385,Agappala,603,603,1206,15
LK2306390,Bambaragama,603,603,1206,15
LK2306395,Bambaragama East,603,603,1206,15
LK2306400,Bambaragama West,603,603,1206,15
LK2306405,Malanwatta,603,603,1206,15
LK2306410,Gannewa Udagama,603,603,1206,15
LK2306415,Gedereiyawa,603,603,1206,15
LK2306420,Daraoya,603,603,1206,15
LK2306425,Kirimetiya,603,603,1206,15
LK2306430,Hope,603,603,1206,15
LK2306435,Wetesthenna,603,603,1206,15
LK2306440,Handawalapitiya,603,603,1206,15
LK2306445,Karamidula,603,603,1206,15
LK2306450,Madumana,603,603,1206,15
LK2306455,Rahathungoda,603,603,1206,15
LK2306460,Enasal Arawa,603,603,1206,15
LK2306465,Kawatayamana,603,603,1206,15
LK2306515,Rookwood Estate,603,603,1206,15
LK2306520,Muloya,603,603,1206,15
LK2309,Nildandahinna,47667,47666,95333,15
LK2309010,Morangathenna,757,757,1514,15
LK2309015,Hegasulla,757,756,1513,15
LK2309020,Bolagandawela,757,756,1513,15
LK2309025,Ambagahathenna,757,756,1513,15
LK2309030,Helagama,757,756,1513,15
LK2309035,Mallagama,757,756,1513,15
LK2309040,Dulana,757,756,1513,15
LK2309045,Galketiwela,757,756,1513,15
LK2309050,Ellakumbura,757,756,1513,15
LK2309055,Muganagahapitiya,757,756,1513,15
LK2309060,Hapugahapitiya,757,756,1513,15
LK2309155,Arampitiya,757,756,1513,15
LK2309160,Yombuwelthenna,757,756,1513,15
LK2309165,Udawela,757,756,1513,15
LK2309170,Kalaganwatta,757,756,1513,15
LK2309175,Theripehe,757,756,1513,15
LK2309180,Udamadura North,757,756,1513,15
LK2309185,Galkadawela,757,756,1513,15
LK2309190,Yatimadura,757,756,1513,15
LK2309195,Kandeyaya,757,756,1513,15
LK2309200,Madulla North,757,756,1513,15
LK2309205,Thunhitiyawa,757,756,1513,15
LK2309210,Wewathenna,757,756,1513,15
LK2309215,Kosgolla,757,756,1513,15
LK2309220,Udamadura,757,756,1513,15
LK2309225,Ambanella,757,756,1513,15
LK2309230,Dabbare,757,756,1513,15
LK2309235,Nildandaheenna,757,756,1513,15
LK2309240,Rambuke,757,756,1513,15
LK2309245,Watambe,757,756,1513,15
LK2309250,Thibbatugoda,757,756,1513,15
LK2309400,Thibbatugoda South,757,756,1513,15
LK2309405,Goradiyagolla,757,756,1513,15
LK2309410,Denambure,757,756,1513,15
LK2309415,Purankumbura,757,756,1513,15
LK2309420,Hegama,757,756,1513,15
LK2309425,Dambagolla,757,756,1513,15
LK2309430,Demataarawa,757,756,1513,15
LK2309435,Madulla South,757,756,1513,15
LK2309440,Morahela,757,756,1513,15
LK2309445,Meepanawa,757,756,1513,15
LK2309450,Roopaha East,757,756,1513,15
LK2309455,Pallewela,757,756,1513,15
LK2309460,Palugama,757,756,1513,15
LK2309465,Kotambe,757,756,1513,15
LK2309470,Karandagolla,757,756,1513,15
LK2309475,Udagama,757,756,1513,15
LK2309480,Kumbukwela,757,756,1513,15
LK2309530,Roopaha,757,756,1513,15
LK2309535,Mathetilla,757,756,1513,15
LK2309540,Embulampaha,757,756,1513,15
LK2309545,Maliyadda,757,756,1513,15
LK2309550,Kurupanawela,757,756,1513,15
LK2309555,Wathulanda East,757,756,1513,15
LK2309560,Wathulanda West,757,756,1513,15
LK2309565,Ambaliyadda,757,756,1513,15
LK2309570,Galkadapathana,757,756,1513,15
LK2309600,Delmar,757,756,1513,15
LK2309605,Sooriyagahapathana Ihala,757,756,1513,15
LK2309610,Sooriyagahapathana Pahala,757,756,1513,15
LK2309615,Udapussellawa South,757,756,1513,15
LK2309620,St. Magret,757,756,1513,15
LK2309625,Udapussellawa North,757,756,1513,15
LK2312,Nuwara Eliya,47667,47666,95333,15
LK2312030,Bangalahatha,1255,1254,2509,15
LK2312035,Toppass,1254,1254,2508,15
LK2312040,Park,1254,1254,2508,15
LK2312045,Concordia,1254,1254,2508,15
LK2312050,Kandapola,1254,1254,2508,15
LK2312055,Kandapola Central,1254,1254,2508,15
LK2312060,Hawaeliya East,1254,1254,2508,15
LK2312065,Bambarakele,1254,1254,2508,15
LK2312070,Nuwaraeliya West,1254,1254,2508,15
LK2312075,Shanthipura,1254,1254,2508,15
LK2312080,Kalapura,1254,1254,2508,15
LK2312140,Rathnagiriya,1254,1254,2508,15
LK2312150,Summerset,1254,1254,2508,15
LK2312155,Nanuoya,1254,1254,2508,15
LK2312160,Windicorner,1254,1254,2508,15
LK2312165,Nuwaraeliya,1254,1254,2508,15
LK2312170,Nuwara Eliya Central,1254,1254,2508,15
LK2312175,Hawaeliya North,1254,1254,2508,15
LK2312180,Hawaeliya West,1254,1254,2508,15
LK2312185,Bulu Ela,1254,1254,2508,15
LK2312190,Galpalama,1254,1254,2508,15
LK2312195,Jayalanka,1254,1254,2508,15
LK2312200,Kandapola East,1254,1254,2508,15
LK2312205,Pedro,1254,1254,2508,15
LK2312210,Goredihela,1254,1254,2508,15
LK2312215,Seethaeliya,1254,1254,2508,15
LK2312220,Sandathenna,1254,1254,2508,15
LK2312225,Kelegala,1254,1254,2508,15
LK2312230,Kalukele,1254,1254,2508,15
LK2312235,Magasthota,1254,1254,2508,15
LK2312240,Ruwaneliya,1254,1254,2508,15
LK2312245,Perakumpura,1254,1254,2508,15
LK2312250,Kirimetiya,1254,1254,2508,15
LK2312290,Magoda,1254,1254,2508,15
LK2312295,Mihindupura,1254,1254,2508,15
LK2312300,Meepilimana,1254,1254,2508,15
LK2312305,Ambewela,1254,1254,2508,15
LK2312310,Pattipola,1254,1254,2508,15
LK2315,Ambagamuwa Korale,47667,47666,95333,15
LK2315005,Kalugala,1490,1490,2980,15
LK2315010,Pitawala,1490,1489,2979,15
LK2315015,Bulathgama,1490,1489,2979,15
LK2315020,Gonawala,1490,1489,2979,15
LK2315025,Ambagamuwa North,1490,1489,2979,15
LK2315030,Sellipigama,1490,1489,2979,15
LK2315035,Ambagamuwa East,1490,1489,2979,15
LK2315040,Ambagamuwa South,1490,1489,2979,15
LK2315045,Rampadeniya,1490,1489,2979,15
LK2315050,Millagahamula,1490,1489,2979,15
LK2315055,Dagampitiya,1490,1489,2979,15
LK2315060,Polpitiya,1490,1489,2979,15
LK2315065,Minuwandeniya,1490,1489,2979,15
LK2315070,Hitigama,1490,1489,2979,15
LK2315075,Kehelwarawa,1490,1489,2979,15
LK2315080,Homagama,1490,1489,2979,15
LK2315085,Hambakanda,1490,1489,2979,15
LK2315090,Samansirigama,1490,1489,2979,15
LK2315095,Theeniyagala,1490,1489,2979,15
LK2315100,Ginigathhena,1490,1489,2979,15
LK2315105,Dehigasthenna,1490,1489,2979,15
LK2315110,Keleweldeniya,1490,1489,2979,15
LK2315115,Morahenagama,1490,1489,2979,15
LK2315120,Hangarapitiya,1490,1489,2979,15
LK2315125,Jambuthenna,1490,1489,2979,15
LK2315130,Kottellena,1490,1489,2979,15
LK2315135,Waggama,1490,1489,2979,15
LK2315140,Lakshapana,1490,1489,2979,15
LK2315145,Kiriwaneliya,1490,1489,2979,15
LK2315150,Vidulipura South,1490,1489,2979,15
LK2315155,Vidulipura North,1490,1489,2979,15
LK2315160,Watawala,1490,1489,2979,15
LK2318,Mathurata,47667,47666,95333,15
LK2318110,Happawara,917,917,1834,15
LK2318210,Illagolla,917,916,1833,15
LK2318215,Rammalakandura,917,916,1833,15
LK2318220,Moragolla,917,916,1833,15
LK2318305,Udawela Pathana,917,916,1833,15
LK2318310,Welampagoda,917,916,1833,15
LK2318315,Denike,917,916,1833,15
LK2318325,Alawattegama,917,916,1833,15
LK2318330,Uda Makuruppa,917,916,1833,15
LK2318335,Palle Makuruppa,917,916,1833,15
LK2318340,Bogamuwa,917,916,1833,15
LK2318350,Bodhiwela,917,916,1833,15
LK2318355,Pallewela,917,916,1833,15
LK2318360,Kaluattanagolla,917,916,1833,15
LK2318365,Wadawala,917,916,1833,15
LK2318370,Udalumada,917,916,1833,15
LK2318470,Ehelamalpe,917,916,1833,15
LK2318475,Rathukurusa Janapadaya,917,916,1833,15
LK2318480,Wilwala,917,916,1833,15
LK2318485,Dehipe,917,916,1833,15
LK2318490,Deniyagama,917,916,1833,15
LK2318495,Bodhimalkada,917,916,1833,15
LK2318500,Welapahala,917,916,1833,15
LK2318505,Uda Padiyapelella,917,916,1833,15
LK2318510,Okandagala,917,916,1833,15
LK2318525,Rathyaya,917,916,1833,15
LK2318530,Godigamuwa,917,916,1833,15
LK2318535,Manakola,917,916,1833,15
LK2318540,Marthuwela,917,916,1833,15
LK2318545,Idampitiya,917,916,1833,15
LK2318550,Mathurata,917,916,1833,15
LK2318555,Udagama,917,916,1833,15
LK2318560,Merrygoll,917,916,1833,15
LK2318565,Ketayapathana,917,916,1833,15
LK2318570,Gonakele,917,916,1833,15
LK2318575,Gonapitiya,917,916,1833,15
LK2318580,Bomellagoda,917,916,1833,15
LK2318585,Dunukebedda,917,916,1833,15
LK2318590,Wellagiriya,917,916,1833,15
LK2318595,Ampitigoda,917,916,1833,15
LK2318600,Wewathenna,917,916,1833,15
LK2318605,Metibembiya,917,916,1833,15
LK2318610,Goodwood,917,916,1833,15
LK2318615,Hunukotuwa,917,916,1833,15
LK2318620,Medawela,917,916,1833,15
LK2318625,Labuhenwala,917,916,1833,15
LK2318630,Ketahira,917,916,1833,15
LK2318635,Deegalahinna,917,916,1833,15
LK2318640,Elamulla,917,916,1833,15
LK2318645,Udawela,917,916,1833,15
LK2318650,Mandaram Nuwara,917,916,1833,15
LK2318655,Malsara Nuwara,917,916,1833,15
LK2321,Kothmale West,47667,47666,95333,15
LK2321005,Doruwadeniya,973,973,1946,15
LK2321010,Polwathura,973,972,1945,15
LK2321015,Pahala Gorakaoya,973,972,1945,15
LK2321020,Dambagalla,973,972,1945,15
LK2321025,Nayapana,973,972,1945,15
LK2321030,Kadadora,973,972,1945,15
LK2321035,Kotagepitiya North,973,972,1945,15
LK2321115,Kotagepitiya South,973,972,1945,15
LK2321120,Ranwanthalawa,973,972,1945,15
LK2321125,Thispane Kanda,973,972,1945,15
LK2321130,Harangala,973,972,1945,15
LK2321135,Hapugasthalawa,973,972,1945,15
LK2321140,Kaludemada,973,972,1945,15
LK2321145,Ihala Gorakaoya,973,972,1945,15
LK2321150,Mallanda,973,972,1945,15
LK2321155,Ruwanpura,973,972,1945,15
LK2321160,Werella Pathana,973,972,1945,15
LK2321165,Halgolla,973,972,1945,15
LK2321170,Harangala South,973,972,1945,15
LK2321175,Kirimetiyawa,973,972,1945,15
LK2321180,Hunugaloya,973,972,1945,15
LK2321185,Godamaditta,973,972,1945,15
LK2321190,Wataddara,973,972,1945,15
LK2321200,Nawangama,973,972,1945,15
LK2321210,Wethalawa,973,972,1945,15
LK2321260,Hedunuwewa,973,972,1945,15
LK2321265,Kalapitiya East,973,972,1945,15
LK2321270,Kottunugoda,973,972,1945,15
LK2321275,Kalapitiya West,973,972,1945,15
LK2321280,Weerasekarapura,973,972,1945,15
LK2321285,Rojersangama South,973,972,1945,15
LK2321290,Rojersangama North,973,972,1945,15
LK2321295,Dombagasthalawa,973,972,1945,15
LK2321300,Katugolla,973,972,1945,15
LK2321305,Thelissagala,973,972,1945,15
LK2321310,Ketabulawa,973,972,1945,15
LK2321315,Wijayabahu Kanda,973,972,1945,15
LK2321320,Rawanagoda West,973,972,1945,15
LK2321325,Udagama,973,972,1945,15
LK2321330,Rawanagoda East,973,972,1945,15
LK2321335,Methagama,973,972,1945,15
LK2321340,Maldeniya,973,972,1945,15
LK2321345,Katarandana,973,972,1945,15
LK2321445,Beramana,973,972,1945,15
LK2321450,Beramana North,973,972,1945,15
LK2321455,Kolapathana,973,972,1945,15
LK2321460,Queensberry,973,972,1945,15
LK2321465,Beramana South,973,972,1945,15
LK2321470,Weerapura,973,972,1945,15
LK2324,Walapane,47667,47666,95333,15
LK2324005,Serasunthenna,769,769,1538,15
LK2324065,Ketakandura,769,768,1537,15
LK2324070,Batagolla,769,768,1537,15
LK2324075,Thennehenwala,769,768,1537,15
LK2324080,Deliwela South,769,768,1537,15
LK2324085,Deliwala North,769,768,1537,15
LK2324090,Pannala,769,768,1537,15
LK2324095,Serupitiya,769,768,1537,15
LK2324100,Mailagasthenna,769,768,1537,15
LK2324105,Andawala,769,768,1537,15
LK2324110,Naranthalawa,769,768,1537,15
LK2324115,Ihala Pannala,769,768,1537,15
LK2324120,Wewakele,769,768,1537,15
LK2324125,Kumbalgamuwa,769,768,1537,15
LK2324130,Kumbalgamuwa East,769,768,1537,15
LK2324135,Mulhalkele,769,768,1537,15
LK2324140,Manelwala,769,768,1537,15
LK2324145,Wathumulla,769,768,1537,15
LK2324150,Kendagolla,769,768,1537,15
LK2324255,Egodakanda,769,768,1537,15
LK2324260,Kandegama,769,768,1537,15
LK2324265,Walapane,769,768,1537,15
LK2324270,Kurunduoya,769,768,1537,15
LK2324275,Liyanwela Ihalagama,769,768,1537,15
LK2324280,Madumana,769,768,1537,15
LK2324285,Ilukpelessa,769,768,1537,15
LK2324290,Unagolla,769,768,1537,15
LK2324295,Liyanwala Pahalagama,769,768,1537,15
LK2324300,Medakandura,769,768,1537,15
LK2324305,Galabada,769,768,1537,15
LK2324310,Ambagaspitiya,769,768,1537,15
LK2324315,Munwatta,769,768,1537,15
LK2324320,Landupita,769,768,1537,15
LK2324325,Wetekegama,769,768,1537,15
LK2324330,Padiyapelella,769,768,1537,15
LK2324335,Napatawela,769,768,1537,15
LK2324340,Ukuthule,769,768,1537,15
LK2324345,Yatiwella,769,768,1537,15
LK2324350,Wetakepatha,769,768,1537,15
LK2324355,Ukuthule East,769,768,1537,15
LK2324360,Alakolawewa,769,768,1537,15
LK2324365,High Forest,769,768,1537,15
LK2324370,Mahakudugala,769,768,1537,15
LK2324375,Brookside,769,768,1537,15
LK2324380,High Forest,769,768,1537,15
LK2324385,Binganthalawa,769,768,1537,15
LK2324390,Maha Uva,769,768,1537,15
LK2324395,Werellapathana,769,768,1537,15
LK2324485,Morabedda,769,768,1537,15
LK2324490,Harasbedda North,769,768,1537,15
LK2324495,Mahapathana,769,768,1537,15
LK2324500,Harasbedda South,769,768,1537,15
LK2324505,Palalpathana,769,768,1537,15
LK2324510,Rathnayakapura,769,768,1537,15
LK2324515,Ragala Watta,769,768,1537,15
LK2324520,Manthreethenna,769,768,1537,15
LK2324525,Pandithaya Kumbura,769,768,1537,15
LK2324575,Senarathpura,769,768,1537,15
LK2324580,St. Leonard,769,768,1537,15
LK2324585,Ragala,769,768,1537,15
LK2324590,Ekangapura,769,768,1537,15
LK2324595,Samagipura,769,768,1537,15
LK2327,Thalawakele,47667,47666,95333,15
LK2327005,Bogahawatta,1402,1402,2804,15
LK2327010,Mount Vernon,1402,1401,2803,15
LK2327015,Watagoda,1402,1401,2803,15
LK2327020,Hollyrood,1402,1401,2803,15
LK2327025,Great Western,1402,1401,2803,15
LK2327085,Bearwell,1402,1401,2803,15
LK2327090,Thalawakele,1402,1401,2803,15
LK2327095,Devon,1402,1401,2803,15
LK2327100,Dimbula,1402,1401,2803,15
LK2327105,Stonycliff,1402,1401,2803,15
LK2327110,Kuduoya,1402,1401,2803,15
LK2327115,Kotagala,1402,1401,2803,15
LK2327120,Drayton,1402,1401,2803,15
LK2327125,Yulefield,1402,1401,2803,15
LK2327130,Coombewood,1402,1401,2803,15
LK2327135,Lindula,1402,1401,2803,15
LK2327145,Waltrim,1402,1401,2803,15
LK2327255,Nagasena,1402,1401,2803,15
LK2327260,Eildonhall,1402,1401,2803,15
LK2327265,Rahanwatta,1402,1401,2803,15
LK2327270,Balmoral,1402,1401,2803,15
LK2327275,Hallbrook,1402,1401,2803,15
LK2327280,Henfold,1402,1401,2803,15
LK2327285,Thangakele,1402,1401,2803,15
LK2327315,Lippakelle,1402,1401,2803,15
LK2327320,Dayagama West,1402,1401,2803,15
LK2327325,Sandrinham,1402,1401,2803,15
LK2327330,Glasgow,1402,1401,2803,15
LK2327335,Braemore,1402,1401,2803,15
LK2327340,Albion,1402,1401,2803,15
LK2327345,Elbedda,1402,1401,2803,15
LK2327350,Agarapathana,1402,1401,2803,15
LK2327355,Weverly,1402,1401,2803,15
LK2327360,Dayagama East,1402,1401,2803,15
LK2330,Norwood,47667,47666,95333,15
LK2330165,Rosella,1362,1362,2724,15
LK2330170,Welioya,1362,1361,2723,15
LK2330175,Maussakele,1362,1361,2723,15
LK2330180,Lethant,1362,1361,2723,15
LK2330185,Shanon,1362,1361,2723,15
LK2330190,Hatton East,1362,1361,2723,15
LK2330195,Hatton South,1362,1361,2723,15
LK2330200,Panmur,1362,1361,2723,15
LK2330205,Ruwanpura,1362,1361,2723,15
LK2330210,Hatton West,1362,1361,2723,15
LK2330215,Hatton North,1362,1361,2723,15
LK2330220,Dickoya,1362,1361,2723,15
LK2330225,Annfield,1362,1361,2723,15
LK2330230,Dickoya South,1362,1361,2723,15
LK2330235,Injuster,1362,1361,2723,15
LK2330240,Wanarajah,1362,1361,2723,15
LK2330245,Newvalleygama,1362,1361,2723,15
LK2330250,Norwood,1362,1361,2723,15
LK2330255,Maskeliya,1362,1361,2723,15
LK2330260,Brownlow,1362,1361,2723,15
LK2330265,Seethagangula,1362,1361,2723,15
LK2330270,Moray,1362,1361,2723,15
LK2330275,Mocha,1362,1361,2723,15
LK2330280,Brownswick,1362,1361,2723,15
LK2330285,Gawarawila,1362,1361,2723,15
LK2330290,Mahanelu,1362,1361,2723,15
LK2330295,Venture,1362,1361,2723,15
LK2330300,Tillary,1362,1361,2723,15
LK2330305,Kirkoswald,1362,1361,2723,15
LK2330310,Bogawana,1362,1361,2723,15
LK2330315,Loinon,1362,1361,2723,15
LK2330320,Kotiyagala,1362,1361,2723,15
LK2330325,Bagawanthalawa South,1362,1361,2723,15
LK2330330,Aulton Watta,1362,1361,2723,15
LK2330335,Strathspey,1362,1361,2723,15
LK3,Southern,1320000,1320000,2640000,15
LK31,Galle,440000,440000,880000,15
LK3103,Bentota,20000,20000,40000,15
LK3103005,Pahurumulla,393,392,785,15
LK3103010,Sinharoopagama,392,392,784,15
LK3103015,Yathramulla,392,392,784,15
LK3103020,Kommala,392,392,784,15
LK3103025,Bodhimaluwa,392,392,784,15
LK3103030,Dope,392,392,784,15
LK3103035,Angagoda,392,392,784,15
LK3103040,Warahena,392,392,784,15
LK3103045,Kahagalla,392,392,784,15
LK3103050,Hunganthota Wadumulla,392,392,784,15
LK3103055,Dedduwa,392,392,784,15
LK3103060,Athuruwella,392,392,784,15
LK3103065,Galbada,392,392,784,15
LK3103070,Galagama,392,392,784,15
LK3103075,Mullegoda,392,392,784,15
LK3103080,Sooriyagama,392,392,784,15
LK3103085,Haburugala,392,392,784,15
LK3103090,Thunduwa West,392,392,784,15
LK3103095,Thunduwa East,392,392,784,15
LK3103100,Thotakanatta,392,392,784,15
LK3103105,Elakaka,392,392,784,15
LK3103110,Ethungagoda,392,392,784,15
LK3103115,Gonagalapura,392,392,784,15
LK3103120,Olaganduwa,392,392,784,15
LK3103125,Yalegama,392,392,784,15
LK3103130,Kaikawala,392,392,784,15
LK3103135,Habakkala,392,392,784,15
LK3103140,Etawalawatta West,392,392,784,15
LK3103145,Etawalawatta East,392,392,784,15
LK3103150,Dombagahawatta,392,392,784,15
LK3103155,Akadegoda,392,392,784,15
LK3103160,Kahawegammedda,392,392,784,15
LK3103165,Warakamulla,392,392,784,15
LK3103170,Kandemulla,392,392,784,15
LK3103175,Galthuduwa,392,392,784,15
LK3103180,Kolaniya,392,392,784,15
LK3103185,Miriswatta,392,392,784,15
LK3103190,Viyandoowa,392,392,784,15
LK3103195,Mahagoda,392,392,784,15
LK3103200,Pilekumbura,392,392,784,15
LK3103205,Mahavila West,392,392,784,15
LK3103210,Mahavila East,392,392,784,15
LK3103215,Moragoda,392,392,784,15
LK3103220,Ranthotuvila,392,392,784,15
LK3103225,Malawala,392,392,784,15
LK3103230,Ihala Malawala,392,392,784,15
LK3103235,Kotuwabendahena,392,392,784,15
LK3103240,Kuda Uragaha,392,392,784,15
LK3103245,Maha Uragaha,392,392,784,15
LK3103250,Delkabalagoda,392,392,784,15
LK3103255,Hipanwatta,392,392,784,15
LK3106,Balapitiya,20000,20000,40000,15
LK3106005,Doowemodara,393,392,785,15
LK3106010,Nanathota Palatha,392,392,784,15
LK3106015,Pelegas Palatha,392,392,784,15
LK3106020,Wathurawela,392,392,784,15
LK3106025,Boraluketiya,392,392,784,15
LK3106030,Pathiraja Pedesa,392,392,784,15
LK3106035,Polathu Palatha,392,392,784,15
LK3106040,Katuvila,392,392,784,15
LK3106045,Mahapitiya,392,392,784,15
LK3106050,Nape,392,392,784,15
LK3106055,Kudagodagama,392,392,784,15
LK3106060,Hegalla-Piyagama,392,392,784,15
LK3106065,Godapitiya,392,392,784,15
LK3106070,Kosgoda,392,392,784,15
LK3106075,Ahungalla,392,392,784,15
LK3106080,Middaramulla,392,392,784,15
LK3106085,Bogahapitiya,392,392,784,15
LK3106090,Galvehera,392,392,784,15
LK3106095,Pathirajagama,392,392,784,15
LK3106100,Madoowa,392,392,784,15
LK3106105,Kadiragonna,392,392,784,15
LK3106110,Makumbura,392,392,784,15
LK3106115,Wathuregama,392,392,784,15
LK3106120,Wellabada,392,392,784,15
LK3106125,Pathegangoda,392,392,784,15
LK3106130,Weliwathugoda,392,392,784,15
LK3106135,Brahmanawatta North,392,392,784,15
LK3106140,Brahmanawatta South,392,392,784,15
LK3106145,Galmangoda,392,392,784,15
LK3106150,Wandadoowa,392,392,784,15
LK3106155,Heenatiya North,392,392,784,15
LK3106160,Mahaladoowa,392,392,784,15
LK3106165,Seenigoda,392,392,784,15
LK3106170,Heenatiya South,392,392,784,15
LK3106175,Mahakarawa,392,392,784,15
LK3106180,Elathota,392,392,784,15
LK3106185,Balapitiya,392,392,784,15
LK3106190,Berathuduwa,392,392,784,15
LK3106195,Andadola,392,392,784,15
LK3106200,Petiwatta,392,392,784,15
LK3106205,Wathugedara,392,392,784,15
LK3106210,Paragahathota,392,392,784,15
LK3106215,Wathugedara South,392,392,784,15
LK3106220,Kurunduwatta,392,392,784,15
LK3106225,Walagedara,392,392,784,15
LK3106230,Randombe North,392,392,784,15
LK3106235,Wadumulla,392,392,784,15
LK3106240,Viharagoda,392,392,784,15
LK3106245,Kandegoda,392,392,784,15
LK3106250,Bogahawatta,392,392,784,15
LK3106255,Randombe South,392,392,784,15
LK3109,Karandeniya,20000,20000,40000,15
LK3109005,Walinguruketiya,500,500,1000,15
LK3109010,Uragasmanhandiya North,500,500,1000,15
LK3109015,Galpottawala,500,500,1000,15
LK3109020,Meegaspitiya,500,500,1000,15
LK3109025,Mendorawala,500,500,1000,15
LK3109030,Uragasmanhandiya South,500,500,1000,15
LK3109035,Yatagala,500,500,1000,15
LK3109040,Uragasmanhandiya East,500,500,1000,15
LK3109045,Mabingoda,500,500,1000,15
LK3109050,Hipankanda,500,500,1000,15
LK3109055,Siripura,500,500,1000,15
LK3109060,Beligaswella,500,500,1000,15
LK3109065,Halgahawella,500,500,1000,15
LK3109070,Lenagal Palatha,500,500,1000,15
LK3109075,Magala North,500,500,1000,15
LK3109080,Kaluwalagoda,500,500,1000,15
LK3109085,Diyapitagallana,500,500,1000,15
LK3109090,Angulugalla,500,500,1000,15
LK3109095,Magala South,500,500,1000,15
LK3109100,Pehembiyakanda,500,500,1000,15
LK3109105,Unagaswela,500,500,1000,15
LK3109110,Madakumbura,500,500,1000,15
LK3109115,Thalgahawatta,500,500,1000,15
LK3109120,Mandakanda,500,500,1000,15
LK3109125,Anganaketiya,500,500,1000,15
LK3109130,Borakanda,500,500,1000,15
LK3109135,Mahaedanda,500,500,1000,15
LK3109140,Karandeniya North,500,500,1000,15
LK3109145,Randenigama,500,500,1000,15
LK3109150,Mahagoda,500,500,1000,15
LK3109155,Karandeniya South,500,500,1000,15
LK3109160,Dangahavila,500,500,1000,15
LK3109165,Egodawela,500,500,1000,15
LK3109170,Diviyagahawela,500,500,1000,15
LK3109175,Kirinuge,500,500,1000,15
LK3109180,Kiripedda,500,500,1000,15
LK3109185,Galagoda Atta,500,500,1000,15
LK3109190,Ihala Kiripedda,500,500,1000,15
LK3109195,Kurundugaha Hethekma,500,500,1000,15
LK3109200,Jayabima,500,500,1000,15
LK3112,Elpitiya,20000,20000,40000,15
LK3112005,Avittawa,393,392,785,15
LK3112010,Pahala Omatta,392,392,784,15
LK3112015,Omatta,392,392,784,15
LK3112020,Metiviliya,392,392,784,15
LK3112025,Himbutugoda,392,392,784,15
LK3112030,Indipalegoda,392,392,784,15
LK3112035,Dikhena,392,392,784,15
LK3112040,Delpona,392,392,784,15
LK3112045,Ihala Omatta,392,392,784,15
LK3112050,Digala Nagahathenna,392,392,784,15
LK3112055,Opatha,392,392,784,15
LK3112060,Goluwamulla North,392,392,784,15
LK3112065,Goluwamulla West,392,392,784,15
LK3112070,Goluwamulla,392,392,784,15
LK3112075,Atakohota,392,392,784,15
LK3112080,Elpitiya North,392,392,784,15
LK3112085,Elpitiya East,392,392,784,15
LK3112090,Poojagallena,392,392,784,15
LK3112095,Ketandola Udovita,392,392,784,15
LK3112100,Sittaragoda,392,392,784,15
LK3112105,Amugoda,392,392,784,15
LK3112110,Kellapatha,392,392,784,15
LK3112115,Thalagaspe,392,392,784,15
LK3112120,Thalagaspe West,392,392,784,15
LK3112125,Wallambagala North,392,392,784,15
LK3112130,Elpitiya South,392,392,784,15
LK3112135,Elpitiya Central,392,392,784,15
LK3112140,Nawadagala,392,392,784,15
LK3112145,Batuwanhena,392,392,784,15
LK3112150,Igala,392,392,784,15
LK3112155,Igala East,392,392,784,15
LK3112160,Pelendagoda,392,392,784,15
LK3112165,Wallambagala,392,392,784,15
LK3112170,Ambana,392,392,784,15
LK3112175,Ambana North,392,392,784,15
LK3112180,Pituwala South,392,392,784,15
LK3112185,Pituwala North,392,392,784,15
LK3112190,Kudagala Kadirandola,392,392,784,15
LK3112195,Igala Thalawa East,392,392,784,15
LK3112200,Igala Thalawa,392,392,784,15
LK3112205,Ella,392,392,784,15
LK3112210,Ella Thanabaddegama,392,392,784,15
LK3112215,Mahawela Abhayapura,392,392,784,15
LK3112220,Pituwala West,392,392,784,15
LK3112225,Eramulla,392,392,784,15
LK3112230,Pinikahana,392,392,784,15
LK3112235,Kahadoowa,392,392,784,15
LK3112240,Thibbotuwawa,392,392,784,15
LK3112245,Wathuruvila,392,392,784,15
LK3112250,Rekadahena,392,392,784,15
LK3112255,Kahadoowa South,392,392,784,15
LK3115,Niyagama,20000,20000,40000,15
LK3115005,Pitigala North,589,588,1177,15
LK3115010,Uhanovita,588,588,1176,15
LK3115015,Hattaka,588,588,1176,15
LK3115020,Kaluarachchigoda,588,588,1176,15
LK3115025,Pitigala,588,588,1176,15
LK3115030,Karawwa,588,588,1176,15
LK3115035,Boraluwahena,588,588,1176,15
LK3115040,Bangamukanda,588,588,1176,15
LK3115045,Godamuna North,588,588,1176,15
LK3115050,Marthupitiya,588,588,1176,15
LK3115055,Godamuna South,588,588,1176,15
LK3115060,Liyanagamakanda,588,588,1176,15
LK3115065,Usbim Colony,588,588,1176,15
LK3115070,Bambarawana,588,588,1176,15
LK3115075,Mattaka,588,588,1176,15
LK3115080,Weihena,588,588,1176,15
LK3115085,Amaragama,588,588,1176,15
LK3115090,Naranovita,588,588,1176,15
LK3115095,Porawagama,588,588,1176,15
LK3115100,Kimbulawala,588,588,1176,15
LK3115105,Poddiwala West,588,588,1176,15
LK3115110,Poddiwala East,588,588,1176,15
LK3115115,Maraggoda,588,588,1176,15
LK3115120,Duwegoda,588,588,1176,15
LK3115125,Porawagama South,588,588,1176,15
LK3115130,Wattahena,588,588,1176,15
LK3115135,Manampita,588,588,1176,15
LK3115140,Niyagama,588,588,1176,15
LK3115145,Niyagama West,588,588,1176,15
LK3115150,Polpelaketiya,588,588,1176,15
LK3115155,Horangalla West,588,588,1176,15
LK3115160,Horangalla Thalawa,588,588,1176,15
LK3115165,Horangalla (Akulavila),588,588,1176,15
LK3115170,Niyagama South,588,588,1176,15
LK3118,Thawalama,20000,20000,40000,15
LK3118005,Ela Ihala,556,556,1112,15
LK3118010,Ela Ihala North,556,555,1111,15
LK3118015,Kumburegoda,556,555,1111,15
LK3118020,Habarakada East,556,555,1111,15
LK3118025,Habarakada West,556,555,1111,15
LK3118030,Kudugalpala,556,555,1111,15
LK3118035,Batahena,556,555,1111,15
LK3118040,Thawalama North,556,555,1111,15
LK3118045,Thawalama Mookalana,556,555,1111,15
LK3118050,Thawalama South,556,555,1111,15
LK3118055,Hiniduma North,556,555,1111,15
LK3118060,Hiniduma West,556,555,1111,15
LK3118065,Hiniduma South,556,555,1111,15
LK3118070,Malgalla,556,555,1111,15
LK3118075,Halvitigala Colony 1,556,555,1111,15
LK3118080,Halvitigala Colony 2,556,555,1111,15
LK3118085,Dammala Colony,556,555,1111,15
LK3118090,Thalangalla East,556,555,1111,15
LK3118095,Thalangalla West,556,555,1111,15
LK3118100,Malhathawa,556,555,1111,15
LK3118105,Panangala West,556,555,1111,15
LK3118110,Panangala North,556,555,1111,15
LK3118115,Panangala East,556,555,1111,15
LK3118120,Thalangalla,556,555,1111,15
LK3118125,Dammala,556,555,1111,15
LK3118130,Opatha North,556,555,1111,15
LK3118135,Opatha West,556,555,1111,15
LK3118140,Koralegama,556,555,1111,15
LK3118145,Eppala,556,555,1111,15
LK3118150,Gallandala,556,555,1111,15
LK3118155,Opatha South,556,555,1111,15
LK3118160,Opatha East,556,555,1111,15
LK3118165,Weerapana North,556,555,1111,15
LK3118170,Weerapana West,556,555,1111,15
LK3118175,Weerapana South,556,555,1111,15
LK3118180,Weerapana East,556,555,1111,15
LK3121,Neluwa,20000,20000,40000,15
LK3121005,Danawala,589,588,1177,15
LK3121010,Mavita West,588,588,1176,15
LK3121015,Batuwangala West,588,588,1176,15
LK3121020,Kosmulla,588,588,1176,15
LK3121025,Thambalagama,588,588,1176,15
LK3121030,Ehelapitiya,588,588,1176,15
LK3121035,Batuwangala,588,588,1176,15
LK3121040,Mavita East,588,588,1176,15
LK3121045,Koswatta,588,588,1176,15
LK3121050,Ebalagedara North,588,588,1176,15
LK3121055,Embalegedara South,588,588,1176,15
LK3121060,Mawanana,588,588,1176,15
LK3121065,Neluwa,588,588,1176,15
LK3121070,Pahala Maddegama,588,588,1176,15
LK3121075,Maddegama East,588,588,1176,15
LK3121080,Happitiya,588,588,1176,15
LK3121085,Madugeta,588,588,1176,15
LK3121090,Warukandeniya,588,588,1176,15
LK3121095,Lankagama,588,588,1176,15
LK3121100,Dellawa,588,588,1176,15
LK3121105,Miyanawathura,588,588,1176,15
LK3121110,Pannimulla,588,588,1176,15
LK3121115,Ihala Maddegama,588,588,1176,15
LK3121120,Medagama,588,588,1176,15
LK3121125,Pahala Gigummaduwa,588,588,1176,15
LK3121130,Ihala Gigummaduwa,588,588,1176,15
LK3121135,Lelwala,588,588,1176,15
LK3121140,Ihala Lelwala,588,588,1176,15
LK3121145,Panagoda,588,588,1176,15
LK3121150,Dewalegama West,588,588,1176,15
LK3121155,Dewalegama East,588,588,1176,15
LK3121160,Millawa West,588,588,1176,15
LK3121165,Ihala Millawa,588,588,1176,15
LK3121170,Pahala Millawa,588,588,1176,15
LK3124,Nagoda,20000,20000,40000,15
LK3124005,Thalgaswala,378,377,755,15
LK3124010,Marakanda,377,377,754,15
LK3124015,Malamura,377,377,754,15
LK3124020,Aluth Thanayamgoda Pahala West,377,377,754,15
LK3124025,Mapalagama,377,377,754,15
LK3124030,Aluth Thanayamgoda Pahala,377,377,754,15
LK3124035,Aluth Thanayamgoda Ihala South,377,377,754,15
LK3124040,Aluth Thanayamgoda Ihala,377,377,754,15
LK3124045,Ketagoda South,377,377,754,15
LK3124050,Ketagoda North,377,377,754,15
LK3124055,Parana Thanayamgoda,377,377,754,15
LK3124060,Parana Thanayamgoda Central,377,377,754,15
LK3124065,Parana Thanayamgoda Pahala,377,377,754,15
LK3124070,Gonalagoda East,377,377,754,15
LK3124075,Gonalagoda,377,377,754,15
LK3124080,Gammeddegoda,377,377,754,15
LK3124085,Gammeddegoda South,377,377,754,15
LK3124090,Nagoda Ihala,377,377,754,15
LK3124095,Nagoda,377,377,754,15
LK3124100,Kurupanawa,377,377,754,15
LK3124105,Gonadeniya,377,377,754,15
LK3124110,Ukovita North,377,377,754,15
LK3124115,Udugama West,377,377,754,15
LK3124120,Udugama North,377,377,754,15
LK3124125,Homadola,377,377,754,15
LK3124130,Udugama East,377,377,754,15
LK3124135,Udugama,377,377,754,15
LK3124140,Ukovita,377,377,754,15
LK3124145,Gonadeniya South,377,377,754,15
LK3124150,Udalamatta East,377,377,754,15
LK3124155,Udalamatta North,377,377,754,15
LK3124160,Keppitiyagoda,377,377,754,15
LK3124165,Udawelivitiya,377,377,754,15
LK3124170,Udawelivitithalawa East,377,377,754,15
LK3124175,Udawelivitithalawa,377,377,754,15
LK3124180,Udawelivitiya West,377,377,754,15
LK3124185,Keppitiyagoda North,377,377,754,15
LK3124190,Budapanagama,377,377,754,15
LK3124195,Unanvitiya,377,377,754,15
LK3124200,Unanvitiya East,377,377,754,15
LK3124205,Urala North,377,377,754,15
LK3124210,Urala Pahala,377,377,754,15
LK3124215,Yatalamatta,377,377,754,15
LK3124220,Yatalamatta East,377,377,754,15
LK3124225,Udalamatta South,377,377,754,15
LK3124230,Udugama South,377,377,754,15
LK3124235,Udugama Central,377,377,754,15
LK3124240,Aluthwatta,377,377,754,15
LK3124245,Hangaranwala,377,377,754,15
LK3124250,Yatalamatta West,377,377,754,15
LK3124255,Urala Central,377,377,754,15
LK3124260,Urala South,377,377,754,15
LK3124265,Urala East,377,377,754,15
LK3127,Baddegama,20000,20000,40000,15
LK3127005,Wavulagala,417,417,834,15
LK3127010,Halpathota Central,417,416,833,15
LK3127015,Halpathota,417,416,833,15
LK3127020,Baddegama Town,417,416,833,15
LK3127025,Baddegama North,417,416,833,15
LK3127030,Nayapamula,417,416,833,15
LK3127035,Kotagoda,417,416,833,15
LK3127040,Hemmeliya,417,416,833,15
LK3127045,Ellakanda Wathurawa,417,416,833,15
LK3127050,Baddegama East,417,416,833,15
LK3127055,Yahaladoowa,417,416,833,15
LK3127060,Baddegama South,417,416,833,15
LK3127065,Gothatuwa,417,416,833,15
LK3127070,Majuwana,417,416,833,15
LK3127075,Weweldeniya,417,416,833,15
LK3127080,Keradewala,417,416,833,15
LK3127085,Madoldoowa,417,416,833,15
LK3127090,Bataketiya,417,416,833,15
LK3127095,Ganegama North,417,416,833,15
LK3127100,Sandarawala,417,416,833,15
LK3127105,Boralukada,417,416,833,15
LK3127110,Mahahengoda,417,416,833,15
LK3127120,Mahalapitiya,417,416,833,15
LK3127135,Thilaka Udagama,417,416,833,15
LK3127140,Pilagoda,417,416,833,15
LK3127145,Ganegama East,417,416,833,15
LK3127150,Ganegama South,417,416,833,15
LK3127155,Ganegama West,417,416,833,15
LK3127160,Lelkada,417,416,833,15
LK3127165,Ginimellagaha West,417,416,833,15
LK3127170,Ginimellagaha East,417,416,833,15
LK3127175,Dodangoda,417,416,833,15
LK3127180,Thelikada,417,416,833,15
LK3127185,Walpita North,417,416,833,15
LK3127190,Keembiela,417,416,833,15
LK3127195,Kohombanadeniya,417,416,833,15
LK3127200,Kasideniya,417,416,833,15
LK3127245,Pahala Keembiya,417,416,833,15
LK3127250,Warakapitikanda,417,416,833,15
LK3127255,Adurathvila,417,416,833,15
LK3127260,Walpita South,417,416,833,15
LK3127265,Balagoda,417,416,833,15
LK3127270,Ginimellagaha South,417,416,833,15
LK3127275,Pituwalgoda,417,416,833,15
LK3127280,Thelikada Nagaraya,417,416,833,15
LK3127285,Horagampita Central,417,416,833,15
LK3127290,Gonapura,417,416,833,15
LK3127295,Horagampita,417,416,833,15
LK3130,Welivitiya-Divitura,20000,20000,40000,15
LK3130005,Ethkandura,1000,1000,2000,15
LK3130010,Old Colony,1000,1000,2000,15
LK3130015,Thanabaddegama,1000,1000,2000,15
LK3130020,Maddevila,1000,1000,2000,15
LK3130025,Miriswatta,1000,1000,2000,15
LK3130030,Nambara Atta,1000,1000,2000,15
LK3130035,Divithura East,1000,1000,2000,15
LK3130040,Polgahavila,1000,1000,2000,15
LK3130045,Divithura,1000,1000,2000,15
LK3130050,Ampegama,1000,1000,2000,15
LK3130055,Hamingala,1000,1000,2000,15
LK3130060,Nugethota,1000,1000,2000,15
LK3130065,Agaliya,1000,1000,2000,15
LK3130070,Divithura South,1000,1000,2000,15
LK3130075,Galahenkanda,1000,1000,2000,15
LK3130080,Kuttiyawatta,1000,1000,2000,15
LK3130085,Pathawelivitiya North,1000,1000,2000,15
LK3130090,Waduwelivitiya North,1000,1000,2000,15
LK3130095,Pathawelivitiya,1000,1000,2000,15
LK3130100,Waduwelivitiya,1000,1000,2000,15
LK3133,Ambalangoda,20000,20000,40000,15
LK3133005,Heppumulla,556,556,1112,15
LK3133010,Patabendimulla,556,555,1111,15
LK3133015,Karittakanda,556,555,1111,15
LK3133020,Kaluwadumulla,556,555,1111,15
LK3133025,Okanda,556,555,1111,15
LK3133030,Keraminiya,556,555,1111,15
LK3133035,Polwatta,556,555,1111,15
LK3133040,Thalgasgoda,556,555,1111,15
LK3133045,Thilakapura,556,555,1111,15
LK3133050,Thanipolgahalanga,556,555,1111,15
LK3133055,Batapola Central,556,555,1111,15
LK3133060,Kondagala,556,555,1111,15
LK3133065,Batapola North,556,555,1111,15
LK3133070,Kobeithuduwa,556,555,1111,15
LK3133075,Godahena,556,555,1111,15
LK3133080,Poramba,556,555,1111,15
LK3133085,Vilegoda,556,555,1111,15
LK3133090,Paniyandoowa,556,555,1111,15
LK3133095,Hirewatta,556,555,1111,15
LK3133100,Maha Ambalangoda,556,555,1111,15
LK3133105,Batadoowa,556,555,1111,15
LK3133110,Batapola West,556,555,1111,15
LK3133115,Batapola South,556,555,1111,15
LK3133120,Dorala,556,555,1111,15
LK3133125,Batapola East,556,555,1111,15
LK3133130,Polhunnawa,556,555,1111,15
LK3133135,Nawagama,556,555,1111,15
LK3133140,Nindana,556,555,1111,15
LK3133145,Lewdoowa,556,555,1111,15
LK3133150,Udakerewa,556,555,1111,15
LK3133155,Domanvila,556,555,1111,15
LK3133160,Diddeliya,556,555,1111,15
LK3133165,Eranavila,556,555,1111,15
LK3133170,Meetiyagoda,556,555,1111,15
LK3133175,Metiwala,556,555,1111,15
LK3133180,Walakada,556,555,1111,15
LK3134,Gonapinuwala,20000,20000,40000,15
LK3134005,Karuwalabedda,1053,1053,2106,15
LK3134010,Manampita,1053,1052,2105,15
LK3134015,Dangaragaha Udumulla,1053,1052,2105,15
LK3134020,Banwelgodella,1053,1052,2105,15
LK3134025,Eriyagahamulla,1053,1052,2105,15
LK3134030,Aluthwala,1053,1052,2105,15
LK3134035,Mahagangoda,1053,1052,2105,15
LK3134040,Kirindiela,1053,1052,2105,15
LK3134045,Thilakagama,1053,1052,2105,15
LK3134050,Henagoda,1053,1052,2105,15
LK3134055,Gonapeenuwala Central,1053,1052,2105,15
LK3134060,Woodland Watta,1053,1052,2105,15
LK3134065,Berathuduwa,1053,1052,2105,15
LK3134070,Hikkaduwa East,1053,1052,2105,15
LK3134075,Arachchikanda,1053,1052,2105,15
LK3134080,Gonapeenuwala East,1053,1052,2105,15
LK3134085,Gonapeenuwala West,1053,1052,2105,15
LK3134090,Dodamkahavila,1053,1052,2105,15
LK3134095,Kaluwagaha Colony,1053,1052,2105,15
LK3136,Hikkaduwa,20000,20000,40000,15
LK3136195,Wellawatta,741,741,1482,15
LK3136200,Hikkaduwa Nagarikaya,741,740,1481,15
LK3136205,Wavulagoda West,741,740,1481,15
LK3136210,Wavulagoda East,741,740,1481,15
LK3136215,Hikkaduwa West,741,740,1481,15
LK3136220,Nakanda,741,740,1481,15
LK3136225,Hikkaduwa Central,741,740,1481,15
LK3136230,Nalagasdeniya,741,740,1481,15
LK3136235,Millagoda,741,740,1481,15
LK3136240,Pannamgoda,741,740,1481,15
LK3136245,Wewala,741,740,1481,15
LK3136250,Narigama Wellabada,741,740,1481,15
LK3136255,Narigama,741,740,1481,15
LK3136260,Kuda Wewala,741,740,1481,15
LK3136265,Delgahadoowa,741,740,1481,15
LK3136270,Katukoliha,741,740,1481,15
LK3136275,Thiranagama,741,740,1481,15
LK3136280,Thiranagama Wellabada,741,740,1481,15
LK3136285,Patuwatha,741,740,1481,15
LK3136290,Gammaduwatta,741,740,1481,15
LK3136295,Hennathota,741,740,1481,15
LK3136300,Pinkanda,741,740,1481,15
LK3136305,Handaudumulla,741,740,1481,15
LK3136340,Dodandugoda,741,740,1481,15
LK3136345,Modara Patuwatha,741,740,1481,15
LK3136350,Dodandoowa,741,740,1481,15
LK3136355,Uduhalpitiya,741,740,1481,15
LK3139,Galle 4 Gravets,20000,20000,40000,15
LK3139005,Ukwatta East,400,400,800,15
LK3139010,Ukwatta West,400,400,800,15
LK3139015,Maha Hapugala,400,400,800,15
LK3139020,Kurunduwatta,400,400,800,15
LK3139025,Welipitimodara,400,400,800,15
LK3139030,Ginthota West,400,400,800,15
LK3139035,Ginthota East,400,400,800,15
LK3139040,Piyadigama,400,400,800,15
LK3139045,Bope North,400,400,800,15
LK3139050,Bope East,400,400,800,15
LK3139055,Kumbalwella North,400,400,800,15
LK3139060,Madawalamulla North,400,400,800,15
LK3139065,Madawalamulla South,400,400,800,15
LK3139070,Deddugoda North,400,400,800,15
LK3139075,Deddugoda South,400,400,800,15
LK3139080,Maitipe,400,400,800,15
LK3139085,Welipatha,400,400,800,15
LK3139090,Maligaspe,400,400,800,15
LK3139095,Dangedara East,400,400,800,15
LK3139100,Dangedara West,400,400,800,15
LK3139105,Bataganvila,400,400,800,15
LK3139110,Galwadugoda,400,400,800,15
LK3139115,Richmond Kanda,400,400,800,15
LK3139120,Bope West,400,400,800,15
LK3139125,Siyambalagahawatta,400,400,800,15
LK3139130,Dadalla East,400,400,800,15
LK3139135,Dadalla West,400,400,800,15
LK3139140,Walawwatta,400,400,800,15
LK3139145,Kumbalwella South,400,400,800,15
LK3139150,Mahamodara,400,400,800,15
LK3139155,Osanagoda,400,400,800,15
LK3139160,Kandewatta,400,400,800,15
LK3139165,Sanghamittapura,400,400,800,15
LK3139170,Madapathala,400,400,800,15
LK3139175,Pokunawatta,400,400,800,15
LK3139180,Milidduwa,400,400,800,15
LK3139185,Ettiligoda South,400,400,800,15
LK3139190,Makuluwa,400,400,800,15
LK3139195,Pettigalawatta,400,400,800,15
LK3139200,Thalapitiya,400,400,800,15
LK3139205,Kongaha,400,400,800,15
LK3139210,Weliwatta,400,400,800,15
LK3139215,Minuwangoda,400,400,800,15
LK3139220,Kaluwella,400,400,800,15
LK3139225,Cheena Koratuwa,400,400,800,15
LK3139230,Fort,400,400,800,15
LK3139235,Magalla,400,400,800,15
LK3139240,Dewathura,400,400,800,15
LK3139245,Katugoda,400,400,800,15
LK3139250,Dewata,400,400,800,15
LK3142,Bope-Poddala,20000,20000,40000,15
LK3142005,Poddala,455,455,910,15
LK3142010,Pannamaga,455,454,909,15
LK3142015,Mulana West,455,454,909,15
LK3142020,Mulana East,455,454,909,15
LK3142025,Panvila,455,454,909,15
LK3142030,Narawala,455,454,909,15
LK3142035,Walawatta,455,454,909,15
LK3142040,Magadeniya,455,454,909,15
LK3142045,Baswatta,455,454,909,15
LK3142050,Addaragoda,455,454,909,15
LK3142055,Meepawala,455,454,909,15
LK3142060,Penideniya,455,454,909,15
LK3142065,Opatha,455,454,909,15
LK3142070,Wakwella,455,454,909,15
LK3142075,Niladeniya,455,454,909,15
LK3142080,Hapugala,455,454,909,15
LK3142085,Beraliyadola,455,454,909,15
LK3142090,Silvagewatta,455,454,909,15
LK3142095,Uluvitike,455,454,909,15
LK3142100,Holuwagoda,455,454,909,15
LK3142105,Labudoowa,455,454,909,15
LK3142110,Kurunda Kanda,455,454,909,15
LK3142115,Kurunda,455,454,909,15
LK3142120,Thotagoda,455,454,909,15
LK3142125,Galketiya,455,454,909,15
LK3142130,Godakanda,455,454,909,15
LK3142135,Bangalawatta,455,454,909,15
LK3142140,Bokaramullagoda,455,454,909,15
LK3142145,Thunhiripana,455,454,909,15
LK3142150,Abeysundarawatta,455,454,909,15
LK3142155,Watareka East,455,454,909,15
LK3142160,Pelawatta,455,454,909,15
LK3142165,Mampitiya,455,454,909,15
LK3142170,Kalegana South,455,454,909,15
LK3142175,Kalegana North,455,454,909,15
LK3142180,Kithulampitiya,455,454,909,15
LK3142185,Kahadoowawatta,455,454,909,15
LK3142190,Navinna,455,454,909,15
LK3142195,Hirimburagama,455,454,909,15
LK3142200,Karapitiya,455,454,909,15
LK3142205,Ambagahawatta,455,454,909,15
LK3142210,Kapuhempala,455,454,909,15
LK3142215,Kerenvila,455,454,909,15
LK3142220,Paliwathugoda,455,454,909,15
LK3145,Akmeemana,20000,20000,40000,15
LK3145005,Thalgasyaya,318,317,635,15
LK3145010,Niyagama,317,317,634,15
LK3145015,Ambagahavila,317,317,634,15
LK3145020,Ihalagoda East,317,317,634,15
LK3145025,Amalgama,317,317,634,15
LK3145030,Ketandola,317,317,634,15
LK3145035,Hiyare North,317,317,634,15
LK3145040,Kandahena,317,317,634,15
LK3145045,Welihena,317,317,634,15
LK3145050,Kadurugashena,317,317,634,15
LK3145055,Hiyare East,317,317,634,15
LK3145060,Ihala Hiyare,317,317,634,15
LK3145065,Hiyare South,317,317,634,15
LK3145070,Etambagasmulla,317,317,634,15
LK3145075,Ihalagoda Colony,317,317,634,15
LK3145080,Ihalagoda South,317,317,634,15
LK3145085,Ihalagoda West,317,317,634,15
LK3145090,Akmeemana,317,317,634,15
LK3145095,Ganegoda,317,317,634,15
LK3145100,Ganegoda West,317,317,634,15
LK3145105,Kirindagoda,317,317,634,15
LK3145110,Badungoda Colony,317,317,634,15
LK3145115,Badungoda,317,317,634,15
LK3145120,Pinnadoowa Colony,317,317,634,15
LK3145125,Weliketiya,317,317,634,15
LK3145130,Halgasmulla,317,317,634,15
LK3145135,Amukotuwa,317,317,634,15
LK3145140,Nivithipitigoda,317,317,634,15
LK3145145,Thalahitiyawa,317,317,634,15
LK3145150,Ankokkawala,317,317,634,15
LK3145155,Pinnadoowa,317,317,634,15
LK3145160,Manavila,317,317,634,15
LK3145165,Walahanduwa,317,317,634,15
LK3145170,Yakgaha,317,317,634,15
LK3145175,Meegoda,317,317,634,15
LK3145180,Pilana,317,317,634,15
LK3145185,Pedinnoruwa,317,317,634,15
LK3145190,Melegoda,317,317,634,15
LK3145195,Bambaragoda,317,317,634,15
LK3145200,Anangoda,317,317,634,15
LK3145205,Hinidumgoda,317,317,634,15
LK3145210,Kerenvila Colony,317,317,634,15
LK3145215,Haliwala,317,317,634,15
LK3145220,Ettiligoda North,317,317,634,15
LK3145225,Ambalanwatta,317,317,634,15
LK3145230,Jambuketiya,317,317,634,15
LK3145235,Batadoowa,317,317,634,15
LK3145240,Kaduruduwa,317,317,634,15
LK3145245,Panagamuwa,317,317,634,15
LK3145250,Galgamuwa,317,317,634,15
LK3145255,Divulana Colony,317,317,634,15
LK3145260,Handugoda,317,317,634,15
LK3145265,Kalahe,317,317,634,15
LK3145270,Wanchawala,317,317,634,15
LK3145275,Attaragoda,317,317,634,15
LK3145280,Nugadoowa,317,317,634,15
LK3145285,Batadoowa West,317,317,634,15
LK3145290,Thalpegoda,317,317,634,15
LK3145295,Yatagama,317,317,634,15
LK3145300,Rathkindagoda,317,317,634,15
LK3145305,Metaramba,317,317,634,15
LK3145310,Thalpe North,317,317,634,15
LK3145315,Nagahawatta,317,317,634,15
LK3148,Yakkalamulla,20000,20000,40000,15
LK3148005,Nawala,455,455,910,15
LK3148010,Thellambura North,455,454,909,15
LK3148015,Nakiyadeniya,455,454,909,15
LK3148020,Nakiyadeniya North,455,454,909,15
LK3148025,Wattehena,455,454,909,15
LK3148030,Wathogala,455,454,909,15
LK3148035,Moraketiya,455,454,909,15
LK3148040,Gahalakoladeniya,455,454,909,15
LK3148045,Udumalagala,455,454,909,15
LK3148050,Ihala Nakiyadeniya,455,454,909,15
LK3148055,Pahala Thellambura,455,454,909,15
LK3148060,Ihala Thellambura,455,454,909,15
LK3148065,Nevungala,455,454,909,15
LK3148070,Nevungala South,455,454,909,15
LK3148075,Kottawa,455,454,909,15
LK3148080,Thellambura South,455,454,909,15
LK3148085,Yakkalamulla East,455,454,909,15
LK3148090,Nabadawa,455,454,909,15
LK3148095,Yatamalagala,455,454,909,15
LK3148100,Ihala Karagoda,455,454,909,15
LK3148105,Magedara North,455,454,909,15
LK3148110,Magedara East,455,454,909,15
LK3148115,Ella Ihala,455,454,909,15
LK3148120,Magedara,455,454,909,15
LK3148125,Uduwella,455,454,909,15
LK3148130,Karagoda,455,454,909,15
LK3148135,Pahala Karagoda,455,454,909,15
LK3148140,Polpagoda,455,454,909,15
LK3148145,Beranagoda,455,454,909,15
LK3148150,Yakkalamulla,455,454,909,15
LK3148155,Kottawa East,455,454,909,15
LK3148160,Kottawa West,455,454,909,15
LK3148165,Thalgampala North,455,454,909,15
LK3148170,Udubettawa,455,454,909,15
LK3148175,Udubettawa West,455,454,909,15
LK3148180,Thalgampala,455,454,909,15
LK3148185,Hiriyamalkumbura,455,454,909,15
LK3148190,Polpagoda West,455,454,909,15
LK3148195,Kaludiyawala,455,454,909,15
LK3148200,Badungala,455,454,909,15
LK3148205,Rathamalaketiya,455,454,909,15
LK3148210,Welendawa,455,454,909,15
LK3148215,Pahala Walpola,455,454,909,15
LK3148220,Ihala Walpala,455,454,909,15
LK3151,Imaduwa,20000,20000,40000,15
LK3151005,Pituwalahena,466,465,931,15
LK3151010,Mayakaduwa,465,465,930,15
LK3151015,Kabaragala,465,465,930,15
LK3151020,Danduwana,465,465,930,15
LK3151025,Hatangala,465,465,930,15
LK3151030,Bedipita,465,465,930,15
LK3151035,Puswelkada,465,465,930,15
LK3151040,Ihala Kombala,465,465,930,15
LK3151045,Kombala,465,465,930,15
LK3151050,Imaduwa Athireka 1,465,465,930,15
LK3151055,Paragoda,465,465,930,15
LK3151060,Wathawana,465,465,930,15
LK3151065,Hawpe North,465,465,930,15
LK3151070,Hawpe,465,465,930,15
LK3151075,Angulugaha,465,465,930,15
LK3151080,Rangoda,465,465,930,15
LK3151085,Dorape,465,465,930,15
LK3151090,Welikonda,465,465,930,15
LK3151095,Pelawatta,465,465,930,15
LK3151100,Polhena,465,465,930,15
LK3151105,Kahanda,465,465,930,15
LK3151110,Kahanda Athireka 1,465,465,930,15
LK3151115,Godaudamandiya,465,465,930,15
LK3151120,Mawella,465,465,930,15
LK3151125,Deegoda Athireka 01,465,465,930,15
LK3151130,Imaduwa,465,465,930,15
LK3151135,Hettigoda,465,465,930,15
LK3151140,Deegoda,465,465,930,15
LK3151145,Kalugalagoda,465,465,930,15
LK3151150,Ihala Mawella,465,465,930,15
LK3151155,Thittagalla East,465,465,930,15
LK3151160,Ampavila,465,465,930,15
LK3151165,Malalgodapitiya,465,465,930,15
LK3151170,Dikkumbura,465,465,930,15
LK3151175,Kodagoda South,465,465,930,15
LK3151180,Kodagoda East,465,465,930,15
LK3151185,Horadugoda,465,465,930,15
LK3151190,Ellalagoda,465,465,930,15
LK3151195,Andugoda,465,465,930,15
LK3151200,Panugalgoda,465,465,930,15
LK3151205,Indurannavila,465,465,930,15
LK3151210,Atanikitha,465,465,930,15
LK3151215,Thittagalla West,465,465,930,15
LK3154,Habaraduwa,20000,20000,40000,15
LK3154005,Yaddehimulla,339,339,678,15
LK3154010,Bonavistawa,339,338,677,15
LK3154015,Unawatuna West,339,338,677,15
LK3154020,Unawatuna East,339,338,677,15
LK3154025,Maharamba,339,338,677,15
LK3154030,Dalawella,339,338,677,15
LK3154035,Unawatuna Central,339,338,677,15
LK3154040,Thalpe South,339,338,677,15
LK3154045,Heenatigala South,339,338,677,15
LK3154050,Wellethota,339,338,677,15
LK3154055,Halloluwagoda,339,338,677,15
LK3154060,Handugoda,339,338,677,15
LK3154065,Dodampe,339,338,677,15
LK3154070,Attaragoda,339,338,677,15
LK3154075,Thalpe East,339,338,677,15
LK3154080,Kahawennagama,339,338,677,15
LK3154085,Morampitigoda,339,338,677,15
LK3154090,Uragasgoda,339,338,677,15
LK3154095,Pitidoowa,339,338,677,15
LK3154100,Meepe,339,338,677,15
LK3154105,Bogahamulugoda,339,338,677,15
LK3154110,Happawana,339,338,677,15
LK3154115,Annasiwathugoda,339,338,677,15
LK3154120,Harumalgoda West,339,338,677,15
LK3154125,Lanumodara,339,338,677,15
LK3154130,Liyanagoda,339,338,677,15
LK3154135,Katukurunda,339,338,677,15
LK3154140,Harumalgoda Central,339,338,677,15
LK3154145,Godawatta,339,338,677,15
LK3154150,Harumalgoda East,339,338,677,15
LK3154155,Koggala Athireka I,339,338,677,15
LK3154160,Koggala Athireka II,339,338,677,15
LK3154165,Koggala,339,338,677,15
LK3154170,Kathaluwa West,339,338,677,15
LK3154175,Atadahewathugoda,339,338,677,15
LK3154180,Kathaluwa East,339,338,677,15
LK3154185,Welhengoda,339,338,677,15
LK3154190,Kathaluwa Central,339,338,677,15
LK3154195,Alawathuthisgoda,339,338,677,15
LK3154200,Pelessa,339,338,677,15
LK3154205,Korahedigoda,339,338,677,15
LK3154210,Ahangama Nakanda,339,338,677,15
LK3154215,Kalapuwa,339,338,677,15
LK3154220,Ahangamgoda,339,338,677,15
LK3154225,Danduhela,339,338,677,15
LK3154230,Meegahagoda,339,338,677,15
LK3154235,Kahawathugoda,339,338,677,15
LK3154240,Meliyagoda,339,338,677,15
LK3154245,Piyadigama West,339,338,677,15
LK3154250,Wadugegoda,339,338,677,15
LK3154255,Karandugoda,339,338,677,15
LK3154260,Kalahegoda,339,338,677,15
LK3154265,Dommannegoda,339,338,677,15
LK3154270,Piyadigama East,339,338,677,15
LK3154275,Ahangama Central,339,338,677,15
LK3154280,Digaredda,339,338,677,15
LK3154285,Thaldoowa,339,338,677,15
LK3154290,Ahangama East,339,338,677,15
LK3154295,Goviyapana,339,338,677,15
LK3157,Wanduramba,20000,20000,40000,15
LK3157115,Weihena,910,909,1819,15
LK3157125,Polgahavila,909,909,1818,15
LK3157130,Indurupathvila,909,909,1818,15
LK3157205,Kirindalahena,909,909,1818,15
LK3157210,Pahala Lelwala,909,909,1818,15
LK3157215,Ihala Lelwala,909,909,1818,15
LK3157220,Kumbalamalahena,909,909,1818,15
LK3157225,Wanduramba,909,909,1818,15
LK3157230,Gulugahakanda,909,909,1818,15
LK3157235,Panvila,909,909,1818,15
LK3157240,Kokawala,909,909,1818,15
LK3157300,Meda Keembiya,909,909,1818,15
LK3157305,Deiyandara,909,909,1818,15
LK3157310,Wanduramba South,909,909,1818,15
LK3157315,Thalawa,909,909,1818,15
LK3157320,Mabotuwana,909,909,1818,15
LK3157325,Nattewela,909,909,1818,15
LK3157330,Thiruwanaketiya,909,909,1818,15
LK3157335,Pitiharawa,909,909,1818,15
LK3157340,Meda Keembiya East,909,909,1818,15
LK3157345,Ihala Keembiya South,909,909,1818,15
LK3157350,Ihala Keembiya,909,909,1818,15
LK3160,Madampagama,20000,20000,40000,15
LK3160005,Urawatta,527,526,1053,15
LK3160010,Dewagoda West,526,526,1052,15
LK3160015,Dewagoda East,526,526,1052,15
LK3160020,Deldoowa,526,526,1052,15
LK3160025,Idanthota,526,526,1052,15
LK3160030,Kuleegoda West,526,526,1052,15
LK3160035,Galagoda East,526,526,1052,15
LK3160040,Galagoda West,526,526,1052,15
LK3160045,Kuleegoda East,526,526,1052,15
LK3160050,Wellabada,526,526,1052,15
LK3160055,Usmudulawa,526,526,1052,15
LK3160060,Wenamulla,526,526,1052,15
LK3160065,Dimbuldoowa,526,526,1052,15
LK3160070,Andurangoda,526,526,1052,15
LK3160075,Galdoowa,526,526,1052,15
LK3160080,Akurala,526,526,1052,15
LK3160085,Akurala North,526,526,1052,15
LK3160090,Akurala South,526,526,1052,15
LK3160095,Uduwaragoda North,526,526,1052,15
LK3160100,Uduwaragoda South,526,526,1052,15
LK3160105,Kahawa,526,526,1052,15
LK3160110,Weragoda,526,526,1052,15
LK3160115,Delmar Colony,526,526,1052,15
LK3160120,Harannagala,526,526,1052,15
LK3160125,Godagama South,526,526,1052,15
LK3160130,Godagama North,526,526,1052,15
LK3160135,Daluwathumulla,526,526,1052,15
LK3160140,Thelwatta,526,526,1052,15
LK3160145,Pereliya North,526,526,1052,15
LK3160150,Pereliya South,526,526,1052,15
LK3160155,Seenigama,526,526,1052,15
LK3160160,Seenigama East,526,526,1052,15
LK3160165,Malawenna,526,526,1052,15
LK3160170,Kalupe,526,526,1052,15
LK3160175,Udumulla,526,526,1052,15
LK3160180,Medagoda,526,526,1052,15
LK3160185,Werellana,526,526,1052,15
LK3160190,Thotagamuwa,526,526,1052,15
LK3163,Rathgama,20000,20000,40000,15
LK3163310,Thotavila,625,625,1250,15
LK3163315,Mawadavila,625,625,1250,15
LK3163320,Panvila Pahalagoda,625,625,1250,15
LK3163325,Rejjipura,625,625,1250,15
LK3163330,Imbula,625,625,1250,15
LK3163335,Katudampe,625,625,1250,15
LK3163360,Karawegoda,625,625,1250,15
LK3163365,Devinigoda,625,625,1250,15
LK3163370,Bopagoda,625,625,1250,15
LK3163375,Kandegoda,625,625,1250,15
LK3163380,Ranapanadeniya,625,625,1250,15
LK3163385,Mahahegoda,625,625,1250,15
LK3163390,Medawala,625,625,1250,15
LK3163395,Hegoda,625,625,1250,15
LK3163400,Palanthriyagoda,625,625,1250,15
LK3163405,Maliduwa,625,625,1250,15
LK3163410,Rathna Udagama,625,625,1250,15
LK3163415,Ganegoda,625,625,1250,15
LK3163420,Rathgama Hegoda,625,625,1250,15
LK3163425,Palliyapitiya,625,625,1250,15
LK3163430,Gammeddegoda,625,625,1250,15
LK3163435,Gammeddegoda East,625,625,1250,15
LK3163440,Gammeddegoda-Rajgama,625,625,1250,15
LK3163445,Owakanda,625,625,1250,15
LK3163450,Kapumulugoda,625,625,1250,15
LK3163455,Dolikanda,625,625,1250,15
LK3163460,Boossa,625,625,1250,15
LK3163465,Rupeewala,625,625,1250,15
LK3163470,Kedala,625,625,1250,15
LK3163475,Pitiwella South,625,625,1250,15
LK3163480,Pitiwella North,625,625,1250,15
LK3163485,Kadurupe,625,625,1250,15
LK32,Matara,440000,440000,880000,15
LK3203,Pitabaddara,27500,27500,55000,15
LK3203005,Kalubovitiyana,688,687,1375,15
LK3203010,Galabada,688,687,1375,15
LK3203015,Ambewela,688,687,1375,15
LK3203020,Dangala West,688,687,1375,15
LK3203025,Banagala East,688,687,1375,15
LK3203030,Dangala East,688,687,1375,15
LK3203035,Banagala West,688,687,1375,15
LK3203040,Edandukitha West,688,687,1375,15
LK3203045,Edandukitha East,688,687,1375,15
LK3203050,Alapaladeniya South,688,687,1375,15
LK3203055,Alapaladeniya North,688,687,1375,15
LK3203060,Kiriwelkele North,688,687,1375,15
LK3203065,Rambukana West,688,687,1375,15
LK3203070,Kodikaragoda West,688,687,1375,15
LK3203075,Kodikaragoda East,688,687,1375,15
LK3203080,Weliwa,688,687,1375,15
LK3203085,Rambukana East,688,687,1375,15
LK3203090,Thalapekumbura,688,687,1375,15
LK3203095,Kudagalahena,688,687,1375,15
LK3203100,Kiriwelkele South,688,687,1375,15
LK3203105,Derangala,688,687,1375,15
LK3203110,Thennahena,688,687,1375,15
LK3203115,Gorakawela,688,687,1375,15
LK3203120,Siyambalagoda West,688,687,1375,15
LK3203125,Kosnilgoda,688,687,1375,15
LK3203130,Aluwana,688,687,1375,15
LK3203135,Paradupalla,688,687,1375,15
LK3203140,Mahapothuvila,688,687,1375,15
LK3203145,Dankoluwa,688,687,1375,15
LK3203150,Pitabeddara,688,687,1375,15
LK3203155,Kaduruwana,688,687,1375,15
LK3203160,Dehigaspe,688,687,1375,15
LK3203165,Kotagala,688,687,1375,15
LK3203170,Siyambalagoda East,688,687,1375,15
LK3203175,Wanasinkanda,688,687,1375,15
LK3203180,Diyadawa,688,687,1375,15
LK3203185,Ihala Ainagama,688,687,1375,15
LK3203190,Elamaldeniya,688,687,1375,15
LK3203195,Wathurakumbura,688,687,1375,15
LK3203200,Puwakbadovita,688,687,1375,15
LK3206,Kotapola,27500,27500,55000,15
LK3206005,Mederipitiya,744,743,1487,15
LK3206010,Keeriwalagama,743,743,1486,15
LK3206015,Kiriweldola,743,743,1486,15
LK3206020,Kandilpana,743,743,1486,15
LK3206025,Viharahena,743,743,1486,15
LK3206030,Adaradeniya,743,743,1486,15
LK3206035,Ihalagama,743,743,1486,15
LK3206040,Bateyaya,743,743,1486,15
LK3206045,Pussawela,743,743,1486,15
LK3206050,Pallegama North,743,743,1486,15
LK3206055,Pathawala Nadakanda,743,743,1486,15
LK3206060,Poddana,743,743,1486,15
LK3206065,Kolawenigama,743,743,1486,15
LK3206070,Pallegama South,743,743,1486,15
LK3206075,Deniyaya West,743,743,1486,15
LK3206080,Deniyaya,743,743,1486,15
LK3206085,Kalugalahena,743,743,1486,15
LK3206090,Thenipita,743,743,1486,15
LK3206095,Mugunumulla,743,743,1486,15
LK3206100,Nawalahena,743,743,1486,15
LK3206105,Kotapola North,743,743,1486,15
LK3206110,Nishshankapura,743,743,1486,15
LK3206115,Beliattakumbura,743,743,1486,15
LK3206120,Morawaka,743,743,1486,15
LK3206125,Porupitiya,743,743,1486,15
LK3206130,Waralla,743,743,1486,15
LK3206135,Koodaludeniya,743,743,1486,15
LK3206140,Kotapola South,743,743,1486,15
LK3206145,Usamalagoda,743,743,1486,15
LK3206150,Lindagawahena,743,743,1486,15
LK3206155,Kosmodara,743,743,1486,15
LK3206160,Ilukpitiya,743,743,1486,15
LK3206165,Horagala East,743,743,1486,15
LK3206170,Horagala West,743,743,1486,15
LK3206175,Uvaragala,743,743,1486,15
LK3206180,Pelawatta,743,743,1486,15
LK3206185,Paragala,743,743,1486,15
LK3209,Pasgoda,27500,27500,55000,15
LK3209005,Batandura South,640,640,1280,15
LK3209010,Batandura North,640,639,1279,15
LK3209015,Thalapalakanda,640,639,1279,15
LK3209020,Kekundeniya,640,639,1279,15
LK3209025,Ketawala,640,639,1279,15
LK3209030,Ginnaliya North,640,639,1279,15
LK3209035,Pattigala,640,639,1279,15
LK3209040,Beralapanathara South,640,639,1279,15
LK3209045,Beralapanathara North,640,639,1279,15
LK3209050,Wijayagama,640,639,1279,15
LK3209055,Pathavita,640,639,1279,15
LK3209060,Kirilipana,640,639,1279,15
LK3209065,Moragala,640,639,1279,15
LK3209070,Keeripitiya East,640,639,1279,15
LK3209075,Urubokka,640,639,1279,15
LK3209080,Ginnaliya West,640,639,1279,15
LK3209085,Ginnaliya South,640,639,1279,15
LK3209090,Ginnaliya East,640,639,1279,15
LK3209095,Mekiliyathenna,640,639,1279,15
LK3209100,Heegoda,640,639,1279,15
LK3209105,Keeripitiya West,640,639,1279,15
LK3209110,Pothdeniya,640,639,1279,15
LK3209115,Mologgamuwa North,640,639,1279,15
LK3209120,Mologgamuwa South,640,639,1279,15
LK3209125,Bengamuwa West,640,639,1279,15
LK3209130,Bengamuwa East,640,639,1279,15
LK3209135,Dampahala West,640,639,1279,15
LK3209140,Hulankanda,640,639,1279,15
LK3209145,Dampahala East,640,639,1279,15
LK3209150,Pasgoda,640,639,1279,15
LK3209155,Bengamuwa South,640,639,1279,15
LK3209160,Denkandaliya,640,639,1279,15
LK3209165,Panakaduwa West,640,639,1279,15
LK3209170,Rotumba East,640,639,1279,15
LK3209175,Napathella,640,639,1279,15
LK3209180,Andaluwa,640,639,1279,15
LK3209185,Ehelakanda,640,639,1279,15
LK3209190,Galketikanda,640,639,1279,15
LK3209195,Rotumba West,640,639,1279,15
LK3209200,Panakaduwa East,640,639,1279,15
LK3209205,Gomila,640,639,1279,15
LK3209210,Puwakgahahena,640,639,1279,15
LK3209215,Mawarala,640,639,1279,15
LK3212,Mulatiyana,27500,27500,55000,15
LK3212005,Gombaddala North,573,573,1146,15
LK3212010,Kudapana,573,572,1145,15
LK3212015,Ketapalakanda,573,572,1145,15
LK3212020,Gammedagama,573,572,1145,15
LK3212025,Ketiyape North,573,572,1145,15
LK3212030,Athapattukanda,573,572,1145,15
LK3212035,Parapamulla East,573,572,1145,15
LK3212040,Ketiyape South,573,572,1145,15
LK3212045,Galetumba,573,572,1145,15
LK3212050,Neralampitiya,573,572,1145,15
LK3212055,Mulatiyana,573,572,1145,15
LK3212060,Diddenipotha North,573,572,1145,15
LK3212065,Beragama North,573,572,1145,15
LK3212070,Gombaddala South,573,572,1145,15
LK3212075,Beragama West,573,572,1145,15
LK3212080,Beragama South,573,572,1145,15
LK3212085,Makandura West,573,572,1145,15
LK3212090,Beragama East,573,572,1145,15
LK3212095,Diddenipotha East,573,572,1145,15
LK3212100,Diddenipotha South,573,572,1145,15
LK3212105,Seenipella West,573,572,1145,15
LK3212110,Maduwala,573,572,1145,15
LK3212115,Seenipella East,573,572,1145,15
LK3212120,Deiyandara,573,572,1145,15
LK3212125,Parapamulla West,573,572,1145,15
LK3212130,Parapamulla South,573,572,1145,15
LK3212135,Dewalegama West,573,572,1145,15
LK3212140,Dewalegama East,573,572,1145,15
LK3212145,Batadola,573,572,1145,15
LK3212150,Kithsiripura,573,572,1145,15
LK3212155,Radawela West,573,572,1145,15
LK3212160,Belpamulla,573,572,1145,15
LK3212165,Bamunugama West,573,572,1145,15
LK3212170,Makandura East,573,572,1145,15
LK3212175,Ransegoda East,573,572,1145,15
LK3212180,Meepavita,573,572,1145,15
LK3212185,Mudaligedara,573,572,1145,15
LK3212190,Rathkekulawa,573,572,1145,15
LK3212195,Ransegoda North,573,572,1145,15
LK3212200,Ransegoda South,573,572,1145,15
LK3212205,Ransegoda West,573,572,1145,15
LK3212210,Koramburuwana,573,572,1145,15
LK3212215,Horapavita South,573,572,1145,15
LK3212220,Horapavita North,573,572,1145,15
LK3212225,Bamunugama East,573,572,1145,15
LK3212230,Radawela East,573,572,1145,15
LK3212235,Pallawela,573,572,1145,15
LK3212240,Pitawalgamuwa,573,572,1145,15
LK3215,Athuraliya,27500,27500,55000,15
LK3215005,Kehelwala,983,982,1965,15
LK3215010,Urumutta,982,982,1964,15
LK3215015,Urumutta South,982,982,1964,15
LK3215020,Dematapassa,982,982,1964,15
LK3215025,Divithura,982,982,1964,15
LK3215030,Welihena,982,982,1964,15
LK3215035,Hawpe,982,982,1964,15
LK3215040,Thalahagama West,982,982,1964,15
LK3215045,Wenagama,982,982,1964,15
LK3215050,Thalahagama East,982,982,1964,15
LK3215055,Uggashena,982,982,1964,15
LK3215060,Vilpita West,982,982,1964,15
LK3215065,Kanahalagama,982,982,1964,15
LK3215070,Godapitiya,982,982,1964,15
LK3215075,Maragoda,982,982,1964,15
LK3215080,Panadugama,982,982,1964,15
LK3215085,Thibbotuwawa North,982,982,1964,15
LK3215090,Walagepiyadda,982,982,1964,15
LK3215095,Vilpita East 1,982,982,1964,15
LK3215100,Vilpita East 11,982,982,1964,15
LK3215105,Yahamulla,982,982,1964,15
LK3215110,Namburukanda,982,982,1964,15
LK3215115,Ihala Athuraliya,982,982,1964,15
LK3215120,Balakawala,982,982,1964,15
LK3215125,Thibbotuwawa,982,982,1964,15
LK3215130,Athuraliya West,982,982,1964,15
LK3215135,Athuraliya East,982,982,1964,15
LK3215140,Pahala Athuraliya,982,982,1964,15
LK3218,Akuressa,27500,27500,55000,15
LK3218005,Diganahena,598,598,1196,15
LK3218010,Lenama North,598,597,1195,15
LK3218015,Hulandawa,598,597,1195,15
LK3218020,Maramba North,598,597,1195,15
LK3218025,Peddapitiya North,598,597,1195,15
LK3218030,Idikatudeniya,598,597,1195,15
LK3218035,Lenama South,598,597,1195,15
LK3218040,Udupitiya,598,597,1195,15
LK3218045,Weliketiya,598,597,1195,15
LK3218050,Dediyagala,598,597,1195,15
LK3218055,Vilagama,598,597,1195,15
LK3218060,Ehelape,598,597,1195,15
LK3218065,Dolamawatha,598,597,1195,15
LK3218070,Kohugoda,598,597,1195,15
LK3218075,Ihala Maliduwa,598,597,1195,15
LK3218080,Ketanvila,598,597,1195,15
LK3218085,Nawalagoda,598,597,1195,15
LK3218090,Ellewela,598,597,1195,15
LK3218095,Minipogoda,598,597,1195,15
LK3218100,Peddapitiya South,598,597,1195,15
LK3218105,Maramba South,598,597,1195,15
LK3218110,Ganhela,598,597,1195,15
LK3218115,Asmagoda,598,597,1195,15
LK3218120,Higgoda,598,597,1195,15
LK3218125,Diyalape,598,597,1195,15
LK3218130,Eramudugoda,598,597,1195,15
LK3218135,Manikgoda,598,597,1195,15
LK3218140,Pahala Maliduwa,598,597,1195,15
LK3218145,Bopitiya,598,597,1195,15
LK3218150,Iluppella,598,597,1195,15
LK3218155,Imbulgoda,598,597,1195,15
LK3218160,Poramba,598,597,1195,15
LK3218165,Akuressa,598,597,1195,15
LK3218170,Yakabedda,598,597,1195,15
LK3218175,Galabadahena,598,597,1195,15
LK3218180,Ihala Kiyanduwa,598,597,1195,15
LK3218185,Melewwa,598,597,1195,15
LK3218190,Paraduwa North,598,597,1195,15
LK3218195,Paraduwa East,598,597,1195,15
LK3218200,Paraduwa South,598,597,1195,15
LK3218205,Henegama,598,597,1195,15
LK3218210,Henegama West,598,597,1195,15
LK3218215,Gallala,598,597,1195,15
LK3218220,Nimalawa East,598,597,1195,15
LK3218225,Nimalawa,598,597,1195,15
LK3218230,Paragahawatta,598,597,1195,15
LK3221,Welipitiya,27500,27500,55000,15
LK3221005,Wahala Kananke North,724,724,1448,15
LK3221010,Nivithiwelbokka,724,723,1447,15
LK3221015,Poramba Kananke North,724,723,1447,15
LK3221020,Puhulahena,724,723,1447,15
LK3221025,Poramba Kananke South,724,723,1447,15
LK3221030,Wahala Kananke South,724,723,1447,15
LK3221035,Nalawana,724,723,1447,15
LK3221040,Penetiyana West,724,723,1447,15
LK3221045,Penetiyana East,724,723,1447,15
LK3221050,Wellana,724,723,1447,15
LK3221055,Udukawa North,724,723,1447,15
LK3221060,Udukawa South,724,723,1447,15
LK3221065,Hallala,724,723,1447,15
LK3221070,Bathalahena,724,723,1447,15
LK3221075,Kokmaduwa North,724,723,1447,15
LK3221080,Sahabandu Kokmaduwa,724,723,1447,15
LK3221085,Jamburegoda East,724,723,1447,15
LK3221090,Padili Kokmaduwa,724,723,1447,15
LK3221095,Beraleliya,724,723,1447,15
LK3221100,Jayawickramapura,724,723,1447,15
LK3221105,Warakapitiya North,724,723,1447,15
LK3221110,Warakapitiya East,724,723,1447,15
LK3221115,Warakapitiya South,724,723,1447,15
LK3221120,Meeruppa,724,723,1447,15
LK3221125,Uruvitiya,724,723,1447,15
LK3221130,Watagedaramulla,724,723,1447,15
LK3221135,Moonamalpe,724,723,1447,15
LK3221140,Welipitiya,724,723,1447,15
LK3221145,Palalla,724,723,1447,15
LK3221150,Jamburegoda West,724,723,1447,15
LK3221155,Ibbawala,724,723,1447,15
LK3221160,Vilegoda,724,723,1447,15
LK3221165,Borala,724,723,1447,15
LK3221170,Maduragoda,724,723,1447,15
LK3221175,Kapuwatta,724,723,1447,15
LK3221180,Denipitiya Central,724,723,1447,15
LK3221185,Denipitiya West,724,723,1447,15
LK3221190,Denipitiya East,724,723,1447,15
LK3224,Malimbada,27500,27500,55000,15
LK3224005,Elgiriya,949,948,1897,15
LK3224010,Pahala Kiyaduwa,948,948,1896,15
LK3224015,Maragoda,948,948,1896,15
LK3224020,Kekunawela,948,948,1896,15
LK3224025,Kadduwa,948,948,1896,15
LK3224030,Dampella,948,948,1896,15
LK3224035,Horagoda East,948,948,1896,15
LK3224040,Horagoda West,948,948,1896,15
LK3224045,Horagoda South,948,948,1896,15
LK3224050,Kadukanna,948,948,1896,15
LK3224055,Welandagoda,948,948,1896,15
LK3224060,Uninduwela,948,948,1896,15
LK3224065,Thelijjavila,948,948,1896,15
LK3224070,Nape,948,948,1896,15
LK3224075,Akurugoda North,948,948,1896,15
LK3224080,Akurugoda East,948,948,1896,15
LK3224085,Kirimetimulla South,948,948,1896,15
LK3224090,Kirimetimulla North,948,948,1896,15
LK3224095,Malimbada West,948,948,1896,15
LK3224100,Katuwangoda,948,948,1896,15
LK3224105,Malimbada East,948,948,1896,15
LK3224110,Malimbada North,948,948,1896,15
LK3224115,Malimbada South,948,948,1896,15
LK3224120,Galpamuna,948,948,1896,15
LK3224125,Akurugoda South,948,948,1896,15
LK3224130,Akurugoda West,948,948,1896,15
LK3224135,Sulthanagoda West,948,948,1896,15
LK3224140,Sulthanagoda East,948,948,1896,15
LK3224145,Sulthanagoda South,948,948,1896,15
LK3227,Kaburupitiya,27500,27500,55000,15
LK3227005,Gathara West,706,705,1411,15
LK3227010,Gathara North,705,705,1410,15
LK3227015,Gathara East,705,705,1410,15
LK3227020,Beragammulla,705,705,1410,15
LK3227025,Eriyathota,705,705,1410,15
LK3227030,Ganegama,705,705,1410,15
LK3227035,Narandeniya East,705,705,1410,15
LK3227040,Narandeniya West,705,705,1410,15
LK3227045,Malana,705,705,1410,15
LK3227050,Magamure,705,705,1410,15
LK3227055,Sapugoda,705,705,1410,15
LK3227060,Lenabatuwa,705,705,1410,15
LK3227065,Bibulewela,705,705,1410,15
LK3227070,Godawa,705,705,1410,15
LK3227075,Pitakatuwana,705,705,1410,15
LK3227080,Kamburupitiya,705,705,1410,15
LK3227085,Ullala East,705,705,1410,15
LK3227090,Thumbe,705,705,1410,15
LK3227095,Karaputugala North,705,705,1410,15
LK3227100,Karaputugala South,705,705,1410,15
LK3227105,Ullala Masmulla,705,705,1410,15
LK3227110,Ullala West,705,705,1410,15
LK3227115,Mapalana Mangin Ihala,705,705,1410,15
LK3227120,Mapalana Mangin Pahala,705,705,1410,15
LK3227125,Seewelgama,705,705,1410,15
LK3227130,Ihala Vitiyala North,705,705,1410,15
LK3227135,Karagoda Uyangoda 1 Atha East,705,705,1410,15
LK3227140,Karagoda Uyangoda 1 Atha West,705,705,1410,15
LK3227145,Karagoda Uyangoda 2 West,705,705,1410,15
LK3227150,Karagoda Uyangoda 2 East,705,705,1410,15
LK3227155,Ihala Vitiyala West,705,705,1410,15
LK3227160,Ihala Vitiyala South,705,705,1410,15
LK3227165,Ihala Vitiyala East,705,705,1410,15
LK3227170,Akurugoda,705,705,1410,15
LK3227175,Kahagala,705,705,1410,15
LK3227180,Kahagala South,705,705,1410,15
LK3227185,Urapola East,705,705,1410,15
LK3227190,Palolpitiya,705,705,1410,15
LK3227195,Urapola West,705,705,1410,15
LK3230,Hakmana,27500,27500,55000,15
LK3230005,Denagama East,809,809,1618,15
LK3230010,Denagama North,809,808,1617,15
LK3230015,Denagama West,809,808,1617,15
LK3230020,Badabadda,809,808,1617,15
LK3230025,Meeella,809,808,1617,15
LK3230030,Pananwela East,809,808,1617,15
LK3230035,Pananwela West,809,808,1617,15
LK3230040,Kohuliyadda,809,808,1617,15
LK3230045,Kebiliyapola North,809,808,1617,15
LK3230050,Wepathaira North,809,808,1617,15
LK3230055,Wepathaira West,809,808,1617,15
LK3230060,Kandegoda,809,808,1617,15
LK3230065,Narawelpita East,809,808,1617,15
LK3230070,Narawelpita North,809,808,1617,15
LK3230075,Ellewela East,809,808,1617,15
LK3230080,Ellewela West,809,808,1617,15
LK3230085,Narawelpita South,809,808,1617,15
LK3230090,Beruwela,809,808,1617,15
LK3230095,Muruthamuraya,809,808,1617,15
LK3230100,Muruthamuraya West,809,808,1617,15
LK3230105,Muruthamuraya East,809,808,1617,15
LK3230110,Wepathaira South,809,808,1617,15
LK3230115,Kebiliyapola South,809,808,1617,15
LK3230120,Gangodagama,809,808,1617,15
LK3230125,Pottewela,809,808,1617,15
LK3230130,Lalpe,809,808,1617,15
LK3230135,Gammedapitiya,809,808,1617,15
LK3230140,Udupeellegoda East,809,808,1617,15
LK3230145,Udupeellegoda West,809,808,1617,15
LK3230150,Kongala East,809,808,1617,15
LK3230155,Kongala South,809,808,1617,15
LK3230160,Kongala Central,809,808,1617,15
LK3230165,Kongala West,809,808,1617,15
LK3230170,Narawelpita West,809,808,1617,15
LK3233,Kirinda Puhulwella,27500,27500,55000,15
LK3233005,Ovitigamuwa South,1100,1100,2200,15
LK3233010,Ovitigamuwa North,1100,1100,2200,15
LK3233015,Malwathugoda,1100,1100,2200,15
LK3233020,Galkanda,1100,1100,2200,15
LK3233025,Kirinda Mangin Pahala,1100,1100,2200,15
LK3233030,Kirinda Mangin Ihala North,1100,1100,2200,15
LK3233035,Hettiyawala West,1100,1100,2200,15
LK3233040,Hettiyawala North,1100,1100,2200,15
LK3233045,Boraluketiya,1100,1100,2200,15
LK3233050,Karathota,1100,1100,2200,15
LK3233055,Naradda,1100,1100,2200,15
LK3233060,Kumbalgoda,1100,1100,2200,15
LK3233065,Hettiyawala East,1100,1100,2200,15
LK3233070,Hettiyawala South,1100,1100,2200,15
LK3233075,Wavulanbokka,1100,1100,2200,15
LK3233080,Puhulwella East,1100,1100,2200,15
LK3233085,Puhulwella West,1100,1100,2200,15
LK3233090,Kirinda Mangin Ihala South,1100,1100,2200,15
LK3233095,Kirinda Mangin Ihala Central,1100,1100,2200,15
LK3233100,Kirinda Mangin Ihala East,1100,1100,2200,15
LK3233105,Wathukolakanda East,1100,1100,2200,15
LK3233110,Walakanda South,1100,1100,2200,15
LK3233115,Walakanda West,1100,1100,2200,15
LK3233120,Walakanda East,1100,1100,2200,15
LK3233125,Wathukolakanda North,1100,1100,2200,15
LK3236,Thihagoda,27500,27500,55000,15
LK3236005,Pahala Vitiyala West,688,687,1375,15
LK3236010,Pahala Vitiyala Central,688,687,1375,15
LK3236015,Pahala Vitiyala East,688,687,1375,15
LK3236020,Polathugoda,688,687,1375,15
LK3236025,Batuvita 1,688,687,1375,15
LK3236030,Batuvita 2,688,687,1375,15
LK3236035,Medauyangoda,688,687,1375,15
LK3236040,Akkara Panaha,688,687,1375,15
LK3236045,Yatiyana,688,687,1375,15
LK3236050,Kottawatta,688,687,1375,15
LK3236055,Komangoda 2,688,687,1375,15
LK3236060,Komangoda 1,688,687,1375,15
LK3236065,Thihagoda East,688,687,1375,15
LK3236070,Thihagoda,688,687,1375,15
LK3236075,Kithalagama East 2,688,687,1375,15
LK3236080,Kithalagama East 3,688,687,1375,15
LK3236085,Kithalagama Central,688,687,1375,15
LK3236090,Narangala,688,687,1375,15
LK3236095,Wellethota,688,687,1375,15
LK3236100,Kithalagama West,688,687,1375,15
LK3236105,Kithalagama East 1,688,687,1375,15
LK3236110,Naimbala 1,688,687,1375,15
LK3236115,Kapudoowa,688,687,1375,15
LK3236120,Kapudoowa East,688,687,1375,15
LK3236125,Uduwa West,688,687,1375,15
LK3236130,Uduwa East,688,687,1375,15
LK3236135,Galbada,688,687,1375,15
LK3236140,Naimbala 2,688,687,1375,15
LK3236145,Bandattara 2,688,687,1375,15
LK3236150,Watagedara East,688,687,1375,15
LK3236155,Attudawa,688,687,1375,15
LK3236160,Attudawa West,688,687,1375,15
LK3236165,Watagedara,688,687,1375,15
LK3236170,Nadugala 2,688,687,1375,15
LK3236175,Nadugala 1,688,687,1375,15
LK3236180,Bandattara 1,688,687,1375,15
LK3236185,Elambathalagoda,688,687,1375,15
LK3236190,Palatuwa,688,687,1375,15
LK3236195,Unella,688,687,1375,15
LK3236200,Dematahettigoda,688,687,1375,15
LK3239,Weligama,27500,27500,55000,15
LK3239005,Midigama North,573,573,1146,15
LK3239010,Pathegama,573,572,1145,15
LK3239015,Moodugamuwa West,573,572,1145,15
LK3239020,Moodugamuwa East,573,572,1145,15
LK3239025,Kohunugamuwa,573,572,1145,15
LK3239030,Walana,573,572,1145,15
LK3239035,Wekada,573,572,1145,15
LK3239040,Denuwala,573,572,1145,15
LK3239045,Midigama West,573,572,1145,15
LK3239050,Midigama East,573,572,1145,15
LK3239055,Hetti Weediya,573,572,1145,15
LK3239060,Aluth Weediya,573,572,1145,15
LK3239065,Polwatta,573,572,1145,15
LK3239070,Nidangala,573,572,1145,15
LK3239075,Kotavila West,573,572,1145,15
LK3239080,Kotavila North,573,572,1145,15
LK3239085,Kamburugamuwa North,573,572,1145,15
LK3239090,Kotavila South,573,572,1145,15
LK3239095,Henwala East,573,572,1145,15
LK3239100,Polwathumodara,573,572,1145,15
LK3239105,Pelena North,573,572,1145,15
LK3239110,Pelena West,573,572,1145,15
LK3239115,Galbokka East,573,572,1145,15
LK3239120,Galbokka West,573,572,1145,15
LK3239125,Paranakade,573,572,1145,15
LK3239130,Walliwala East,573,572,1145,15
LK3239135,Pitidoowa,573,572,1145,15
LK3239140,Gurubebila,573,572,1145,15
LK3239145,Walliwala West,573,572,1145,15
LK3239150,Walliwala South,573,572,1145,15
LK3239155,Maha Weediya,573,572,1145,15
LK3239160,Pelena South,573,572,1145,15
LK3239165,Henwala West,573,572,1145,15
LK3239170,Garanduwa,573,572,1145,15
LK3239175,Mirissa Udumulla,573,572,1145,15
LK3239180,Mirissa Udupila,573,572,1145,15
LK3239185,Mirissa North,573,572,1145,15
LK3239190,Mirissa South 2,573,572,1145,15
LK3239195,Kapparathota South,573,572,1145,15
LK3239200,Kapparathota North,573,572,1145,15
LK3239205,Mirissa South 1,573,572,1145,15
LK3239210,Bandaramulla,573,572,1145,15
LK3239215,Thal Aramba North,573,572,1145,15
LK3239220,Thudella,573,572,1145,15
LK3239225,Kamburugamuwa South,573,572,1145,15
LK3239230,Kamburugamuwa West,573,572,1145,15
LK3239235,Thal Aramba East,573,572,1145,15
LK3239240,Thal Aramba South,573,572,1145,15
LK3242,Matara Four Gravets,27500,27500,55000,15
LK3242005,Deeyagaha East,417,417,834,15
LK3242010,Kekanadura East,417,416,833,15
LK3242015,Kokawala,417,416,833,15
LK3242020,Parawahera East,417,416,833,15
LK3242025,Parawahera North,417,416,833,15
LK3242030,Kekanadura North,417,416,833,15
LK3242035,Kekanadura Central,417,416,833,15
LK3242040,Deeyagaha West,417,416,833,15
LK3242045,Navimana North,417,416,833,15
LK3242050,Pahalagoda,417,416,833,15
LK3242055,Navimana South,417,416,833,15
LK3242060,Thudawa East,417,416,833,15
LK3242065,Thudawa North,417,416,833,15
LK3242070,Thudawa South,417,416,833,15
LK3242075,Sudarshi Place,417,416,833,15
LK3242080,Hittatiya East,417,416,833,15
LK3242085,Hittatiya Meda,417,416,833,15
LK3242090,Godagama,417,416,833,15
LK3242095,Eduwa - Madurudoowa,417,416,833,15
LK3242100,Kanattagoda North,417,416,833,15
LK3242105,Wewahamandoowa,417,416,833,15
LK3242110,Hittatiya West,417,416,833,15
LK3242115,Isadeen Town,417,416,833,15
LK3242120,Weliweriya West,417,416,833,15
LK3242125,Weliweriya East,417,416,833,15
LK3242130,Walpala,417,416,833,15
LK3242135,Weragampita,417,416,833,15
LK3242140,Ruwan Ella,417,416,833,15
LK3242145,Kekanadura West,417,416,833,15
LK3242150,Kekanadura South,417,416,833,15
LK3242155,Parawahera South,417,416,833,15
LK3242160,Thalpavila North,417,416,833,15
LK3242165,Nakuttiya,417,416,833,15
LK3242170,Veherahena,417,416,833,15
LK3242175,Makavita,417,416,833,15
LK3242180,Weradoowa,417,416,833,15
LK3242185,Uyanwatta,417,416,833,15
LK3242190,Uyanwatta North,417,416,833,15
LK3242195,Kadeweediya East,417,416,833,15
LK3242200,Kadeweediya West,417,416,833,15
LK3242205,Welegoda East,417,416,833,15
LK3242210,Welegoda West,417,416,833,15
LK3242215,Mathotagama,417,416,833,15
LK3242220,Walgama North,417,416,833,15
LK3242225,Kanattegoda South,417,416,833,15
LK3242230,Madiha West,417,416,833,15
LK3242235,Walgama,417,416,833,15
LK3242240,Walgama Meda,417,416,833,15
LK3242245,Walgama South,417,416,833,15
LK3242250,Madiha East,417,416,833,15
LK3242255,Polhena,417,416,833,15
LK3242260,Pamburana,417,416,833,15
LK3242265,Noope,417,416,833,15
LK3242270,Kadeweediya South,417,416,833,15
LK3242275,Thotamuna,417,416,833,15
LK3242280,Fort,417,416,833,15
LK3242285,Kotuwegoda North,417,416,833,15
LK3242290,Eliyakanda North,417,416,833,15
LK3242295,Meddawatta,417,416,833,15
LK3242300,Rassandeniya,417,416,833,15
LK3242305,Wewa Ihalagoda,417,416,833,15
LK3242310,Thalpavila South,417,416,833,15
LK3242315,Gandarawatta,417,416,833,15
LK3242320,Meddawatta South,417,416,833,15
LK3242325,Eliyakanda South,417,416,833,15
LK3242330,Kotuwegoda South,417,416,833,15
LK3245,Devinuwara,27500,27500,55000,15
LK3245005,Kadawedduwa West,671,671,1342,15
LK3245010,Kadawedduwa East,671,670,1341,15
LK3245015,Walbulugahahena,671,670,1341,15
LK3245020,Aparekka North,671,670,1341,15
LK3245025,Uda Aparekka East,671,670,1341,15
LK3245030,Uda Aparekka,671,670,1341,15
LK3245035,Palle Aparekka,671,670,1341,15
LK3245040,Agarawala,671,670,1341,15
LK3245045,Beddegammedda,671,670,1341,15
LK3245050,Pathegama East,671,670,1341,15
LK3245055,Pathegama North,671,670,1341,15
LK3245060,Naotunna,671,670,1341,15
LK3245065,Naotunna North,671,670,1341,15
LK3245070,Thalalla North,671,670,1341,15
LK3245075,Thalalla East,671,670,1341,15
LK3245080,Thalalla South,671,670,1341,15
LK3245085,Naotunna Central,671,670,1341,15
LK3245090,Naotunna South,671,670,1341,15
LK3245095,Thalalla Central,671,670,1341,15
LK3245100,Delgalla,671,670,1341,15
LK3245105,Kapugama North,671,670,1341,15
LK3245110,Kapugama West,671,670,1341,15
LK3245115,Gandarawatta South,671,670,1341,15
LK3245120,Kapugama Central,671,670,1341,15
LK3245125,Kapugama East,671,670,1341,15
LK3245130,Gandara East,671,670,1341,15
LK3245135,Thalalla,671,670,1341,15
LK3245140,Gandara South,671,670,1341,15
LK3245145,Gandara Central,671,670,1341,15
LK3245150,Gandara West,671,670,1341,15
LK3245155,Devinuwara North,671,670,1341,15
LK3245160,Devinuwara Central,671,670,1341,15
LK3245165,Devinuwara Nugegoda,671,670,1341,15
LK3245170,Devinuwara West,671,670,1341,15
LK3245175,Devinuwara East,671,670,1341,15
LK3245180,Devinuwara Wawwa,671,670,1341,15
LK3245185,Devinuwara Pradeepagara Pedesa,671,670,1341,15
LK3245190,Devinuwara,671,670,1341,15
LK3245195,Devinuwara Welegoda,671,670,1341,15
LK3245200,Devinuwara Sinhasana Pedesa,671,670,1341,15
LK3245205,Devinuwara South,671,670,1341,15
LK3248,Dikwella,27500,27500,55000,15
LK3248005,Urugamuwa North,573,573,1146,15
LK3248010,Bodarakanda,573,572,1145,15
LK3248015,Urugamuwa East,573,572,1145,15
LK3248020,Urugamuwa Central,573,572,1145,15
LK3248025,Urugamuwa West,573,572,1145,15
LK3248030,Dandeniya North,573,572,1145,15
LK3248035,Urugamuwa South,573,572,1145,15
LK3248040,Rannawala,573,572,1145,15
LK3248045,Urugamuwa,573,572,1145,15
LK3248050,Wehella,573,572,1145,15
LK3248055,Wehella North,573,572,1145,15
LK3248060,Dandeniya South,573,572,1145,15
LK3248065,Bambarenda North,573,572,1145,15
LK3248070,Pohosathugoda,573,572,1145,15
LK3248075,Rathmale,573,572,1145,15
LK3248080,Bambarenda Central,573,572,1145,15
LK3248085,Wehella South,573,572,1145,15
LK3248090,Wattegama,573,572,1145,15
LK3248095,Wattegama North,573,572,1145,15
LK3248100,Walasgala West,573,572,1145,15
LK3248105,Walasgala East,573,572,1145,15
LK3248110,Wevurukannala,573,572,1145,15
LK3248115,Dickwella North,573,572,1145,15
LK3248120,Dodampahala North,573,572,1145,15
LK3248125,Dodampahala East,573,572,1145,15
LK3248130,Dodampahala Central,573,572,1145,15
LK3248135,Dodampahala West,573,572,1145,15
LK3248140,Dodampahala South,573,572,1145,15
LK3248145,Dickwella East,573,572,1145,15
LK3248150,Dickwella Central,573,572,1145,15
LK3248155,Dickwella Muslim Yonakapura East,573,572,1145,15
LK3248160,Dickwella Muslim Yonakapura West,573,572,1145,15
LK3248165,Dickwella South,573,572,1145,15
LK3248170,Wattegama South,573,572,1145,15
LK3248175,Batheegama East,573,572,1145,15
LK3248180,Batheegama Central,573,572,1145,15
LK3248185,Batheegama West,573,572,1145,15
LK3248190,Bambarenda East,573,572,1145,15
LK3248195,Bambarenda South,573,572,1145,15
LK3248200,Bambarenda West,573,572,1145,15
LK3248205,Belideniya,573,572,1145,15
LK3248210,Pathegama Central,573,572,1145,15
LK3248215,Pathegama South,573,572,1145,15
LK3248220,Beliwatta,573,572,1145,15
LK3248225,Suduwella,573,572,1145,15
LK3248230,Kottagoda,573,572,1145,15
LK3248235,Godauda,573,572,1145,15
LK3248240,Lunukalapuwa,573,572,1145,15
LK33,Hambantota,440000,440000,880000,15
LK3303,Sooriyawewa,36667,36667,73334,15
LK3303005,Ihala Kumbukwewa,1747,1746,3493,15
LK3303010,Mahagalwewa,1746,1746,3492,15
LK3303015,Meegaha Jadura,1746,1746,3492,15
LK3303020,Ranmuduwewa,1746,1746,3492,15
LK3303025,Weliwewa,1746,1746,3492,15
LK3303030,Suravirugama,1746,1746,3492,15
LK3303035,Samajasewapura,1746,1746,3492,15
LK3303040,Weeriyagama,1746,1746,3492,15
LK3303045,Hathporuwa,1746,1746,3492,15
LK3303050,Weniwel Ara,1746,1746,3492,15
LK3303055,Aliolu Ara,1746,1746,3492,15
LK3303060,Sooriyawewa Town,1746,1746,3492,15
LK3303065,Viharagala,1746,1746,3492,15
LK3303070,Beddewewa,1746,1746,3492,15
LK3303075,Mahawelikada Ara,1746,1746,3492,15
LK3303080,Andarawewa,1746,1746,3492,15
LK3303085,Namadagaswewa,1746,1746,3492,15
LK3303090,Mahapelessa,1746,1746,3492,15
LK3303095,Bediganthota,1746,1746,3492,15
LK3303100,Habarattawala,1746,1746,3492,15
LK3303105,Wediwewa,1746,1746,3492,15
LK3306,Lunugamwehera,36667,36666,73333,15
LK3306005,Maha Aluth Gam Ara,1019,1019,2038,15
LK3306010,Angunakolawewa,1019,1018,2037,15
LK3306015,Veheragala,1019,1018,2037,15
LK3306020,Ranawarnawa,1019,1018,2037,15
LK3306025,Dewramvehera,1019,1018,2037,15
LK3306030,Bogahawewa,1019,1018,2037,15
LK3306035,Padavigama,1019,1018,2037,15
LK3306040,Punchiappujandura,1019,1018,2037,15
LK3306045,Lunugamvehera New Town,1019,1018,2037,15
LK3306050,Seenimunna,1019,1018,2037,15
LK3306055,Kendagasmankada,1019,1018,2037,15
LK3306060,Mahanagapura,1019,1018,2037,15
LK3306065,Muwanwewa,1019,1018,2037,15
LK3306070,Weeravil Ara,1019,1018,2037,15
LK3306075,Ittanwekada,1019,1018,2037,15
LK3306080,Mattala,1019,1018,2037,15
LK3306085,Pahala Mattala,1019,1018,2037,15
LK3306090,Mihindupura,1019,1018,2037,15
LK3306095,Abhayapura,1019,1018,2037,15
LK3306100,Singhapura,1019,1018,2037,15
LK3306105,Senapura,1019,1018,2037,15
LK3306110,Agbopura,1019,1018,2037,15
LK3306115,Karambawewa,1019,1018,2037,15
LK3306120,Rambukwewa,1019,1018,2037,15
LK3306125,Keerthipura,1019,1018,2037,15
LK3306130,Samanpura,1019,1018,2037,15
LK3306135,Ranasiripura,1019,1018,2037,15
LK3306140,Weeravila,1019,1018,2037,15
LK3306145,Weligatta,1019,1018,2037,15
LK3306150,Beralihela,1019,1018,2037,15
LK3306155,Dutugemunupura,1019,1018,2037,15
LK3306160,Jayagama,1019,1018,2037,15
LK3306165,Parakramapura,1019,1018,2037,15
LK3306170,Saddhathissapura,1019,1018,2037,15
LK3306175,Saddhathissapura New Town,1019,1018,2037,15
LK3306180,Saliyapura,1019,1018,2037,15
LK3309,Thissamaharama,36667,36666,73333,15
LK3309005,Kawanthissapura,834,833,1667,15
LK3309010,Kirinda,833,833,1666,15
LK3309015,Uddhakandara,833,833,1666,15
LK3309020,Joolpallama,833,833,1666,15
LK3309025,Weerahela,833,833,1666,15
LK3309030,Vijithapura,833,833,1666,15
LK3309035,Ellagala,833,833,1666,15
LK3309040,Anjaligala,833,833,1666,15
LK3309045,Pannagamuwa,833,833,1666,15
LK3309050,Dambewelena,833,833,1666,15
LK3309055,Mahindapura,833,833,1666,15
LK3309060,Gemunupura,833,833,1666,15
LK3309065,Ekamuthugama,833,833,1666,15
LK3309070,Sandungama,833,833,1666,15
LK3309075,Debarawewa,833,833,1666,15
LK3309080,Kachcheriyagama,833,833,1666,15
LK3309085,Sandagiripura,833,833,1666,15
LK3309090,Mahasenpura,833,833,1666,15
LK3309095,Shuddha Nagaraya,833,833,1666,15
LK3309100,Medawelena,833,833,1666,15
LK3309105,Rohanapura,833,833,1666,15
LK3309110,Senapura,833,833,1666,15
LK3309115,Gangasiripura,833,833,1666,15
LK3309120,Polgahawelena,833,833,1666,15
LK3309125,Randunu Watta,833,833,1666,15
LK3309130,Molakepoopathana,833,833,1666,15
LK3309135,Thissapura,833,833,1666,15
LK3309140,Uduvila,833,833,1666,15
LK3309145,Rubberwatta,833,833,1666,15
LK3309150,Thissamaharama,833,833,1666,15
LK3309155,Gotabhayapura,833,833,1666,15
LK3309160,Rana Keliya,833,833,1666,15
LK3309165,Viharamahadevipura,833,833,1666,15
LK3309170,Yodhakandiya,833,833,1666,15
LK3309175,Welipothewala,833,833,1666,15
LK3309180,Halmillawa,833,833,1666,15
LK3309185,Rathnelumwalayaya,833,833,1666,15
LK3309190,Gonagamuwa,833,833,1666,15
LK3309195,Saliyapura,833,833,1666,15
LK3309200,Nedigamvila,833,833,1666,15
LK3309205,Wijayapura,833,833,1666,15
LK3309210,Konwelena,833,833,1666,15
LK3309215,Magama,833,833,1666,15
LK3309220,Andaragasyaya,833,833,1666,15
LK3312,Hambantota,36667,36666,73333,15
LK3312005,Elalla,1223,1222,2445,15
LK3312010,Ketenwewa,1222,1222,2444,15
LK3312015,Thammennawa,1222,1222,2444,15
LK3312020,Badagiriya,1222,1222,2444,15
LK3312025,Yahangala East,1222,1222,2444,15
LK3312030,Joolgamuwa,1222,1222,2444,15
LK3312035,Yahangala West,1222,1222,2444,15
LK3312040,Keliyapura,1222,1222,2444,15
LK3312045,Gonnoruwa,1222,1222,2444,15
LK3312050,Bellagaswewa,1222,1222,2444,15
LK3312055,Galwewa,1222,1222,2444,15
LK3312060,Siyambalagasvila South,1222,1222,2444,15
LK3312065,Siyambalagasvila North,1222,1222,2444,15
LK3312070,Udaberagama,1222,1222,2444,15
LK3312075,Arawanamulla,1222,1222,2444,15
LK3312080,Pahala Beragama,1222,1222,2444,15
LK3312085,Dehigahalanda,1222,1222,2444,15
LK3312090,Walawa,1222,1222,2444,15
LK3312095,Godawaya,1222,1222,2444,15
LK3312100,Sisilasagama,1222,1222,2444,15
LK3312105,Manajjawa,1222,1222,2444,15
LK3312110,Samodagama,1222,1222,2444,15
LK3312115,Mirijjavila,1222,1222,2444,15
LK3312120,Hambantota West,1222,1222,2444,15
LK3312125,Hambantota East,1222,1222,2444,15
LK3312130,Siribopura,1222,1222,2444,15
LK3312135,Koholankala,1222,1222,2444,15
LK3312140,Pallemalala,1222,1222,2444,15
LK3312145,Bundala,1222,1222,2444,15
LK3312150,Siriyagama,1222,1222,2444,15
LK3315,Ambalantota,36667,36666,73333,15
LK3315005,Siyambalakote,667,667,1334,15
LK3315010,Barawakumbuka,667,666,1333,15
LK3315015,Thaligala,667,666,1333,15
LK3315020,Liyangasthota,667,666,1333,15
LK3315025,Wetiya,667,666,1333,15
LK3315030,Murawesihena,667,666,1333,15
LK3315035,Mahajandura,667,666,1333,15
LK3315040,Handunkatuwa,667,666,1333,15
LK3315045,Rote,667,666,1333,15
LK3315050,Hedavinna,667,666,1333,15
LK3315055,Ridiyagama,667,666,1333,15
LK3315060,Punchihenayagama,667,666,1333,15
LK3315065,Poliyarwatta,667,666,1333,15
LK3315070,Godakoggalla,667,666,1333,15
LK3315075,Koggalla,667,666,1333,15
LK3315080,Modara Piliwala,667,666,1333,15
LK3315085,Bolana North,667,666,1333,15
LK3315090,Jansagama,667,666,1333,15
LK3315095,Mamadala South,667,666,1333,15
LK3315100,Mamadala North,667,666,1333,15
LK3315105,Ethbatuwa,667,666,1333,15
LK3315110,Mulana,667,666,1333,15
LK3315115,Eraminiyaya,667,666,1333,15
LK3315120,Ihalagama,667,666,1333,15
LK3315125,Deniya,667,666,1333,15
LK3315130,Elegoda West,667,666,1333,15
LK3315135,Elegoda East,667,666,1333,15
LK3315140,Beminiyanvila,667,666,1333,15
LK3315145,Walawewatta West,667,666,1333,15
LK3315150,Walawewatta East,667,666,1333,15
LK3315155,Bolana South,667,666,1333,15
LK3315160,Kudabolana,667,666,1333,15
LK3315165,Palugaha Godella,667,666,1333,15
LK3315170,Rotawala,667,666,1333,15
LK3315175,Uhapitagoda,667,666,1333,15
LK3315180,Miniethiliya,667,666,1333,15
LK3315185,Pingama,667,666,1333,15
LK3315190,Pallegama,667,666,1333,15
LK3315195,Hungama,667,666,1333,15
LK3315200,Bataatha North,667,666,1333,15
LK3315205,Bataatha South,667,666,1333,15
LK3315210,Hathagala,667,666,1333,15
LK3315215,Kivula South,667,666,1333,15
LK3315220,Kivula North,667,666,1333,15
LK3315225,Lunama North,667,666,1333,15
LK3315230,Lunama South,667,666,1333,15
LK3315235,Nonagama,667,666,1333,15
LK3315240,Ekkassa,667,666,1333,15
LK3315245,Welipatanvila,667,666,1333,15
LK3315250,Malpettawa,667,666,1333,15
LK3315255,Puhulyaya,667,666,1333,15
LK3315260,Ambalanthota North,667,666,1333,15
LK3315265,Ambalanthota South,667,666,1333,15
LK3315270,Wanduruppa,667,666,1333,15
LK3315275,Thawaluvila,667,666,1333,15
LK3318,Angunakolapelessa,36667,36666,73333,15
LK3318005,Kariyamaditta,719,719,1438,15
LK3318010,Dabarella North,719,718,1437,15
LK3318015,Rathmalwala,719,718,1437,15
LK3318020,Kailawelpotawa,719,718,1437,15
LK3318025,Kendaketiya,719,718,1437,15
LK3318030,Dabarella South,719,718,1437,15
LK3318035,Thalawa North,719,718,1437,15
LK3318040,Thalawa South,719,718,1437,15
LK3318045,Debokkawa South,719,718,1437,15
LK3318050,Debokkawa North,719,718,1437,15
LK3318055,Uswewa,719,718,1437,15
LK3318060,Metigathwala,719,718,1437,15
LK3318065,Amarathungagama,719,718,1437,15
LK3318070,Sooriyapokuna,719,718,1437,15
LK3318075,Pahalagama,719,718,1437,15
LK3318080,Kohombagaswewa,719,718,1437,15
LK3318085,Dikwewa,719,718,1437,15
LK3318090,Abesekaragama,719,718,1437,15
LK3318095,Kalawelwala,719,718,1437,15
LK3318100,Meda Ara,719,718,1437,15
LK3318105,Binkama,719,718,1437,15
LK3318110,Karagahawala,719,718,1437,15
LK3318115,Dandenigama,719,718,1437,15
LK3318120,Guruwala,719,718,1437,15
LK3318125,Weeragaswewa,719,718,1437,15
LK3318130,Gajanayakagama,719,718,1437,15
LK3318135,Medagoda,719,718,1437,15
LK3318140,Dimbulgoda,719,718,1437,15
LK3318145,Attanayala East,719,718,1437,15
LK3318150,Attanayala West,719,718,1437,15
LK3318155,Wakamulla,719,718,1437,15
LK3318160,Heenbunna,719,718,1437,15
LK3318165,Makuladeniya,719,718,1437,15
LK3318170,Udayala,719,718,1437,15
LK3318175,Medayala,719,718,1437,15
LK3318180,Bogamuwa,719,718,1437,15
LK3318185,Daha Amuna,719,718,1437,15
LK3318190,Julamulla,719,718,1437,15
LK3318195,Jandura,719,718,1437,15
LK3318200,Helekada,719,718,1437,15
LK3318205,Aluthwewa,719,718,1437,15
LK3318210,Kankanamgama,719,718,1437,15
LK3318215,Achariyagama,719,718,1437,15
LK3318220,Angunakolapelessa,719,718,1437,15
LK3318225,Yakagala,719,718,1437,15
LK3318230,Gurunnehege Ara,719,718,1437,15
LK3318235,Kotawaya,719,718,1437,15
LK3318240,Netalaporuwa,719,718,1437,15
LK3318245,Hakuruwela,719,718,1437,15
LK3318250,Indigetawela,719,718,1437,15
LK3318255,Thalamporuwa,719,718,1437,15
LK3321,Weeraketiya,36667,36666,73333,15
LK3321005,Mulanyaya,612,611,1223,15
LK3321010,Handapangalageaina,611,611,1222,15
LK3321015,Heellage Ayna,611,611,1222,15
LK3321020,Kudagal Ara,611,611,1222,15
LK3321025,Okandayaya North,611,611,1222,15
LK3321030,Okandayaya West,611,611,1222,15
LK3321035,Kaluwagahayaya,611,611,1222,15
LK3321040,Ihala Gonadeniya,611,611,1222,15
LK3321045,Debokkawa West,611,611,1222,15
LK3321050,Debokkawa East,611,611,1222,15
LK3321055,Wekandawala North,611,611,1222,15
LK3321060,Pahala Gonadeniya,611,611,1222,15
LK3321065,Kuda Bibula North,611,611,1222,15
LK3321070,Galpottayaya North,611,611,1222,15
LK3321075,Galpottayaya South,611,611,1222,15
LK3321080,Malhewage Ayna,611,611,1222,15
LK3321085,Kandamaditta,611,611,1222,15
LK3321090,Meegas Ara,611,611,1222,15
LK3321095,Kuda Bibula South,611,611,1222,15
LK3321100,Abakolawewa South,611,611,1222,15
LK3321105,Abakolawewa North,611,611,1222,15
LK3321110,Morayaya North,611,611,1222,15
LK3321115,Morayaya South,611,611,1222,15
LK3321120,Kemegala,611,611,1222,15
LK3321125,Wekandawala South,611,611,1222,15
LK3321130,Thelambuyaya,611,611,1222,15
LK3321135,Siyambalaheddewa,611,611,1222,15
LK3321140,Degampotha,611,611,1222,15
LK3321145,Kinchigune West,611,611,1222,15
LK3321150,Medagama,611,611,1222,15
LK3321155,Raluwa,611,611,1222,15
LK3321160,Kinchigune South,611,611,1222,15
LK3321165,Kinchigune East,611,611,1222,15
LK3321170,Medamulana,611,611,1222,15
LK3321175,Yakgasmulla,611,611,1222,15
LK3321180,Udukirivala,611,611,1222,15
LK3321185,Buddhiyagama North,611,611,1222,15
LK3321190,Keppitiyawa North,611,611,1222,15
LK3321195,Ittademaliya East,611,611,1222,15
LK3321200,Ittademaliya West,611,611,1222,15
LK3321205,Ittademaliya South,611,611,1222,15
LK3321210,Athubode West,611,611,1222,15
LK3321215,Athubode East,611,611,1222,15
LK3321220,Keppitiyawa South,611,611,1222,15
LK3321225,Buddhiyagama West,611,611,1222,15
LK3321230,Buddhiyagama East,611,611,1222,15
LK3321235,Weeraketiya West,611,611,1222,15
LK3321240,Mandaduwa,611,611,1222,15
LK3321245,Agrahera,611,611,1222,15
LK3321250,Weeraketiya East,611,611,1222,15
LK3321255,Mulgirigala East,611,611,1222,15
LK3321260,Mulgirigala North,611,611,1222,15
LK3321265,Mulgirigala West,611,611,1222,15
LK3321270,Mulgirigala South,611,611,1222,15
LK3321275,Bedigama West,611,611,1222,15
LK3321280,Bedigama North,611,611,1222,15
LK3321285,Bedigama East,611,611,1222,15
LK3321290,Bedigama South,611,611,1222,15
LK3321295,Kuda Bedigama,611,611,1222,15
LK3321300,Medagoda,611,611,1222,15
LK3324,Katuwana,36667,36666,73333,15
LK3324005,Karivilakanda,655,655,1310,15
LK3324010,Medakanda,655,654,1309,15
LK3324015,Hingurakanda,655,654,1309,15
LK3324020,Uda Alupothdeniya,655,654,1309,15
LK3324025,Alupothdeniya Pahala,655,654,1309,15
LK3324030,Kohomporuwa,655,654,1309,15
LK3324035,Gangulandeniya,655,654,1309,15
LK3324040,Ambagas Ara,655,654,1309,15
LK3324045,Labuhengoda,655,654,1309,15
LK3324050,Sapugahayaya,655,654,1309,15
LK3324055,Hellala,655,654,1309,15
LK3324060,Middeniya North,655,654,1309,15
LK3324065,Middeniya East,655,654,1309,15
LK3324070,Kudagoda West,655,654,1309,15
LK3324075,Kudagoda East,655,654,1309,15
LK3324080,Dambethalawa,655,654,1309,15
LK3324085,Murungasyaya East,655,654,1309,15
LK3324090,Murungasyaya West,655,654,1309,15
LK3324095,Middeniya West,655,654,1309,15
LK3324100,Welipitiya East,655,654,1309,15
LK3324105,Welipitiya,655,654,1309,15
LK3324110,Welipitiya West,655,654,1309,15
LK3324115,Ritigaha Yaya,655,654,1309,15
LK3324120,Thalwatta,655,654,1309,15
LK3324125,Meemanakoladeniya,655,654,1309,15
LK3324130,Siyambalamuraya,655,654,1309,15
LK3324135,Udawelmulla,655,654,1309,15
LK3324140,Siyarapitiya,655,654,1309,15
LK3324145,Kehelwatta,655,654,1309,15
LK3324150,Udagomadiya,655,654,1309,15
LK3324155,Bengamukanda,655,654,1309,15
LK3324160,Dangalakanda,655,654,1309,15
LK3324165,Rukmalpitiya,655,654,1309,15
LK3324170,Gallindamulla,655,654,1309,15
LK3324175,Katuwana,655,654,1309,15
LK3324180,Pangamvilayaya,655,654,1309,15
LK3324185,Ulahitiyawa West,655,654,1309,15
LK3324190,Ulahitiyawa,655,654,1309,15
LK3324195,Ulahitiyawa East,655,654,1309,15
LK3324200,Adalugoda,655,654,1309,15
LK3324205,Mellaketigoda,655,654,1309,15
LK3324210,Araboda,655,654,1309,15
LK3324215,Horavinna,655,654,1309,15
LK3324220,Hediwatta,655,654,1309,15
LK3324225,Weerakkuttigoda,655,654,1309,15
LK3324230,Ranasingoda,655,654,1309,15
LK3324235,Obadagahadeniya,655,654,1309,15
LK3324240,Wathukanda,655,654,1309,15
LK3324245,Kongasthenna,655,654,1309,15
LK3324250,Galpothukanda,655,654,1309,15
LK3324255,Ambagahahena,655,654,1309,15
LK3324260,Karametiya,655,654,1309,15
LK3324265,Puwakgas Ara,655,654,1309,15
LK3324270,Binthenna,655,654,1309,15
LK3324275,Bookandayaya,655,654,1309,15
LK3324280,Walgammulla,655,654,1309,15
LK3325,Walasmulla,36667,36666,73333,15
LK3325005,Rammala,692,692,1384,15
LK3325010,Saputhanthirikanda,692,691,1383,15
LK3325015,Warapitiya,692,691,1383,15
LK3325020,Keredeniya,692,691,1383,15
LK3325025,Haggitha Kanda North,692,691,1383,15
LK3325030,Konkarahena,692,691,1383,15
LK3325035,Mapitakanda,692,691,1383,15
LK3325040,Radani Ara,692,691,1383,15
LK3325045,Namaneliya,692,691,1383,15
LK3325050,Udahagoda,692,691,1383,15
LK3325055,Weedikanda,692,691,1383,15
LK3325060,Galwadiya,692,691,1383,15
LK3325065,Uda Julampitiya,692,691,1383,15
LK3325070,Julampitiya,692,691,1383,15
LK3325075,Palle Julampitiya,692,691,1383,15
LK3325080,Pahala Obada,692,691,1383,15
LK3325085,Bowala North,692,691,1383,15
LK3325090,Bowala West,692,691,1383,15
LK3325095,Welandagoda,692,691,1383,15
LK3325100,Batagassa,692,691,1383,15
LK3325105,Pahalawatta,692,691,1383,15
LK3325110,Pathegama,692,691,1383,15
LK3325115,Thalapathkanda,692,691,1383,15
LK3325120,Dehigahahena,692,691,1383,15
LK3325125,Veedipola,692,691,1383,15
LK3325130,Mathuwakanda,692,691,1383,15
LK3325135,Handugala,692,691,1383,15
LK3325140,Kebellaketiya,692,691,1383,15
LK3325145,Egodabedda,692,691,1383,15
LK3325150,Kekiriobada,692,691,1383,15
LK3325155,Agalabada,692,691,1383,15
LK3325160,Bowala South,692,691,1383,15
LK3325165,Muruthawela Ihala,692,691,1383,15
LK3325170,Muruthawela Pahala,692,691,1383,15
LK3325175,Galahitiya North,692,691,1383,15
LK3325180,Omara East,692,691,1383,15
LK3325185,Omara West,692,691,1383,15
LK3325190,Ethpitiya,692,691,1383,15
LK3325195,Wattehengoda,692,691,1383,15
LK3325200,Horewela,692,691,1383,15
LK3325205,Pissubedda,692,691,1383,15
LK3325210,Medagamgoda,692,691,1383,15
LK3325215,Yahalmulla,692,691,1383,15
LK3325220,Walasmulla Ihala,692,691,1383,15
LK3325225,Walasmulla Pahala,692,691,1383,15
LK3325230,Galahitiya South,692,691,1383,15
LK3325235,Galahitiya East,692,691,1383,15
LK3325240,Koholana,692,691,1383,15
LK3325245,Walasmulla East,692,691,1383,15
LK3325250,Walasmulla North,692,691,1383,15
LK3325255,Walasmulla West,692,691,1383,15
LK3325260,Walasmulla South,692,691,1383,15
LK3325265,Daluwakgoda,692,691,1383,15
LK3327,Okewela,36667,36666,73333,15
LK3327005,Kanumuldeniya North,1359,1358,2717,15
LK3327010,Olu Ara,1358,1358,2716,15
LK3327015,Kanumuldeniya West,1358,1358,2716,15
LK3327020,Kanumuldeniya East,1358,1358,2716,15
LK3327025,Udadeniya,1358,1358,2716,15
LK3327030,Kurunduwatta,1358,1358,2716,15
LK3327035,Sumihirigama,1358,1358,2716,15
LK3327040,Rajapuragoda,1358,1358,2716,15
LK3327045,Wijayasiripura,1358,1358,2716,15
LK3327050,Morakandegoda,1358,1358,2716,15
LK3327055,Kadigamuwa East,1358,1358,2716,15
LK3327060,Thalahagamwaduwa Pahala,1358,1358,2716,15
LK3327065,Thalahagamwaduwa Ihala,1358,1358,2716,15
LK3327070,Nathuwala,1358,1358,2716,15
LK3327075,Kandebedda,1358,1358,2716,15
LK3327080,Godawenna,1358,1358,2716,15
LK3327085,Kahatellagoda,1358,1358,2716,15
LK3327090,Kanumuldeniya South,1358,1358,2716,15
LK3327095,Kadigamuwa West,1358,1358,2716,15
LK3327100,Wawwa,1358,1358,2716,15
LK3327105,Modarawana North,1358,1358,2716,15
LK3327110,Modarawana South,1358,1358,2716,15
LK3327115,Okewela,1358,1358,2716,15
LK3327120,Heenatihathamuna,1358,1358,2716,15
LK3327125,Pallewawwa,1358,1358,2716,15
LK3327130,Yatigala Pahala,1358,1358,2716,15
LK3327135,Yatigala Ihala,1358,1358,2716,15
LK3330,Beliatta,36667,36666,73333,15
LK3330005,Maligathenna,517,516,1033,15
LK3330010,Udugalmotegama,516,516,1032,15
LK3330015,Pallattara West,516,516,1032,15
LK3330020,Pallattara South,516,516,1032,15
LK3330025,Pallattara East,516,516,1032,15
LK3330030,Nugewela,516,516,1032,15
LK3330035,Ihala Beligalla East,516,516,1032,15
LK3330040,Wadiya,516,516,1032,15
LK3330045,Ihala Beligalla West,516,516,1032,15
LK3330050,Beligalla North,516,516,1032,15
LK3330055,Beligalla South,516,516,1032,15
LK3330060,Dammulla East,516,516,1032,15
LK3330065,Dammulla West,516,516,1032,15
LK3330070,Pattiyawela,516,516,1032,15
LK3330075,Tharaperiya,516,516,1032,15
LK3330080,Nihiluwa West,516,516,1032,15
LK3330085,Indiketiyagoda,516,516,1032,15
LK3330090,Nihiluwa East,516,516,1032,15
LK3330095,Waharakgoda North,516,516,1032,15
LK3330100,Waharakgoda South,516,516,1032,15
LK3330105,Kahawatta,516,516,1032,15
LK3330110,Kosgahagoda,516,516,1032,15
LK3330115,Agulmaduwa,516,516,1032,15
LK3330120,Aranwela North,516,516,1032,15
LK3330125,Karambaketiya,516,516,1032,15
LK3330130,Galwewa,516,516,1032,15
LK3330135,Godawela,516,516,1032,15
LK3330140,Panamulla,516,516,1032,15
LK3330145,Ambagasdeniya,516,516,1032,15
LK3330150,Getamanna North,516,516,1032,15
LK3330155,Eldeniya,516,516,1032,15
LK3330160,Getamanna West,516,516,1032,15
LK3330165,Getamanna East,516,516,1032,15
LK3330170,Mahaheella East,516,516,1032,15
LK3330175,Kambussawala West,516,516,1032,15
LK3330180,Kambussawala East,516,516,1032,15
LK3330185,Beliatta West,516,516,1032,15
LK3330190,Beliatta Town,516,516,1032,15
LK3330195,Puwakdandawa North,516,516,1032,15
LK3330200,Puwakdandawa East,516,516,1032,15
LK3330205,Aranwela West,516,516,1032,15
LK3330210,Sitinamaluwa West,516,516,1032,15
LK3330215,Sitinamaluwa North,516,516,1032,15
LK3330220,Sitinamaluwa East,516,516,1032,15
LK3330225,Sitinamaluwa South,516,516,1032,15
LK3330230,Pahalagoda,516,516,1032,15
LK3330235,Medagoda,516,516,1032,15
LK3330240,Beliatta South,516,516,1032,15
LK3330245,Kudaheella East,516,516,1032,15
LK3330250,Kudaheella North,516,516,1032,15
LK3330255,Mahaheella West,516,516,1032,15
LK3330260,Mahaheella North,516,516,1032,15
LK3330265,Getamanna South,516,516,1032,15
LK3330270,Nayakawatta,516,516,1032,15
LK3330275,Ambala North,516,516,1032,15
LK3330280,Ambala West,516,516,1032,15
LK3330285,Miriswatta,516,516,1032,15
LK3330290,Kudaheella South,516,516,1032,15
LK3330295,Ovilana,516,516,1032,15
LK3330300,Mihindupura,516,516,1032,15
LK3330305,Palapotha East,516,516,1032,15
LK3330310,Palapotha West,516,516,1032,15
LK3330315,Dedduwawala East,516,516,1032,15
LK3330320,Dedduwawala,516,516,1032,15
LK3330325,Galagama North,516,516,1032,15
LK3330330,Galagama West,516,516,1032,15
LK3330335,Galagama South,516,516,1032,15
LK3330340,Galagama East,516,516,1032,15
LK3330345,Nakulugamuwa West,516,516,1032,15
LK3330350,Nakulugamuwa North,516,516,1032,15
LK3330355,Wevudatta,516,516,1032,15
LK3333,Tangalle,36667,36666,73333,15
LK3333005,Sudarshanagama,510,509,1019,15
LK3333010,Pattiyapola West,509,509,1018,15
LK3333015,Thalunna,509,509,1018,15
LK3333020,Andupelena,509,509,1018,15
LK3333025,Kadiragoda,509,509,1018,15
LK3333030,Gotaimbaragama,509,509,1018,15
LK3333035,Kattakaduwa North,509,509,1018,15
LK3333040,Kattakaduwa South,509,509,1018,15
LK3333045,Ranna East,509,509,1018,15
LK3333050,Ranna West,509,509,1018,15
LK3333055,Vigamuwa,509,509,1018,15
LK3333060,Pattiyapola East,509,509,1018,15
LK3333065,Pattiyapola South,509,509,1018,15
LK3333070,Vitharandeniya North,509,509,1018,15
LK3333075,Thenagama South,509,509,1018,15
LK3333080,Thenagama North,509,509,1018,15
LK3333085,Thalapitiyagama,509,509,1018,15
LK3333090,Ethgalamulla,509,509,1018,15
LK3333095,Uduvilagoda,509,509,1018,15
LK3333100,Vitharandeniya South,509,509,1018,15
LK3333105,Aluthgoda,509,509,1018,15
LK3333110,Palathuduwa,509,509,1018,15
LK3333115,Marakolliya,509,509,1018,15
LK3333120,Medagama,509,509,1018,15
LK3333125,Netolpitiya North,509,509,1018,15
LK3333130,Netolpitiya South,509,509,1018,15
LK3333135,Wadigala,509,509,1018,15
LK3333140,Kahandawa,509,509,1018,15
LK3333145,Nidahasgama West,509,509,1018,15
LK3333150,Nidahasgama East,509,509,1018,15
LK3333155,Kahandamodara,509,509,1018,15
LK3333160,Gurupokuna,509,509,1018,15
LK3333165,Wella Odaya,509,509,1018,15
LK3333170,Rekawa East,509,509,1018,15
LK3333175,Rekawa West,509,509,1018,15
LK3333180,Medilla,509,509,1018,15
LK3333185,Walgameliya,509,509,1018,15
LK3333190,Godawanagoda,509,509,1018,15
LK3333195,Wagegoda,509,509,1018,15
LK3333200,Nalagama East,509,509,1018,15
LK3333205,Siyambalagoda,509,509,1018,15
LK3333210,Nalagama West,509,509,1018,15
LK3333215,Polommaruwa North,509,509,1018,15
LK3333220,Danketiya,509,509,1018,15
LK3333225,Medaketiya,509,509,1018,15
LK3333230,Kotuwegoda,509,509,1018,15
LK3333235,Indipokunagoda North,509,509,1018,15
LK3333240,Polommaruwa South,509,509,1018,15
LK3333245,Kadurupokuna East,509,509,1018,15
LK3333250,Indipokunagoda South,509,509,1018,15
LK3333255,Pallikkudawa Urban,509,509,1018,15
LK3333260,Pallikkudawa Rural,509,509,1018,15
LK3333265,Kadurupokuna South,509,509,1018,15
LK3333270,Kadurupokuna North,509,509,1018,15
LK3333275,Kadurupokuna West,509,509,1018,15
LK3333280,Seenimodara West,509,509,1018,15
LK3333285,Seenimodara East,509,509,1018,15
LK3333290,Unakooruwa West,509,509,1018,15
LK3333295,Unakooruwa East,509,509,1018,15
LK3333300,Moraketi Ara East,509,509,1018,15
LK3333305,Moraketi Ara West,509,509,1018,15
LK3333310,Pahajjawa,509,509,1018,15
LK3333315,Mahawela,509,509,1018,15
LK3333320,Ihalagoda,509,509,1018,15
LK3333325,Nakulugamuwa South,509,509,1018,15
LK3333330,Kudawella North,509,509,1018,15
LK3333335,Kudawella Central,509,509,1018,15
LK3333340,Kudawella East,509,509,1018,15
LK3333345,Mawella South,509,509,1018,15
LK3333350,Mawella North,509,509,1018,15
LK3333355,Kudawella South,509,509,1018,15
LK3333360,Kudawella West,509,509,1018,15
LK4,Northern,550000,550000,1100000,15
LK41,Jaffna,110000,110000,220000,15
LK4103,Islands North (Kayts),7334,7333,14667,15
LK4103005,Analaitivu North,489,489,978,15
LK4103010,Analaitivu South,489,488,977,15
LK4103015,Eluvaitivu,489,488,977,15
LK4103020,Paruthiyadaippu,489,488,977,15
LK4103025,Kayts,489,488,977,15
LK4103030,Karampon,489,488,977,15
LK4103035,Karampon East,489,488,977,15
LK4103040,Naranthanai North West,489,488,977,15
LK4103045,Naranthanai North,489,488,977,15
LK4103050,Naranthanai,489,488,977,15
LK4103055,Naranthanai South,489,488,977,15
LK4103060,Karampon South East,489,488,977,15
LK4103065,Karampon West,489,488,977,15
LK4103070,Puliyankoodal,489,488,977,15
LK4103075,Suruvil,489,488,977,15
LK4104,Karainagar,7333,7333,14666,15
LK4104005,Karainagar North,815,815,1630,15
LK4104010,Karainagar North East,815,814,1629,15
LK4104015,Karainagar East,815,814,1629,15
LK4104020,Karainagar Centre,815,814,1629,15
LK4104025,Karainagar North West,815,814,1629,15
LK4104030,Karainagar West,815,814,1629,15
LK4104035,Karainagar South East,815,814,1629,15
LK4104040,Karainagar South,815,814,1629,15
LK4104045,Karainagar South West,815,814,1629,15
LK4106,Valikamam West (Chankanai),7333,7333,14666,15
LK4106005,Vadducoddai East,294,293,587,15
LK4106010,Vadducoddai North,293,293,586,15
LK4106015,Sangarathai,293,293,586,15
LK4106020,Arali West,293,293,586,15
LK4106025,Arali Centre,293,293,586,15
LK4106030,Arali South,293,293,586,15
LK4106035,Arali East,293,293,586,15
LK4106040,Arali North,293,293,586,15
LK4106045,Vadducoddai South,293,293,586,15
LK4106050,Vadducoddai South West,293,293,586,15
LK4106055,Vadducoddai West,293,293,586,15
LK4106060,Tholpuram East,293,293,586,15
LK4106065,Tholpuram West,293,293,586,15
LK4106070,Ponnalai,293,293,586,15
LK4106075,Moolai,293,293,586,15
LK4106080,Chulipuram West,293,293,586,15
LK4106085,Chulipuram Centre,293,293,586,15
LK4106090,Chulipuram East,293,293,586,15
LK4106095,Pannagam,293,293,586,15
LK4106100,Pan├¡Ippulam,293,293,586,15
LK4106105,Siththankerni,293,293,586,15
LK4106110,Chankanai East,293,293,586,15
LK4106115,Chankanai West,293,293,586,15
LK4106120,Chankanai South,293,293,586,15
LK4106125,Chankanai Centre,293,293,586,15
LK4109,Valikamam South West (Sandilipay),7333,7333,14666,15
LK4109005,Suthumalai North,262,262,524,15
LK4109010,Suthumalai South,262,261,523,15
LK4109015,Savatkaddu,262,261,523,15
LK4109020,Uyarappulam,262,261,523,15
LK4109025,Anaikottai,262,261,523,15
LK4109030,Navali North,262,261,523,15
LK4109035,Navali East,262,261,523,15
LK4109040,Navali South,262,261,523,15
LK4109045,Manipay North,262,261,523,15
LK4109050,Manipay East,262,261,523,15
LK4109055,Manipay South,262,261,523,15
LK4109060,Manipay West,262,261,523,15
LK4109065,Sandilipay North,262,261,523,15
LK4109070,Sandilipay Centre,262,261,523,15
LK4109075,Sandilipay West,262,261,523,15
LK4109080,Masiapiddy,262,261,523,15
LK4109085,Vadaliyadaippu,262,261,523,15
LK4109090,Pandatheruppu,262,261,523,15
LK4109095,Piranpattai,262,261,523,15
LK4109100,Sillalai North,262,261,523,15
LK4109105,Sillalai South,262,261,523,15
LK4109110,Mathagal East,262,261,523,15
LK4109115,Mathagal South,262,261,523,15
LK4109120,Mathagal West,262,261,523,15
LK4109125,Periyavillan,262,261,523,15
LK4109130,Marisankoodal,262,261,523,15
LK4109135,Illavalai,262,261,523,15
LK4109140,Mullanai,262,261,523,15
LK4112,Valikamam North (Thllippalai),7333,7333,14666,15
LK4112005,Mallakam South,163,163,326,15
LK4112010,Mallakam Centre,163,162,325,15
LK4112015,Mallakam North,163,162,325,15
LK4112020,Alaveddy North,163,162,325,15
LK4112025,Alaveddy Centre,163,162,325,15
LK4112030,Alaveddy East,163,162,325,15
LK4112035,Ganeshwaram,163,162,325,15
LK4112040,Alaveddy South,163,162,325,15
LK4112045,Alaveddy West,163,162,325,15
LK4112050,Ilavalai North,163,162,325,15
LK4112055,Ilavalai North West,163,162,325,15
LK4112060,Vithakapuram,163,162,325,15
LK4112065,Pannalai,163,162,325,15
LK4112070,Kollankaladdy,163,162,325,15
LK4112075,Naguleswaram,163,162,325,15
LK4112080,Tellippalai East,163,162,325,15
LK4112085,Tellippalai,163,162,325,15
LK4112090,Thurkkapuram,163,162,325,15
LK4112095,Thanthai Selvapuram,163,162,325,15
LK4112100,Maviddapuram,163,162,325,15
LK4112105,Maviddapuram South,163,162,325,15
LK4112110,Kankesanthurai West,163,162,325,15
LK4112115,Kankesanthurai Centre,163,162,325,15
LK4112120,Kankesanthurai South,163,162,325,15
LK4112125,Palai Veemankamam North,163,162,325,15
LK4112130,Palai Veemankamam South,163,162,325,15
LK4112135,Kadduvan,163,162,325,15
LK4112140,Kadduvan West,163,162,325,15
LK4112145,Thenmylai,163,162,325,15
LK4112150,Varuthalaivilan,163,162,325,15
LK4112155,Kurumbasiddy,163,162,325,15
LK4112160,Kurumbasiddy East,163,162,325,15
LK4112165,Vasavilan East,163,162,325,15
LK4112170,Vasavilan West,163,162,325,15
LK4112175,Myliddy North,163,162,325,15
LK4112180,Theiyiddy East,163,162,325,15
LK4112185,Myliddythurai South,163,162,325,15
LK4112190,Theiyiddy North,163,162,325,15
LK4112195,Theiyiddy South,163,162,325,15
LK4112200,Myliddythurai North,163,162,325,15
LK4112205,Palaly South,163,162,325,15
LK4112210,Palaly East,163,162,325,15
LK4112215,Palaly North,163,162,325,15
LK4112220,Palaly North West,163,162,325,15
LK4112225,Palaly West,163,162,325,15
LK4115,Valikamam South (Uduvil),7333,7333,14666,15
LK4115005,Uduvil South West,245,244,489,15
LK4115010,Uduvil South East,244,244,488,15
LK4115015,Uduvil Centre,244,244,488,15
LK4115020,Uduvil Centre North,244,244,488,15
LK4115025,Uduvil North,244,244,488,15
LK4115030,Sanguvely,244,244,488,15
LK4115035,Inuvil South West,244,244,488,15
LK4115040,Inuvil East,244,244,488,15
LK4115045,Inuvil North East,244,244,488,15
LK4115050,Inuvil West,244,244,488,15
LK4115055,Thavady South,244,244,488,15
LK4115060,Thavady East,244,244,488,15
LK4115065,Thavady North,244,244,488,15
LK4115070,Chunnakam Town North,244,244,488,15
LK4115075,Chunnakam Town South,244,244,488,15
LK4115080,Chunnakam Town East,244,244,488,15
LK4115085,Chunnakam Town Centre,244,244,488,15
LK4115090,Chunnakam Town West,244,244,488,15
LK4115095,Kantharodai,244,244,488,15
LK4115100,Erlalai West,244,244,488,15
LK4115105,Erlalai South West,244,244,488,15
LK4115110,Erlalai South,244,244,488,15
LK4115115,Erlalai East,244,244,488,15
LK4115120,Erlalai North,244,244,488,15
LK4115125,Erlalai Centre,244,244,488,15
LK4115130,Punnalaikadduvan South,244,244,488,15
LK4115135,Punnalaikadduvan North,244,244,488,15
LK4115140,Evinai,244,244,488,15
LK4115145,Kuppilan South,244,244,488,15
LK4115150,Kuppilan North,244,244,488,15
LK4118,Valikamam East (Kopay),7333,7333,14666,15
LK4118005,Irupalai South,237,237,474,15
LK4118010,Irupalai East,237,236,473,15
LK4118015,Kalviyankadu,237,236,473,15
LK4118020,Kopai South,237,236,473,15
LK4118025,Kopai Centre,237,236,473,15
LK4118030,Kopai North,237,236,473,15
LK4118035,Urumpirai West,237,236,473,15
LK4118040,Urumpirai North,237,236,473,15
LK4118045,Urumpirai South,237,236,473,15
LK4118050,Urumpirai East,237,236,473,15
LK4118055,Urelu,237,236,473,15
LK4118060,Neervely South,237,236,473,15
LK4118065,Neervely North,237,236,473,15
LK4118070,Neervely West,237,236,473,15
LK4118075,Siruppiddy East,237,236,473,15
LK4118080,Siruppiddy West,237,236,473,15
LK4118085,Puttur West,237,236,473,15
LK4118090,Puttur North,237,236,473,15
LK4118095,Nawatkiri,237,236,473,15
LK4118100,Avarangal East,237,236,473,15
LK4118105,Avarangal West,237,236,473,15
LK4118110,Puttur East,237,236,473,15
LK4118115,Achchelu,237,236,473,15
LK4118120,Vatharavattai,237,236,473,15
LK4118125,Pattameni,237,236,473,15
LK4118130,Thampalai-Kathiripay,237,236,473,15
LK4118135,Iddaikkadu,237,236,473,15
LK4118140,Valalai,237,236,473,15
LK4118145,Achchuveli North,237,236,473,15
LK4118150,Achchuveli South,237,236,473,15
LK4118155,Achchuveli West,237,236,473,15
LK4121,Vadamaradchchi South-West (Karaveddy),7333,7333,14666,15
LK4121005,Karanavai South,210,210,420,15
LK4121010,Karanavai West,210,209,419,15
LK4121015,Karanavai,210,209,419,15
LK4121020,Karanavai East,210,209,419,15
LK4121025,Uduppiddy,210,209,419,15
LK4121030,Uduppiddy North,210,209,419,15
LK4121035,Uduppiddy South,210,209,419,15
LK4121040,Valvetty,210,209,419,15
LK4121045,Valvetty Centre,210,209,419,15
LK4121050,Samarabahu,210,209,419,15
LK4121055,Imayanan,210,209,419,15
LK4121060,Imayanan East,210,209,419,15
LK4121065,Karanavai North,210,209,419,15
LK4121070,Karanavai North West,210,209,419,15
LK4121075,Karanavai Centre,210,209,419,15
LK4121080,Karaveddy West,210,209,419,15
LK4121085,Karaveddy North,210,209,419,15
LK4121090,Karaveddy South,210,209,419,15
LK4121095,Maththoni,210,209,419,15
LK4121100,Karaveddy Centre,210,209,419,15
LK4121105,Karaveddy East,210,209,419,15
LK4121110,Kaddaively,210,209,419,15
LK4121115,Thunnalai South,210,209,419,15
LK4121120,Thunnalai East,210,209,419,15
LK4121125,Thunnalai,210,209,419,15
LK4121130,Thunnalai Centre,210,209,419,15
LK4121135,Thunnalai West,210,209,419,15
LK4121140,Nelliaddy North,210,209,419,15
LK4121145,Nelliaddy,210,209,419,15
LK4121150,Nelliaddy East,210,209,419,15
LK4121155,Alvai,210,209,419,15
LK4121160,Alvai South,210,209,419,15
LK4121165,Alvai East,210,209,419,15
LK4121170,Aththai,210,209,419,15
LK4121175,Kapputhu,210,209,419,15
LK4124,Vadamaradchchi East,7333,7333,14666,15
LK4124005,Manatkadu,408,407,815,15
LK4124010,Kudaththanai,407,407,814,15
LK4124015,Kudaththanai Karaiyoor,407,407,814,15
LK4124020,Potpathi,407,407,814,15
LK4124025,Ampan,407,407,814,15
LK4124030,Nagarkovil East,407,407,814,15
LK4124035,Nagarkovil West,407,407,814,15
LK4124040,Nagarkovil South,407,407,814,15
LK4124045,Chempiyanpattu North,407,407,814,15
LK4124050,Chempiyanpattu South,407,407,814,15
LK4124055,Maruthankarny,407,407,814,15
LK4124060,Vaththirayan,407,407,814,15
LK4124065,Uduththurai,407,407,814,15
LK4124070,Aliyavalai,407,407,814,15
LK4124075,Vettilaikerny,407,407,814,15
LK4124080,Mulliyan,407,407,814,15
LK4124085,Pokkaruppu,407,407,814,15
LK4124090,Chundikulam,407,407,814,15
LK4127,Vadamaradchi North (Point Pedro),7333,7333,14666,15
LK4127005,Thondamanaru South,210,210,420,15
LK4127010,Thondamanaru North,210,209,419,15
LK4127015,Kerudavil South,210,209,419,15
LK4127020,Kerudavil North,210,209,419,15
LK4127025,Kerudavil East,210,209,419,15
LK4127030,Valvettithurai North West,210,209,419,15
LK4127035,Valvettithurai North Centre,210,209,419,15
LK4127040,Valvettithurai North East,210,209,419,15
LK4127045,Valvettithurai South West,210,209,419,15
LK4127050,Valvettithurai South East,210,209,419,15
LK4127055,Polikandy West,210,209,419,15
LK4127060,Polikandy East,210,209,419,15
LK4127065,Polikandy South,210,209,419,15
LK4127070,Alvai West,210,209,419,15
LK4127075,Alvai North West,210,209,419,15
LK4127080,Alvai North Centre,210,209,419,15
LK4127085,Viyaparimulai,210,209,419,15
LK4127090,Alvai North,210,209,419,15
LK4127095,Point Pedro,210,209,419,15
LK4127100,Point Pedro South,210,209,419,15
LK4127105,Point Pedro East,210,209,419,15
LK4127110,Thumpalai,210,209,419,15
LK4127115,Thumpalai East,210,209,419,15
LK4127120,Katkovalam,210,209,419,15
LK4127125,Puloly North,210,209,419,15
LK4127130,Puloly North East,210,209,419,15
LK4127135,Puloly Centre,210,209,419,15
LK4127140,Puloly West,210,209,419,15
LK4127145,Puloly South West,210,209,419,15
LK4127150,Puloly North West,210,209,419,15
LK4127155,Puloly East,210,209,419,15
LK4127160,Puloly South,210,209,419,15
LK4127165,Manthikai,210,209,419,15
LK4127170,Vallipuram,210,209,419,15
LK4127175,Thunnalai North,210,209,419,15
LK4130,Thenmaradchi (Chavakachcheri),7333,7333,14666,15
LK4130005,Kaithady North,123,122,245,15
LK4130010,Kaithady East,122,122,244,15
LK4130015,Kaithady Centre,122,122,244,15
LK4130020,Kaithady South,122,122,244,15
LK4130025,Kaithady South East,122,122,244,15
LK4130030,Kaithady West,122,122,244,15
LK4130035,Navatkuli West,122,122,244,15
LK4130040,Navatkuli East,122,122,244,15
LK4130045,Kovilakandy,122,122,244,15
LK4130050,Kaithady Navatkuli,122,122,244,15
LK4130055,Maravanpulo,122,122,244,15
LK4130060,Thanankilappu,122,122,244,15
LK4130065,Chavakachcheri Town,122,122,244,15
LK4130070,Kovilkudyiruppu,122,122,244,15
LK4130075,Sangathanai,122,122,244,15
LK4130080,Chavakachcheri North,122,122,244,15
LK4130085,Manduvil,122,122,244,15
LK4130090,Kalvayal,122,122,244,15
LK4130095,Nunavil East,122,122,244,15
LK4130100,Nunavil Centre,122,122,244,15
LK4130105,Nunavil West,122,122,244,15
LK4130110,Kaithady Nunavil,122,122,244,15
LK4130115,Thenmadduvil,122,122,244,15
LK4130120,Madduvil Nunavil,122,122,244,15
LK4130125,Madduvil Centre,122,122,244,15
LK4130130,Madduvil North,122,122,244,15
LK4130135,Madduvil East,122,122,244,15
LK4130140,Chandrapuram,122,122,244,15
LK4130145,Sarasalai South,122,122,244,15
LK4130150,Sarasalai North,122,122,244,15
LK4130155,Meesalai East,122,122,244,15
LK4130160,Meesalai West,122,122,244,15
LK4130165,Ramavil,122,122,244,15
LK4130170,Meesalai North,122,122,244,15
LK4130175,Allarai,122,122,244,15
LK4130180,Vellampokkady,122,122,244,15
LK4130185,Kachchai,122,122,244,15
LK4130190,Palavi,122,122,244,15
LK4130195,Kodikamam North,122,122,244,15
LK4130200,Kodikamam Centre,122,122,244,15
LK4130205,Kodikamam South,122,122,244,15
LK4130210,Usan,122,122,244,15
LK4130215,Karampaham,122,122,244,15
LK4130220,Vidaththalpalai,122,122,244,15
LK4130225,Ketpeli,122,122,244,15
LK4130230,Eluthumadduval South,122,122,244,15
LK4130235,Eluthumadduval North,122,122,244,15
LK4130240,Mirusuvil North,122,122,244,15
LK4130245,Mirusuvil South,122,122,244,15
LK4130250,Kudamiyan,122,122,244,15
LK4130255,Navatkadu,122,122,244,15
LK4130260,Varani North,122,122,244,15
LK4130265,Maaseri,122,122,244,15
LK4130270,Iddaikurichchi,122,122,244,15
LK4130275,Karambaikkurichchi,122,122,244,15
LK4130280,Varani-Iyattalai,122,122,244,15
LK4130285,Thavalai-Iyattalai,122,122,244,15
LK4130290,Manthuvil East,122,122,244,15
LK4130295,Manthuvil West,122,122,244,15
LK4130300,Manthuvil North,122,122,244,15
LK4133,Nallur,7333,7333,14666,15
LK4133005,Ariyalai South West,184,183,367,15
LK4133010,Ariyalai East,183,183,366,15
LK4133015,Ariyalai North West,183,183,366,15
LK4133020,Ariyalai Center West,183,183,366,15
LK4133025,Ariyalai S. W. (East),183,183,366,15
LK4133030,Ariyalai Centre North,183,183,366,15
LK4133035,Ariyalai Centre,183,183,366,15
LK4133040,Ariyalai Centre South,183,183,366,15
LK4133045,Iyanar Kovilady,183,183,366,15
LK4133050,Vannarponnai N.W. (North),183,183,366,15
LK4133055,Vannarponnai N.W. (West),183,183,366,15
LK4133060,Vannarponnai N.E. (North),183,183,366,15
LK4133065,Vannarponnai N.E. (South),183,183,366,15
LK4133070,Kantharmadam North West,183,183,366,15
LK4133075,Kantharmadam North East,183,183,366,15
LK4133080,Kantharmadam South West,183,183,366,15
LK4133085,Kantharmadam South East,183,183,366,15
LK4133090,Nallur North,183,183,366,15
LK4133095,Nallur Rajathani,183,183,366,15
LK4133100,Nallur South,183,183,366,15
LK4133105,Sangiliyan Thoppu,183,183,366,15
LK4133110,Thirunelvely West,183,183,366,15
LK4133115,Thirunelvely Centre South,183,183,366,15
LK4133120,Thirunelvely South East,183,183,366,15
LK4133125,Thirunelvely North East,183,183,366,15
LK4133130,Thirunelvely Centre North,183,183,366,15
LK4133135,Kondavil North West,183,183,366,15
LK4133140,Kondavil South West,183,183,366,15
LK4133145,Kondavil Centre West,183,183,366,15
LK4133150,Kondavil Centre East,183,183,366,15
LK4133155,Kondavil North East,183,183,366,15
LK4133160,Kondavil South East,183,183,366,15
LK4133165,Kokuvil North East,183,183,366,15
LK4133170,Kokuvil East,183,183,366,15
LK4133175,Kokuvil South East,183,183,366,15
LK4133180,Kokuvil North West,183,183,366,15
LK4133185,Kokuvil West,183,183,366,15
LK4133190,Kokuvil Centre East,183,183,366,15
LK4133195,Kokuvil South West,183,183,366,15
LK4133200,Kokuvil Centre West,183,183,366,15
LK4136,Jaffna,7333,7333,14666,15
LK4136005,Nedunkulam,262,262,524,15
LK4136010,Columbuthurai East,262,261,523,15
LK4136015,Columbuthurai West,262,261,523,15
LK4136020,Passaiyoor East,262,261,523,15
LK4136025,Passaiyoor West,262,261,523,15
LK4136030,Eachchamoddai,262,261,523,15
LK4136035,Thirunagar,262,261,523,15
LK4136040,Reclamation East,262,261,523,15
LK4136045,Reclamation West,262,261,523,15
LK4136050,Gurunagar East,262,261,523,15
LK4136055,Gurunagar West,262,261,523,15
LK4136060,Small Bazaar,262,261,523,15
LK4136065,Jaffna Town West,262,261,523,15
LK4136070,Jaffna Town East,262,261,523,15
LK4136075,Chundikuli South,262,261,523,15
LK4136080,Chundikuli North,262,261,523,15
LK4136085,Maruthady,262,261,523,15
LK4136090,Aththiyadi,262,261,523,15
LK4136095,Chirampiyadi,262,261,523,15
LK4136100,Grand Bazaar,262,261,523,15
LK4136105,Fort,262,261,523,15
LK4136110,Vannarpannai,262,261,523,15
LK4136115,Koddady,262,261,523,15
LK4136120,Navanthurai South,262,261,523,15
LK4136125,Navanthurai North,262,261,523,15
LK4136130,Moor Street South,262,261,523,15
LK4136135,Moor Street North,262,261,523,15
LK4136140,New Moor Street,262,261,523,15
LK4139,Islands South (Velanai),7333,7333,14666,15
LK4139005,Mandaitivu East,245,244,489,15
LK4139010,Mandaitivu West,244,244,488,15
LK4139015,Mandaitivu South,244,244,488,15
LK4139020,Allaipiddy,244,244,488,15
LK4139025,Mankumpan,244,244,488,15
LK4139030,Velanai North,244,244,488,15
LK4139035,Velanai North East,244,244,488,15
LK4139040,Velanai East,244,244,488,15
LK4139045,Velanai South East,244,244,488,15
LK4139050,Velanai East Centre,244,244,488,15
LK4139055,Velanai South,244,244,488,15
LK4139060,Velanai West Centre,244,244,488,15
LK4139065,Velanai West,244,244,488,15
LK4139070,Saravanai East,244,244,488,15
LK4139075,Saravanai West,244,244,488,15
LK4139080,Pungudutivu North East,244,244,488,15
LK4139085,Pungudutivu East,244,244,488,15
LK4139090,Pungudutivu South East,244,244,488,15
LK4139095,Pungudutivu East South,244,244,488,15
LK4139100,Pungudutivu South,244,244,488,15
LK4139105,Pungudutivu North,244,244,488,15
LK4139110,Pungudutivu Centre North,244,244,488,15
LK4139115,Pungudutivu South West,244,244,488,15
LK4139120,Pungudutivu Centre West,244,244,488,15
LK4139125,Pungudutivu Centre East,244,244,488,15
LK4139130,Pungudutivu North West,244,244,488,15
LK4139135,Pungudutivu West,244,244,488,15
LK4139140,Nainativu North,244,244,488,15
LK4139145,Nainativu Centre,244,244,488,15
LK4139150,Nainativu South,244,244,488,15
LK4142,Delft,7333,7333,14666,15
LK4142005,Delft West,1223,1222,2445,15
LK4142010,Delft South,1222,1222,2444,15
LK4142015,Delft Centre West,1222,1222,2444,15
LK4142020,Delft Centre,1222,1222,2444,15
LK4142025,Delft Centre East,1222,1222,2444,15
LK4142030,Delft East,1222,1222,2444,15
LK42,Mannar,110000,110000,220000,15
LK4203,Mannar Town,22000,22000,44000,15
LK4203005,Talaimannar North,449,449,898,15
LK4203010,Thalaimannar Pier West,449,448,897,15
LK4203015,Thalaimannar Pier East,449,448,897,15
LK4203020,Thalaimannar,449,448,897,15
LK4203025,Talaimannar South,449,448,897,15
LK4203030,Kaddukarankudiyiruppu,449,448,897,15
LK4203035,Thullukudiyiruppu,449,448,897,15
LK4203040,Pesalai South,449,448,897,15
LK4203045,Pesalai North,449,448,897,15
LK4203050,Pesalai West,449,448,897,15
LK4203055,Siruthoppu,449,448,897,15
LK4203060,Periyakarisal,449,448,897,15
LK4203065,Olaithoduwai,449,448,897,15
LK4203070,Puthukudiyiruppu,449,448,897,15
LK4203075,Erukkalampiddy West,449,448,897,15
LK4203080,Erukkalampiddy North,449,448,897,15
LK4203085,Erukkalampiddy East,449,448,897,15
LK4203090,Erukkalampiddy South,449,448,897,15
LK4203095,Erukkalampiddy Centre,449,448,897,15
LK4203100,Pallimunai East,449,448,897,15
LK4203105,Moor Street,449,448,897,15
LK4203110,Emilnagar,449,448,897,15
LK4203115,Tharapuram East,449,448,897,15
LK4203120,Tharapuram West,449,448,897,15
LK4203125,Thoddaveli,449,448,897,15
LK4203130,Thalvupadu,449,448,897,15
LK4203135,Pattithoddam,449,448,897,15
LK4203140,Eluthur,449,448,897,15
LK4203145,Southbar,449,448,897,15
LK4203150,Savatkaddu,449,448,897,15
LK4203155,Sinnakadai,449,448,897,15
LK4203160,Uppukulam North,449,448,897,15
LK4203165,Pallimunai West,449,448,897,15
LK4203170,Uppukulam South,449,448,897,15
LK4203175,Periyakadai,449,448,897,15
LK4203180,Pettah,449,448,897,15
LK4203185,Panankaddikoddu West,449,448,897,15
LK4203190,Panankaddikoddu East,449,448,897,15
LK4203195,Periyanavatkulam,449,448,897,15
LK4203200,Thiruketheeswaram,449,448,897,15
LK4203205,Nagathalvu,449,448,897,15
LK4203210,Neelasenai,449,448,897,15
LK4203215,Mathoddam,449,448,897,15
LK4203220,Kallikattaikadu,449,448,897,15
LK4203225,Vannamottai,449,448,897,15
LK4203230,Uyilankulam,449,448,897,15
LK4203235,Puthukkamam,449,448,897,15
LK4203240,Uyirtharasankulam,449,448,897,15
LK4203245,Parappankandal,449,448,897,15
LK4206,Manthai West,22000,22000,44000,15
LK4206005,Thevanpiddy,612,611,1223,15
LK4206010,Vellankulam,611,611,1222,15
LK4206015,Paliaru,611,611,1222,15
LK4206020,Anthoniyarpuram,611,611,1222,15
LK4206025,Illupaikadavai,611,611,1222,15
LK4206030,Kalliyadi,611,611,1222,15
LK4206035,Aththimoddai,611,611,1222,15
LK4206040,Koorai,611,611,1222,15
LK4206045,Periyamadhu East,611,611,1222,15
LK4206050,Periyamadhu West,611,611,1222,15
LK4206055,Kayanagar,611,611,1222,15
LK4206060,Pallamadhu,611,611,1222,15
LK4206065,Kovilkulam,611,611,1222,15
LK4206070,Vidathaltheevu North,611,611,1222,15
LK4206075,Vidathaltheevu West,611,611,1222,15
LK4206080,Vidathaltheevu Central,611,611,1222,15
LK4206085,Vidathaltheevu East,611,611,1222,15
LK4206090,Pappamoddai,611,611,1222,15
LK4206095,Parappukadanthan West,611,611,1222,15
LK4206100,Parappukadanthan East,611,611,1222,15
LK4206105,Kannady,611,611,1222,15
LK4206110,Minnukkan,611,611,1222,15
LK4206115,Maligaithidal,611,611,1222,15
LK4206120,Veddayarmurrippu,611,611,1222,15
LK4206125,Adampan,611,611,1222,15
LK4206130,Nedunkandal,611,611,1222,15
LK4206135,Karunkandal Vannakulam,611,611,1222,15
LK4206140,Alkaddiveli,611,611,1222,15
LK4206145,Andankulam,611,611,1222,15
LK4206150,Karunkandal,611,611,1222,15
LK4206155,Sornapuri,611,611,1222,15
LK4206160,Palikuli,611,611,1222,15
LK4206165,Kaththankulam,611,611,1222,15
LK4206170,Vaddakandal,611,611,1222,15
LK4206175,Palaiyadiputhukulam,611,611,1222,15
LK4206180,Palaiperumalkaddu,611,611,1222,15
LK4209,Madhu,22000,22000,44000,15
LK4209005,Palampiddy,1295,1294,2589,15
LK4209010,Keerisuddan,1294,1294,2588,15
LK4209015,Parasankulam,1294,1294,2588,15
LK4209020,Vilathikulam,1294,1294,2588,15
LK4209025,Kakkayankulam East,1294,1294,2588,15
LK4209030,Kalmadu,1294,1294,2588,15
LK4209035,Kakkayankulam West,1294,1294,2588,15
LK4209040,Iranailluppaikulam,1294,1294,2588,15
LK4209045,Periya-Pandivirichchan East,1294,1294,2588,15
LK4209050,Periya-Pandivirichchan West,1294,1294,2588,15
LK4209055,Madhu,1294,1294,2588,15
LK4209060,Maluvarayarkaddayadampan,1294,1294,2588,15
LK4209065,Poomalarnthan,1294,1294,2588,15
LK4209070,Thekkam,1294,1294,2588,15
LK4209075,Pannavedduvan,1294,1294,2588,15
LK4209080,Periyamurippu,1294,1294,2588,15
LK4209085,Mathakiramam,1294,1294,2588,15
LK4212,Nanaddan,22000,22000,44000,15
LK4212005,Vankalai North,710,710,1420,15
LK4212010,Vankalai West,710,709,1419,15
LK4212015,Vankalai East,710,709,1419,15
LK4212020,Thomaspuri,710,709,1419,15
LK4212025,Naruvilikkulam,710,709,1419,15
LK4212030,Vanchiyankulam,710,709,1419,15
LK4212035,Ilahadipiddy,710,709,1419,15
LK4212040,Ilanthaimoddai,710,709,1419,15
LK4212045,Periyakaddaikadu,710,709,1419,15
LK4212050,Aththikkuli,710,709,1419,15
LK4212055,Kanchithalvu,710,709,1419,15
LK4212060,Chemmantheevu,710,709,1419,15
LK4212065,Murunkan,710,709,1419,15
LK4212070,Cheddiyar Mahankaddai Adampan,710,709,1419,15
LK4212075,Iraddaikkulam,710,709,1419,15
LK4212080,Chundikkuli,710,709,1419,15
LK4212085,Puthirarkandan,710,709,1419,15
LK4212090,Razoolputhuveli,710,709,1419,15
LK4212095,Nanattan,710,709,1419,15
LK4212100,Umanagari,710,709,1419,15
LK4212105,Achchankulam,710,709,1419,15
LK4212110,Moddaikadai,710,709,1419,15
LK4212115,Rasamadhu,710,709,1419,15
LK4212120,Pallankoddai,710,709,1419,15
LK4212125,Valkkaipettankandal,710,709,1419,15
LK4212130,Pontheevukandal,710,709,1419,15
LK4212135,Kalimoddai Puliyankulam,710,709,1419,15
LK4212140,Parikarikandal,710,709,1419,15
LK4212145,Sirukkandal,710,709,1419,15
LK4212150,Katkidanthakulam,710,709,1419,15
LK4212155,Issaimalaithalvu,710,709,1419,15
LK4215,Musali,22000,22000,44000,15
LK4215005,Arippu West,1100,1100,2200,15
LK4215010,Arippu East,1100,1100,2200,15
LK4215015,Methanveli,1100,1100,2200,15
LK4215020,Poonochchikulam,1100,1100,2200,15
LK4215025,Pandaraveli,1100,1100,2200,15
LK4215030,Sinnapullachchi Potkerni,1100,1100,2200,15
LK4215035,Periyapullachchi Potkerni,1100,1100,2200,15
LK4215040,Veppankulam,1100,1100,2200,15
LK4215045,Marudhamadu,1100,1100,2200,15
LK4215050,Ahathimurippu,1100,1100,2200,15
LK4215055,Puthuveli,1100,1100,2200,15
LK4215060,Saveriyarpuram,1100,1100,2200,15
LK4215065,Chilavathurai,1100,1100,2200,15
LK4215070,Koolankulam,1100,1100,2200,15
LK4215075,Kondachchi,1100,1100,2200,15
LK4215080,Kokkupadayan,1100,1100,2200,15
LK4215085,Palaikuli,1100,1100,2200,15
LK4215090,Karadikkuli,1100,1100,2200,15
LK4215095,Mullikulam,1100,1100,2200,15
LK4215100,Marichchukkaddi,1100,1100,2200,15
LK43,Vavuniya,110000,110000,220000,15
LK4303,Vavuniya North,27500,27500,55000,15
LK4303005,Unchalkaddy,1375,1375,2750,15
LK4303010,Vedivaithakallu,1375,1375,2750,15
LK4303015,Maruthoddai,1375,1375,2750,15
LK4303020,Paddikudiyiruppu,1375,1375,2750,15
LK4303025,Katkulam,1375,1375,2750,15
LK4303030,Nedunkerny South,1375,1375,2750,15
LK4303035,Nedunkerny North,1375,1375,2750,15
LK4303040,Olumadu,1375,1375,2750,15
LK4303045,Mamadu,1375,1375,2750,15
LK4303050,Kulavisuddan,1375,1375,2750,15
LK4303055,Marailuppai,1375,1375,2750,15
LK4303060,Paranthan,1375,1375,2750,15
LK4303065,Anandar Pulliyankulam,1375,1375,2750,15
LK4303070,Sinnadampan,1375,1375,2750,15
LK4303075,Nainamadu,1375,1375,2750,15
LK4303080,Puliyankulam South,1375,1375,2750,15
LK4303085,Puliyankulam North,1375,1375,2750,15
LK4303090,Kanagarayankulam South,1375,1375,2750,15
LK4303095,Kanagarayankulam North,1375,1375,2750,15
LK4303100,Mannakulam,1375,1375,2750,15
LK4306,Vavuniya South,27500,27500,55000,15
LK4306005,Periya Ulukkulama,1375,1375,2750,15
LK4306010,Poomaduwa,1375,1375,2750,15
LK4306015,Rankethgama,1375,1375,2750,15
LK4306020,Maradanmaduwa,1375,1375,2750,15
LK4306025,"Pavakkulam South Bank, Track 07",1375,1375,2750,15
LK4306030,Awaranthulawa,1375,1375,2750,15
LK4306035,"Acres 20,40,60",1375,1375,2750,15
LK4306040,Acres 400,1375,1375,2750,15
LK4306045,Madukanda,1375,1375,2750,15
LK4306050,Eramperiyakulama,1375,1375,2750,15
LK4306055,Alagalla,1375,1375,2750,15
LK4306060,Avusathapitiya,1375,1375,2750,15
LK4306065,Kalukunnammaduwa,1375,1375,2750,15
LK4306070,Nedunkulam,1375,1375,2750,15
LK4306075,Mahamylankulama,1375,1375,2750,15
LK4306080,Mamaduwa,1375,1375,2750,15
LK4306085,Mahakachchakodiya,1375,1375,2750,15
LK4306090,Pudubulankulama,1375,1375,2750,15
LK4306095,Pirappanmaduwa,1375,1375,2750,15
LK4306100,Agbopura,1375,1375,2750,15
LK4309,Vavuniya,27500,27500,55000,15
LK4309005,Palamoddai,655,655,1310,15
LK4309010,Maruthamadhu,655,654,1309,15
LK4309015,Panrikkeithakulam,655,654,1309,15
LK4309020,Arumugathanputhukulam,655,654,1309,15
LK4309025,Semamadhu,655,654,1309,15
LK4309030,Maligai,655,654,1309,15
LK4309035,Mahilankulam,655,654,1309,15
LK4309040,Maruthankulam,655,654,1309,15
LK4309045,Ilamaruthankulam,655,654,1309,15
LK4309050,Kallikulam,655,654,1309,15
LK4309055,Nochchimoddai,655,654,1309,15
LK4309060,Paranaddakal,655,654,1309,15
LK4309065,Puthukkulam,655,654,1309,15
LK4309070,Marukkarampalai,655,654,1309,15
LK4309075,Thandikulam,655,654,1309,15
LK4309080,Maharambaikulam,655,654,1309,15
LK4309085,Kaththarsinnakulam,655,654,1309,15
LK4309090,Nelukkulam,655,654,1309,15
LK4309095,Pattanichchoor Puliyankulam,655,654,1309,15
LK4309100,Vavuniya Town,655,654,1309,15
LK4309105,Omanthai,655,654,1309,15
LK4309110,Salambaikkulam,655,654,1309,15
LK4309115,Sasthrikoolankulam,655,654,1309,15
LK4309120,Echchankulam,655,654,1309,15
LK4309125,Kalmadu,655,654,1309,15
LK4309130,Poovarasankulam,655,654,1309,15
LK4309135,Sekkadipulavu,655,654,1309,15
LK4309140,Pampaimadu,655,654,1309,15
LK4309145,Rejendrankulam,655,654,1309,15
LK4309150,Koomankulam,655,654,1309,15
LK4309155,Kovilkulam,655,654,1309,15
LK4309160,Velikulam,655,654,1309,15
LK4309165,Moonrumurippu,655,654,1309,15
LK4309170,Kandapuram,655,654,1309,15
LK4309175,Thonikal,655,654,1309,15
LK4309180,Samalankulam,655,654,1309,15
LK4309185,Asikulam,655,654,1309,15
LK4309190,Rambaikulam,655,654,1309,15
LK4309195,Vairavapuliyankulam,655,654,1309,15
LK4309200,Pandarikulam,655,654,1309,15
LK4309205,Vavuniya Town North,655,654,1309,15
LK4309210,Velankulam,655,654,1309,15
LK4312,Vengalacheddikulam,27500,27500,55000,15
LK4312005,Andiyapuliyankulam,1375,1375,2750,15
LK4312010,Periyathampanai,1375,1375,2750,15
LK4312015,Periyakaddu,1375,1375,2750,15
LK4312020,Kannaddy,1375,1375,2750,15
LK4312025,Piramanalankulam,1375,1375,2750,15
LK4312030,Sooduventhapulavu,1375,1375,2750,15
LK4312035,Kurukkalputhukkulam,1375,1375,2750,15
LK4312040,Kanthasamy Nagar,1375,1375,2750,15
LK4312045,Unit 5 & 6. Pavatkulam,1375,1375,2750,15
LK4312050,Unit 4. Pavatkulam,1375,1375,2750,15
LK4312055,Unit 2. Pavatkulam,1375,1375,2750,15
LK4312060,Muthaliyarkulam,1375,1375,2750,15
LK4312065,Sinnasippikulam,1375,1375,2750,15
LK4312070,Neriyakulam,1375,1375,2750,15
LK4312075,Periyapuliyalankulam,1375,1375,2750,15
LK4312080,Cheddikulam,1375,1375,2750,15
LK4312085,Mugaththankulam,1375,1375,2750,15
LK4312090,Unit 9 & 10. Pavatkulam,1375,1375,2750,15
LK4312095,Kristhavakulam,1375,1375,2750,15
LK4312100,Kangankulam,1375,1375,2750,15
LK44,Mullaitivu,110000,110000,220000,15
LK4403,Thunukkai,18334,18333,36667,15
LK4403005,Alankulam,917,917,1834,15
LK4403010,Amaithipuram,917,916,1833,15
LK4403015,Ambalaperumalkulam,917,916,1833,15
LK4403020,Aninchiyankulam,917,916,1833,15
LK4403025,Barathinagar,917,916,1833,15
LK4403030,Iyankankulam,917,916,1833,15
LK4403035,Kalvilan,917,916,1833,15
LK4403040,Koddaikaddiyakulam,917,916,1833,15
LK4403045,Mallavi,917,916,1833,15
LK4403050,Palayamurikandy,917,916,1833,15
LK4403055,Pugalenthinagar,917,916,1833,15
LK4403060,Puththuvedduvan,917,916,1833,15
LK4403065,Thenniyankulam,917,916,1833,15
LK4403070,Therankandal,917,916,1833,15
LK4403075,Thirunagar,917,916,1833,15
LK4403080,Thunukkai,917,916,1833,15
LK4403085,Uyilankulam,917,916,1833,15
LK4403090,Yogapuram Centre,917,916,1833,15
LK4403095,Yogapuram East,917,916,1833,15
LK4403100,Yogapuram West,917,916,1833,15
LK4406,Manthai East,18333,18333,36666,15
LK4406005,Ampalpuram,1223,1222,2445,15
LK4406010,Karumpulliyan,1222,1222,2444,15
LK4406015,Kollavilankulam,1222,1222,2444,15
LK4406020,Moonrumurippu,1222,1222,2444,15
LK4406025,Naddankandal,1222,1222,2444,15
LK4406030,Oddaruththakulam,1222,1222,2444,15
LK4406035,Palinagar,1222,1222,2444,15
LK4406040,Pandiyankulam,1222,1222,2444,15
LK4406045,Ponnagar/Kuttymulai,1222,1222,2444,15
LK4406050,Poovarasankulam,1222,1222,2444,15
LK4406055,Selvapuram,1222,1222,2444,15
LK4406060,Siraddikulam,1222,1222,2444,15
LK4406065,Sivapuram,1222,1222,2444,15
LK4406070,Vannivilankulam,1222,1222,2444,15
LK4406075,Vinayagapuram,1222,1222,2444,15
LK4409,Puthukkudiyiruppu,18333,18333,36666,15
LK4409005,Anandapuram,965,965,1930,15
LK4409010,Iranaippalai,965,964,1929,15
LK4409015,Kombavil,965,964,1929,15
LK4409020,Mallikaithivu,965,964,1929,15
LK4409025,Manikkapuram,965,964,1929,15
LK4409030,Mannakandal,965,964,1929,15
LK4409035,Manthuvil,965,964,1929,15
LK4409040,Puthukudiyiruppu East,965,964,1929,15
LK4409045,Puthukudiyiruppu West,965,964,1929,15
LK4409050,Sivanagar,965,964,1929,15
LK4409055,Suthanthirapuram,965,964,1929,15
LK4409060,Theravil,965,964,1929,15
LK4409065,Thevipuram,965,964,1929,15
LK4409070,Udayarkattu North,965,964,1929,15
LK4409075,Udayarkattu South,965,964,1929,15
LK4409080,Vallipunam,965,964,1929,15
LK4409085,Valluvarpuram,965,964,1929,15
LK4409090,Visuvamadu East,965,964,1929,15
LK4409095,Visuvamadu West,965,964,1929,15
LK4412,Oddusuddan,18333,18333,36666,15
LK4412005,Ampakamam,679,679,1358,15
LK4412010,Ganeshapuram,679,679,1358,15
LK4412015,Indupuram,679,679,1358,15
LK4412020,Kanagarathinapuram,679,679,1358,15
LK4412025,Karuvelankandal,679,679,1358,15
LK4412030,Katchilaimadu,679,679,1358,15
LK4412035,Kathaliyarsamalankulam,679,679,1358,15
LK4412040,Koolamurippu,679,679,1358,15
LK4412045,Manavalanpaddamurippu,679,679,1358,15
LK4412050,Mankulam,679,679,1358,15
LK4412055,Muththuaiyankaddukulam,679,679,1358,15
LK4412060,Muthuvinayagapuram,679,679,1358,15
LK4412065,Oddusuddan,679,679,1358,15
LK4412070,Olumadu,679,679,1358,15
LK4412075,Othiyamalai,679,679,1358,15
LK4412080,Palampasi,679,679,1358,15
LK4412085,Pandaravanni,679,679,1358,15
LK4412090,Panikkankulam,679,679,1358,15
LK4412095,Peraru,679,679,1358,15
LK4412100,Periyaithimadu,679,679,1358,15
LK4412105,Periyakulam,679,679,1358,15
LK4412110,Puliyankulam,679,679,1358,15
LK4412115,Thachchadampan,679,679,1358,15
LK4412120,Thanduvan,679,679,1358,15
LK4412125,Thaddayarmalai,679,679,1358,15
LK4412130,Thirumurukandi,679,679,1358,15
LK4412135,Vithyapuram,679,679,1358,15
LK4415,Maritimepattu,18333,18333,36666,15
LK4415005,Alampil North,408,407,815,15
LK4415010,Alampil South,407,407,814,15
LK4415015,Ampalavanpokkanai,407,407,814,15
LK4415020,Shemmalai,407,407,814,15
LK4415025,Shemmalai East,407,407,814,15
LK4415030,Chilawattai,407,407,814,15
LK4415035,Chilawattai South,407,407,814,15
LK4415040,Keekkirapuram,407,407,814,15
LK4415045,Kallappadu North,407,407,814,15
LK4415050,Kallappadu South,407,407,814,15
LK4415055,Kanukerny East,407,407,814,15
LK4415060,Kanukerny West,407,407,814,15
LK4415065,Karunaddukerny,407,407,814,15
LK4415070,Keppapulavu,407,407,814,15
LK4415075,Kokkilai East,407,407,814,15
LK4415080,Kokkilai West,407,407,814,15
LK4415085,Kokuthoduvai Centre,407,407,814,15
LK4415090,Kokuthoduvai North,407,407,814,15
LK4415100,Kovilkudiyiruppu,407,407,814,15
LK4415105,Kumarapuram,407,407,814,15
LK4415110,Kumulamunai Centre,407,407,814,15
LK4415115,Kumulamunai East,407,407,814,15
LK4415120,Kumulamunai West,407,407,814,15
LK4415125,Mamoolai,407,407,814,15
LK4415130,Manalkudiyiruppu,407,407,814,15
LK4415135,Mathavalasingankulam,407,407,814,15
LK4415140,Mullaitivu South,407,407,814,15
LK4415145,Mullaitivu Town,407,407,814,15
LK4415150,Mullivaikkal East,407,407,814,15
LK4415155,Mullivaikkal West,407,407,814,15
LK4415160,Mulliyawalai Centre,407,407,814,15
LK4415165,Mulliyawalai East,407,407,814,15
LK4415170,Mulliyawalai North,407,407,814,15
LK4415175,Mulliyawalai South,407,407,814,15
LK4415180,Mulliyawalai West,407,407,814,15
LK4415185,Neeravippiddy East,407,407,814,15
LK4415190,Neeravippiddy West,407,407,814,15
LK4415195,Putharikuda,407,407,814,15
LK4415200,Selvapuram,407,407,814,15
LK4415205,Thannimurippu,407,407,814,15
LK4415210,Thanneerudru East,407,407,814,15
LK4415215,Thanneerudru West,407,407,814,15
LK4415220,Uppumaveli,407,407,814,15
LK4415225,Vannankulam,407,407,814,15
LK4415230,Vattapalai,407,407,814,15
LK4418,Welioya,18333,18333,36666,15
LK4418005,Gajabapura,2037,2037,4074,15
LK4418010,Kalyanapura,2037,2037,4074,15
LK4418015,Ehetugaswewa,2037,2037,4074,15
LK4418020,Kiriibbanwewa,2037,2037,4074,15
LK4418025,Janakapura,2037,2037,4074,15
LK4418030,Nawagajabapura,2037,2037,4074,15
LK4418035,Nikawewa Left,2037,2037,4074,15
LK4418040,Ethawetunawewa,2037,2037,4074,15
LK4418045,Nikawewa South,2037,2037,4074,15
LK45,Kilinochchi,110000,110000,220000,15
LK4503,Pachchilaipalli,27500,27500,55000,15
LK4503005,Allipalai,1528,1528,3056,15
LK4503010,Arasarkeni,1528,1527,3055,15
LK4503015,Ittavil,1528,1527,3055,15
LK4503020,Iyakkachchi,1528,1527,3055,15
LK4503025,Kachcharveli,1528,1527,3055,15
LK4503030,Kilaly,1528,1527,3055,15
LK4503035,Kovilvayal,1528,1527,3055,15
LK4503040,Masar,1528,1527,3055,15
LK4503045,Muhamalai,1528,1527,3055,15
LK4503050,Muhavil,1528,1527,3055,15
LK4503055,Mullaiyadi,1528,1527,3055,15
LK4503060,Pallai Town,1528,1527,3055,15
LK4503065,Pulopalai,1528,1527,3055,15
LK4503070,Pulopalai West,1528,1527,3055,15
LK4503075,Soranpattu,1528,1527,3055,15
LK4503080,Thambagamam,1528,1527,3055,15
LK4503085,Tharmakeny,1528,1527,3055,15
LK4503090,Vempodukeny,1528,1527,3055,15
LK4506,Kandavalai,27500,27500,55000,15
LK4506005,Elephant Pass,1719,1719,3438,15
LK4506010,Kalmadunagar,1719,1718,3437,15
LK4506015,Kandawalai,1719,1718,3437,15
LK4506020,Korakkankattu,1719,1718,3437,15
LK4506025,Kumarapuram,1719,1718,3437,15
LK4506030,Murasumoddai,1719,1718,3437,15
LK4506035,Paranthan Town,1719,1718,3437,15
LK4506040,Periyakulam,1719,1718,3437,15
LK4506045,Piramanthanaru,1719,1718,3437,15
LK4506050,Puliyampokkanai,1719,1718,3437,15
LK4506055,Punnaineeravi,1719,1718,3437,15
LK4506060,Thattuwankotty,1719,1718,3437,15
LK4506065,Tharmapuram East,1719,1718,3437,15
LK4506070,Tharmapuram West,1719,1718,3437,15
LK4506075,Umaiyalpuram,1719,1718,3437,15
LK4506080,Uriyan,1719,1718,3437,15
LK4509,Karachchi,27500,27500,55000,15
LK4509005,Akkarayankulam,655,655,1310,15
LK4509010,Ambalkulam,655,654,1309,15
LK4509015,Ambalnagar,655,654,1309,15
LK4509020,Anaivilunthankulam,655,654,1309,15
LK4509025,Anandapuram,655,654,1309,15
LK4509030,Civic Centre,655,654,1309,15
LK4509035,Jeyanthinagar,655,654,1309,15
LK4509040,Kanagampikaikulam,655,654,1309,15
LK4509045,Kanakapuram,655,654,1309,15
LK4509050,Ganeshapuram,655,654,1309,15
LK4509055,Kannagaipuram,655,654,1309,15
LK4509060,Kilinochchi Town,655,654,1309,15
LK4509065,Konavil,655,654,1309,15
LK4509070,Krishnapuram,655,654,1309,15
LK4509075,Malaiyalapuram,655,654,1309,15
LK4509080,Maruthanagar,655,654,1309,15
LK4509085,Mavadiyamman,655,654,1309,15
LK4509090,Mayavanoor,655,654,1309,15
LK4509095,Pannankandy,655,654,1309,15
LK4509100,Barathipuram,655,654,1309,15
LK4509105,Periyaparanthan,655,654,1309,15
LK4509110,Ponnagar,655,654,1309,15
LK4509115,Puthumurippu,655,654,1309,15
LK4509120,Ramanathapuram,655,654,1309,15
LK4509125,Rathinapuram,655,654,1309,15
LK4509130,Selvanagar,655,654,1309,15
LK4509135,Sivanagar,655,654,1309,15
LK4509140,Skandapuram,655,654,1309,15
LK4509145,Thirunagar North,655,654,1309,15
LK4509150,Thirunagar South,655,654,1309,15
LK4509155,Thiruvaiaru,655,654,1309,15
LK4509160,Thiruvaiaru West,655,654,1309,15
LK4509165,Thondamannagar,655,654,1309,15
LK4509170,Urithirapuram East,655,654,1309,15
LK4509175,Urithirapuram North,655,654,1309,15
LK4509180,Urithirapuram West,655,654,1309,15
LK4509185,Uthayanagar East,655,654,1309,15
LK4509190,Uthayanagar West,655,654,1309,15
LK4509195,Uttupulam,655,654,1309,15
LK4509200,Vaddakachchi,655,654,1309,15
LK4509205,Vannerikulam,655,654,1309,15
LK4509210,Vivekanandanagar,655,654,1309,15
LK4512,Poonakary,27500,27500,55000,15
LK4512005,Alankeni,1448,1447,2895,15
LK4512010,Cheddiakurichchi,1447,1447,2894,15
LK4512015,Gnanimadam,1447,1447,2894,15
LK4512020,Iranaithivu,1447,1447,2894,15
LK4512025,Jeyapuram North,1447,1447,2894,15
LK4512030,Jeyapuram South,1447,1447,2894,15
LK4512035,Kariyalainagapaduvan,1447,1447,2894,15
LK4512040,Kiranchi,1447,1447,2894,15
LK4512045,Kollakuruchchi,1447,1447,2894,15
LK4512050,Kowtharimunai,1447,1447,2894,15
LK4512055,Madduvilnadu East,1447,1447,2894,15
LK4512060,Madduvilnadu West,1447,1447,2894,15
LK4512065,Mulankavil,1447,1447,2894,15
LK4512070,Nachchikuda,1447,1447,2894,15
LK4512075,Nallur,1447,1447,2894,15
LK4512080,Pallavarayankattu,1447,1447,2894,15
LK4512085,Pallikuda,1447,1447,2894,15
LK4512090,Paramankirai,1447,1447,2894,15
LK4512095,Ponnaveli,1447,1447,2894,15
LK5,Eastern,880000,880000,1760000,15
LK51,Batticaloa,293334,293333,586667,15
LK5103,Koralai Pattu North,20953,20952,41905,15
LK5103005,Kathiraveli,1310,1310,2620,15
LK5103010,Ammanthanaveli,1310,1309,2619,15
LK5103015,Puchchakkerni,1310,1309,2619,15
LK5103020,Palchenai,1310,1309,2619,15
LK5103025,Vakarai North,1310,1309,2619,15
LK5103030,Ooriyankattu,1310,1309,2619,15
LK5103035,Kaddumurivu,1310,1309,2619,15
LK5103040,Vakarai Central,1310,1309,2619,15
LK5103045,Panichchankerni,1310,1309,2619,15
LK5103050,Mathurankernikulam,1310,1309,2619,15
LK5103055,Punanai East,1310,1309,2619,15
LK5103060,Kirimichchai,1310,1309,2619,15
LK5103065,Mankerny Central,1310,1309,2619,15
LK5103070,Mankerny South,1310,1309,2619,15
LK5103075,Kayankerny,1310,1309,2619,15
LK5103080,Vattavan,1310,1309,2619,15
LK5104,Koralai Pattu Central,20952,20952,41904,15
LK5104010,Thiyavattavan,2328,2328,4656,15
LK5104015,Valaichchenai 5 Muslim,2328,2328,4656,15
LK5104020,Valaichchenai 4 Muslim,2328,2328,4656,15
LK5104025,Valaichchenai 5Muslim South,2328,2328,4656,15
LK5104030,Brynthuraichenai North,2328,2328,4656,15
LK5104035,Brynthuraichenai South,2328,2328,4656,15
LK5104040,Mavadichenai,2328,2328,4656,15
LK5104045,Semmanodai,2328,2328,4656,15
LK5104055,Karuwakerni,2328,2328,4656,15
LK5106,Koralai Pattu West,20952,20952,41904,15
LK5106005,Paper Town,2619,2619,5238,15
LK5106010,Oddamavadi 01 North,2619,2619,5238,15
LK5106015,Oddamavadi 01 South,2619,2619,5238,15
LK5106020,Oddamavadi 02,2619,2619,5238,15
LK5106025,Oddamavadi 03,2619,2619,5238,15
LK5106030,Meeravodai Muslim West,2619,2619,5238,15
LK5106035,Meeravodai Muslim East,2619,2619,5238,15
LK5106040,Mancholai,2619,2619,5238,15
LK5109,Koralai Pattu,20952,20952,41904,15
LK5109005,Nasivanthivu,1746,1746,3492,15
LK5109010,Valachchenai Tamil,1746,1746,3492,15
LK5109015,Puthukudiyiruppu,1746,1746,3492,15
LK5109020,Peththalai,1746,1746,3492,15
LK5109025,Kalkudah,1746,1746,3492,15
LK5109030,Kalmadu,1746,1746,3492,15
LK5109035,Kannagipuram,1746,1746,3492,15
LK5109040,Kumburumulai,1746,1746,3492,15
LK5109045,Sungankerny,1746,1746,3492,15
LK5109050,Kinnaiyady,1746,1746,3492,15
LK5109055,Karuwakerni,1746,1746,3492,15
LK5109060,Meeravodai Tamil,1746,1746,3492,15
LK5110,Koralai Pattu South,20952,20952,41904,15
LK5110005,Punanai West,1164,1164,2328,15
LK5110010,Vahaneri,1164,1164,2328,15
LK5110015,Maruththanai,1164,1164,2328,15
LK5110020,Uthuchchenai,1164,1164,2328,15
LK5110025,Kallichchai,1164,1164,2328,15
LK5110030,Vadamunai,1164,1164,2328,15
LK5110035,Kudumpimalai,1164,1164,2328,15
LK5110040,Perillaveli,1164,1164,2328,15
LK5110045,Poolakadu,1164,1164,2328,15
LK5110050,Kiran East,1164,1164,2328,15
LK5110055,Kiran West,1164,1164,2328,15
LK5110060,Korakallimadu,1164,1164,2328,15
LK5110065,Santhiveli,1164,1164,2328,15
LK5110070,Palaiyadithona,1164,1164,2328,15
LK5110075,Thevapuram,1164,1164,2328,15
LK5110080,Murakkottanchenai,1164,1164,2328,15
LK5110085,Thihiliveddai,1164,1164,2328,15
LK5110090,Koraveli,1164,1164,2328,15
LK5115,Eravur Pattu,20952,20952,41904,15
LK5115005,Sittandy 3,524,524,1048,15
LK5115010,Sittandy 2,524,523,1047,15
LK5115015,Sittandy 4,524,523,1047,15
LK5115020,Sittandy 1,524,523,1047,15
LK5115025,Mavadivembu 2,524,523,1047,15
LK5115030,Mavadivembu 1,524,523,1047,15
LK5115035,Kaluwankerny 1,524,523,1047,15
LK5115040,Kaluwankerny 2,524,523,1047,15
LK5115045,Thalavai,524,523,1047,15
LK5115050,Iyankerny Tamil,524,523,1047,15
LK5115055,Kommathurai North,524,523,1047,15
LK5115060,Palachcholai,524,523,1047,15
LK5115065,Vantharumoolai East,524,523,1047,15
LK5115070,Vantharumoolai West,524,523,1047,15
LK5115075,Eralakkulam,524,523,1047,15
LK5115080,Mylavedduvan,524,523,1047,15
LK5115085,Koduwamadu,524,523,1047,15
LK5115090,Kommathurai West,524,523,1047,15
LK5115095,Kommathurai East,524,523,1047,15
LK5115100,Chenkalady-2,524,523,1047,15
LK5115105,Chenkalady-1,524,523,1047,15
LK5115110,Iyankerny Muslim,524,523,1047,15
LK5115115,Meerakerny,524,523,1047,15
LK5115120,Michnagar,524,523,1047,15
LK5115125,Savukkady,524,523,1047,15
LK5115130,Thannamunai,524,523,1047,15
LK5115135,Mylampavely,524,523,1047,15
LK5115140,Arumugathan Kudiyiruppu 2,524,523,1047,15
LK5115145,Arumugathan Kudiyiruppu 1,524,523,1047,15
LK5115150,Kumaraveliyar Kiramam,524,523,1047,15
LK5115155,Pankudahvely,524,523,1047,15
LK5115160,Vepavedduwan,524,523,1047,15
LK5115165,Karadiyanaru,524,523,1047,15
LK5115170,Marappalam,524,523,1047,15
LK5115175,Kithul,524,523,1047,15
LK5115180,Rugam,524,523,1047,15
LK5115185,Koppavely,524,523,1047,15
LK5115190,Periyapullumalai,524,523,1047,15
LK5115195,Gemunupura,524,523,1047,15
LK5115230,Eravur 06,524,523,1047,15
LK5118,Manmunai North,20952,20952,41904,15
LK5118005,Palameenmadu,437,436,873,15
LK5118010,Navalady,437,436,873,15
LK5118015,Amirthakali,437,436,873,15
LK5118020,Punnachcholai,437,436,873,15
LK5118025,Thiraimadu,437,436,873,15
LK5118030,Saththurukondan,437,436,873,15
LK5118035,Panichchaiyady,437,436,873,15
LK5118040,Kokkuvil,437,436,873,15
LK5118045,Sinna Oorani,437,436,873,15
LK5118050,Jayanthipuram,437,436,873,15
LK5118055,Karuvappankerny,437,436,873,15
LK5118060,Mamangam,437,436,873,15
LK5118065,Koolavadi,437,436,873,15
LK5118070,Koolavadi East,437,436,873,15
LK5118075,Thamaraikerny,437,436,873,15
LK5118080,Periya Uppodai,437,436,873,15
LK5118085,Dutch Bar,437,436,873,15
LK5118090,Thissaweerasingam Square,437,436,873,15
LK5118095,Iruthayapuram East,437,436,873,15
LK5118100,Iruthayapuram Central,437,436,873,15
LK5118105,Iruthayapuram West,437,436,873,15
LK5118110,Periya Oorani,437,436,873,15
LK5118115,Gnanasooriyam Square,437,436,873,15
LK5118120,Vettukkadu,437,436,873,15
LK5118125,Barathipuram,437,436,873,15
LK5118130,Thandavanveli,437,436,873,15
LK5118135,Arasadi,437,436,873,15
LK5118140,Koddamunai,437,436,873,15
LK5118145,Kallady Mugaththuwaram,437,436,873,15
LK5118150,Thiruchendhoor,437,436,873,15
LK5118155,Kallady,437,436,873,15
LK5118160,Kallady Veloor,437,436,873,15
LK5118165,Kallady Uppodai,437,436,873,15
LK5118170,Puliyantivu East,437,436,873,15
LK5118175,Puliyantivu Central,437,436,873,15
LK5118180,Puliyantivu West,437,436,873,15
LK5118185,Puliyantivu South,437,436,873,15
LK5118190,Thiruperunthurai,437,436,873,15
LK5118195,Puthunagar,437,436,873,15
LK5118200,Seththukudah,437,436,873,15
LK5118205,Veechchukalmunai,437,436,873,15
LK5118210,Thimilathivu,437,436,873,15
LK5118215,Nochchimunai,437,436,873,15
LK5118220,Navatkudah,437,436,873,15
LK5118225,Navatkudah East,437,436,873,15
LK5118230,Navatkudah South,437,436,873,15
LK5118235,Manjanthoduvai North,437,436,873,15
LK5118240,Manjanthoduvai South,437,436,873,15
LK5121,Manmunai West,20952,20952,41904,15
LK5121005,Narippulthoddam,873,873,1746,15
LK5121010,Mahilavedduvaan,873,873,1746,15
LK5121015,Karaveddi,873,873,1746,15
LK5121020,Vilavedduwan,873,873,1746,15
LK5121025,Naavatkaadu,873,873,1746,15
LK5121030,Eachchantivu,873,873,1746,15
LK5121035,Mankikaddu,873,873,1746,15
LK5121040,Vavunativu,873,873,1746,15
LK5121045,Ayiththiyamalai South,873,873,1746,15
LK5121050,Ayiththiyamalai North,873,873,1746,15
LK5121055,Nediyamadu,873,873,1746,15
LK5121060,Pavatkodichenai,873,873,1746,15
LK5121065,Kurinchamunai,873,873,1746,15
LK5121070,Paruththichenai,873,873,1746,15
LK5121075,Kannankudah,873,873,1746,15
LK5121080,Mandapathadi,873,873,1746,15
LK5121085,Karaiyakkantivu,873,873,1746,15
LK5121090,Puthumandapaththadi,873,873,1746,15
LK5121095,Ganthinagar,873,873,1746,15
LK5121100,Unnichchai,873,873,1746,15
LK5121105,Panchenai,873,873,1746,15
LK5121110,Iluppadichenai,873,873,1746,15
LK5121115,Koththiyapulai,873,873,1746,15
LK5121120,Kaanchirankudah,873,873,1746,15
LK5124,Kattankudy,20952,20952,41904,15
LK5124005,Kattankudy Division 1,1164,1164,2328,15
LK5124010,Kattankudy Division 1 South,1164,1164,2328,15
LK5124015,Kattankudy Division 2,1164,1164,2328,15
LK5124020,Kattankudy Division 2 North,1164,1164,2328,15
LK5124025,New Kattankudy North,1164,1164,2328,15
LK5124030,New Kattankudy South,1164,1164,2328,15
LK5124035,Kattankudy Division 3 East,1164,1164,2328,15
LK5124040,Kattankudy Division 3,1164,1164,2328,15
LK5124045,Kattankudy Division 3 West,1164,1164,2328,15
LK5124050,Kattankudy Division 4 West,1164,1164,2328,15
LK5124055,Kattankudy Division 4,1164,1164,2328,15
LK5124060,Kattankudy Division 6,1164,1164,2328,15
LK5124065,New Kattankudy West,1164,1164,2328,15
LK5124070,New Kattankudy East,1164,1164,2328,15
LK5124075,Kattankudy Division 6 South,1164,1164,2328,15
LK5124080,Kattankudy Division 6 West,1164,1164,2328,15
LK5124085,Kattankudy Division 5,1164,1164,2328,15
LK5124090,Kattankudy Division 5 South,1164,1164,2328,15
LK5127,Manmunai Pattu,20952,20952,41904,15
LK5127005,Kirankulam North,776,776,1552,15
LK5127010,Kirankulam South,776,776,1552,15
LK5127015,Kirankulam,776,776,1552,15
LK5127020,Kirankulam Central,776,776,1552,15
LK5127025,Puthukudiyiruppu,776,776,1552,15
LK5127030,Puthukudiyiruppu South,776,776,1552,15
LK5127035,Puthukudiyiruppu North,776,776,1552,15
LK5127040,Palamunai,776,776,1552,15
LK5127045,Thalankudah,776,776,1552,15
LK5127050,Manmunai,776,776,1552,15
LK5127055,Vedarkudiyiruppu,776,776,1552,15
LK5127060,Mavilankanthurai,776,776,1552,15
LK5127065,Kankeyanodai,776,776,1552,15
LK5127070,Ollikulam,776,776,1552,15
LK5127075,Kankeyanodai South,776,776,1552,15
LK5127080,Arayampathy_3,776,776,1552,15
LK5127085,Rajadurai Gramam,776,776,1552,15
LK5127090,Arayampathy_South,776,776,1552,15
LK5127095,Kovilkulam,776,776,1552,15
LK5127100,Arayampathy_Central,776,776,1552,15
LK5127105,Arayampathy_2,776,776,1552,15
LK5127110,Selvanagar,776,776,1552,15
LK5127115,Selvanagar East,776,776,1552,15
LK5127120,Arayampathy_East,776,776,1552,15
LK5127125,Arayampathy_North,776,776,1552,15
LK5127130,Arayampathy_1,776,776,1552,15
LK5127135,Arayampathy_West,776,776,1552,15
LK5130,Manmunai South West,20952,20952,41904,15
LK5130005,Munaikkadu West,873,873,1746,15
LK5130010,Munaikkadu North,873,873,1746,15
LK5130015,Munaikkadu East,873,873,1746,15
LK5130020,Muthalaikkudah West,873,873,1746,15
LK5130025,Muthalaikkudah,873,873,1746,15
LK5130030,Mahiladitivu,873,873,1746,15
LK5130035,Mahiladitivu South,873,873,1746,15
LK5130040,Kokkadicholai,873,873,1746,15
LK5130045,Munaikkadu South,873,873,1746,15
LK5130050,Kokkadicholai South,873,873,1746,15
LK5130055,Pandariyaveli,873,873,1746,15
LK5130060,Arasaditivu North,873,873,1746,15
LK5130065,Paddippalai,873,873,1746,15
LK5130070,Kuluvinamadu,873,873,1746,15
LK5130075,Arasaditivu,873,873,1746,15
LK5130080,Kadukkamunai,873,873,1746,15
LK5130085,Ampilanthurai North,873,873,1746,15
LK5130090,Ampilanthurai,873,873,1746,15
LK5130095,Ampilanthurai West,873,873,1746,15
LK5130100,Katchenai,873,873,1746,15
LK5130105,Mavadimunmaari,873,873,1746,15
LK5130110,Thanthamalai,873,873,1746,15
LK5130115,Kachchakodi,873,873,1746,15
LK5130120,Panichchiyadimunmari,873,873,1746,15
LK5133,Porativu Pattu,20952,20952,41904,15
LK5133005,Selvapuram,488,487,975,15
LK5133010,Vammiyadiyoottu,487,487,974,15
LK5133015,Thumpankerni (Y.F.S.),487,487,974,15
LK5133020,Kalumunthanveli,487,487,974,15
LK5133025,Ganthipuram,487,487,974,15
LK5133030,Mavetkudah,487,487,974,15
LK5133035,Vipulananthapuram,487,487,974,15
LK5133040,Palugaamam I,487,487,974,15
LK5133045,Palugaamam II,487,487,974,15
LK5133050,Vanninagar,487,487,974,15
LK5133055,Veeranchenai,487,487,974,15
LK5133060,Thumpankerni,487,487,974,15
LK5133065,Suravanayadiyoottu,487,487,974,15
LK5133070,Thikkodai,487,487,974,15
LK5133075,Navagrinagar,487,487,974,15
LK5133080,Kannapuram,487,487,974,15
LK5133085,Paalaiyadivaddai,487,487,974,15
LK5133090,Nellikkadu,487,487,974,15
LK5133095,Vivekananthapuram,487,487,974,15
LK5133100,Vellaveli,487,487,974,15
LK5133105,Punnakkulam,487,487,974,15
LK5133110,Kovilporativu West,487,487,974,15
LK5133115,Kovilporativu,487,487,974,15
LK5133120,Munaitivu,487,487,974,15
LK5133125,Paddaapuram,487,487,974,15
LK5133130,Periyaporativu,487,487,974,15
LK5133135,Kovilporativu South,487,487,974,15
LK5133140,Mandur 1 And 2 South,487,487,974,15
LK5133145,Mandur Kottamunai,487,487,974,15
LK5133150,Mandur 3,487,487,974,15
LK5133155,Mandur 1 And 2 North,487,487,974,15
LK5133160,Paalamunai,487,487,974,15
LK5133165,Thampalawattai,487,487,974,15
LK5133170,Kaneshapuram,487,487,974,15
LK5133175,Sangarpuram,487,487,974,15
LK5133180,Palachcholai,487,487,974,15
LK5133185,Kaakkachchivaddai,487,487,974,15
LK5133190,Kannapuram East,487,487,974,15
LK5133195,Vilanthoddam,487,487,974,15
LK5133200,Sinnawattai,487,487,974,15
LK5133205,Maalaiyarkaddu,487,487,974,15
LK5133210,Anaikaddiyaveli,487,487,974,15
LK5133215,Raanamadu,487,487,974,15
LK5136,Manmunai South & Eruvil Pattu,20952,20952,41904,15
LK5136005,Kurukkalmadam North,466,466,932,15
LK5136010,Kurukkalmadam South,466,465,931,15
LK5136015,Cheddipalayam North,466,465,931,15
LK5136020,Cheddipalayam South,466,465,931,15
LK5136025,Mankadu,466,465,931,15
LK5136030,Thettativu North,466,465,931,15
LK5136035,Thettativu South,466,465,931,15
LK5136040,Thettativu South - 02,466,465,931,15
LK5136045,Thettativu South - 01,466,465,931,15
LK5136050,Kaluthawalai 1,466,465,931,15
LK5136055,Kaluthawalai Central,466,465,931,15
LK5136060,Kaluthawalai 2,466,465,931,15
LK5136065,Kaluthawalai 3,466,465,931,15
LK5136070,Kaluthawalai 4,466,465,931,15
LK5136075,Kaluthawalai 4 Santhipuram,466,465,931,15
LK5136080,Kaluwanchikudy North 1,466,465,931,15
LK5136085,Kaluwanchikudy North,466,465,931,15
LK5136090,Paddiruppu,466,465,931,15
LK5136095,Eruvil North,466,465,931,15
LK5136100,Kaluwanchikudy South,466,465,931,15
LK5136105,Onthachimadam North,466,465,931,15
LK5136110,Eruvil East,466,465,931,15
LK5136115,Eruvil South,466,465,931,15
LK5136120,Kurumanvely 11 West,466,465,931,15
LK5136125,Kurumanvely 11 East,466,465,931,15
LK5136130,Kurumanvely 12,466,465,931,15
LK5136135,Mahiloor West,466,465,931,15
LK5136140,Mahiloor South West,466,465,931,15
LK5136145,Mahiloor East,466,465,931,15
LK5136150,Onthachimadam South,466,465,931,15
LK5136155,Koddaikallar North,466,465,931,15
LK5136160,Koddaikallar West,466,465,931,15
LK5136165,Mahiloormunai,466,465,931,15
LK5136170,Koddaikallar East,466,465,931,15
LK5136175,Koddaikallar South,466,465,931,15
LK5136180,Periyakallar 01,466,465,931,15
LK5136185,Periyakallar 01 South,466,465,931,15
LK5136190,Periyakallar 02 West,466,465,931,15
LK5136195,Periyakallar 02,466,465,931,15
LK5136200,Periyakallar 03 South,466,465,931,15
LK5136205,Periyakallar 03,466,465,931,15
LK5136210,Thuraineelavanai North,466,465,931,15
LK5136215,Thuraineelavanai North 01,466,465,931,15
LK5136220,Thuraineelavanai South,466,465,931,15
LK5136225,Thuraineelavanai South 01,466,465,931,15
LK5139,Eravur Town,20952,20952,41904,15
LK5139015,Eravur 03,1746,1746,3492,15
LK5139020,Eravur 03A,1746,1746,3492,15
LK5139025,Eravur 02,1746,1746,3492,15
LK5139030,Eravur 02B,1746,1746,3492,15
LK5139035,Eravur 02C,1746,1746,3492,15
LK5139040,Eravur 02A,1746,1746,3492,15
LK5139045,Eravur 01B,1746,1746,3492,15
LK5139050,Eravur 01,1746,1746,3492,15
LK5139055,Eravur 01A,1746,1746,3492,15
LK5139060,Eravur 06A,1746,1746,3492,15
LK5139065,Eravur 06D,1746,1746,3492,15
LK5139070,Eravur 06,1746,1746,3492,15
LK52,Ampara,293333,293333,586666,15
LK5203,Dehiattakandiya,15439,15439,30878,15
LK5203005,Rideela,1188,1188,2376,15
LK5203010,Bakmeedeniya,1188,1187,2375,15
LK5203015,Dehiattakandiya,1188,1187,2375,15
LK5203020,Kadirapura,1188,1187,2375,15
LK5203025,Mawanagama,1188,1187,2375,15
LK5203030,Lihiniyagama,1188,1187,2375,15
LK5203035,Serupitiya,1188,1187,2375,15
LK5203040,Sandamadulla,1188,1187,2375,15
LK5203045,Sandunpura,1188,1187,2375,15
LK5203050,Paranagama,1188,1187,2375,15
LK5203055,Ihalagama,1188,1187,2375,15
LK5203060,Nawa Medagama,1188,1187,2375,15
LK5203065,Wewmedagama,1188,1187,2375,15
LK5206,Padiyathalawa,15439,15438,30877,15
LK5206005,Galode,772,772,1544,15
LK5206010,Palathuruwella,772,771,1543,15
LK5206015,Pulungasmulla,772,771,1543,15
LK5206020,Serankada,772,771,1543,15
LK5206025,Unapana,772,771,1543,15
LK5206030,Hagamwela,772,771,1543,15
LK5206035,Kirawana,772,771,1543,15
LK5206040,Padiyathalawa,772,771,1543,15
LK5206045,Thalapitaoya Left,772,771,1543,15
LK5206050,Saranagama,772,771,1543,15
LK5206055,Pallegama,772,771,1543,15
LK5206060,Moradeniya,772,771,1543,15
LK5206065,Thalapitaoya South,772,771,1543,15
LK5206070,Holike,772,771,1543,15
LK5206075,Kehelulla,772,771,1543,15
LK5206080,Miriswatta,772,771,1543,15
LK5206085,Kolamanthalawa,772,771,1543,15
LK5206090,Dorakumbura,772,771,1543,15
LK5206095,Marangala,772,771,1543,15
LK5206100,Komana,772,771,1543,15
LK5209,Mahaoya,15439,15438,30877,15
LK5209005,Bogamuyaya,909,908,1817,15
LK5209010,Tempitiya,908,908,1816,15
LK5209015,Poolawala,908,908,1816,15
LK5209020,Bedirekka,908,908,1816,15
LK5209025,Unuwathura Bubula,908,908,1816,15
LK5209030,Iddapola,908,908,1816,15
LK5209035,Thepelpola,908,908,1816,15
LK5209040,Mahaoya,908,908,1816,15
LK5209045,Samagipura,908,908,1816,15
LK5209050,Borapola,908,908,1816,15
LK5209055,Kelavinna,908,908,1816,15
LK5209060,Dambadeniya,908,908,1816,15
LK5209065,Kekirihena,908,908,1816,15
LK5209070,Kudaharasgala,908,908,1816,15
LK5209075,Lahugala,908,908,1816,15
LK5209080,Pollebedda,908,908,1816,15
LK5209085,Aranthalawa,908,908,1816,15
LK5212,Uhana,15439,15438,30877,15
LK5212005,Piyangala,281,281,562,15
LK5212010,Nugelanda North,281,280,561,15
LK5212015,Nugelanda South,281,280,561,15
LK5212020,Bakkiella,281,280,561,15
LK5212025,Rajagalathenna South,281,280,561,15
LK5212030,Rajagalathenna North,281,280,561,15
LK5212035,Gonagolla,281,280,561,15
LK5212040,Galapitagala West,281,280,561,15
LK5212045,Galapitagala East,281,280,561,15
LK5212050,Kothmale,281,280,561,15
LK5212055,Mayadunna,281,280,561,15
LK5212060,Nawagiriyawa,281,280,561,15
LK5212065,Bandaradoowa,281,280,561,15
LK5212070,Lathugala,281,280,561,15
LK5212075,Bokkabedda,281,280,561,15
LK5212080,Kohombana,281,280,561,15
LK5212085,Walagampura,281,280,561,15
LK5212090,Verenketagoda,281,280,561,15
LK5212095,Senagama North,281,280,561,15
LK5212100,Senagama South,281,280,561,15
LK5212105,Gonagala,281,280,561,15
LK5212110,Veheragama East,281,280,561,15
LK5212115,Veheragama West,281,280,561,15
LK5212120,Gemunupura,281,280,561,15
LK5212125,Siyambalawewa,281,280,561,15
LK5212130,Rajagama North,281,280,561,15
LK5212135,Rajagama South,281,280,561,15
LK5212140,Suhadagama North,281,280,561,15
LK5212145,Suhadagama South,281,280,561,15
LK5212150,Kumarigama,281,280,561,15
LK5212155,Komariya,281,280,561,15
LK5212160,Udagirigama West,281,280,561,15
LK5212165,Udagirigama East,281,280,561,15
LK5212170,Galahitiyagoda,281,280,561,15
LK5212175,Mahakandiya,281,280,561,15
LK5212180,Kahatagasyaya,281,280,561,15
LK5212185,Velikahagolla,281,280,561,15
LK5212190,Dematamalpelessa,281,280,561,15
LK5212195,Uhana,281,280,561,15
LK5212200,Uhana Thissapura East,281,280,561,15
LK5212205,Uhana Thissapura West,281,280,561,15
LK5212210,Udayapura,281,280,561,15
LK5212215,Sandanadapura,281,280,561,15
LK5212220,Weeragoda North,281,280,561,15
LK5212225,Weeragoda South,281,280,561,15
LK5212230,Dadayanthalawa West,281,280,561,15
LK5212235,Dadayanthalawa East,281,280,561,15
LK5212240,Wijayapura East,281,280,561,15
LK5212245,Wijayapura West,281,280,561,15
LK5212250,Kumudugama,281,280,561,15
LK5212255,Ruhunugama,281,280,561,15
LK5212260,Buddhangala,281,280,561,15
LK5212265,Palam Kandavura,281,280,561,15
LK5212270,Himidurawa,281,280,561,15
LK5212275,Abhayapura,281,280,561,15
LK5215,Ampara,15439,15438,30877,15
LK5215005,Dambethalawa,702,702,1404,15
LK5215010,Samapura,702,701,1403,15
LK5215015,Karangawa,702,701,1403,15
LK5215020,Gemunupura,702,701,1403,15
LK5215025,Thissapura,702,701,1403,15
LK5215030,Nawagampura,702,701,1403,15
LK5215035,Senanayakepura,702,701,1403,15
LK5215040,Jayawardhanapura,702,701,1403,15
LK5215045,Indrasarapura,702,701,1403,15
LK5215050,Mihindupura,702,701,1403,15
LK5215055,Saddhathissapura,702,701,1403,15
LK5215060,Kotavehera,702,701,1403,15
LK5215065,Paragahakele East,702,701,1403,15
LK5215070,Paragahakele West,702,701,1403,15
LK5215075,Ambagahawella,702,701,1403,15
LK5215080,Ambamalthalawa,702,701,1403,15
LK5215085,Namalthalawa,702,701,1403,15
LK5215090,Namaloya II,702,701,1403,15
LK5215095,Polwaga Janapadaya,702,701,1403,15
LK5215100,Wavinna North,702,701,1403,15
LK5215105,Wavinna South,702,701,1403,15
LK5215110,Namaloya I,702,701,1403,15
LK5216,Navithanveli,15439,15438,30877,15
LK5216005,Central Camp 01,772,772,1544,15
LK5216010,Central Camp 02,772,771,1543,15
LK5216015,Central Camp 03,772,771,1543,15
LK5216020,Central Camp 05,772,771,1543,15
LK5216025,Central Camp 06,772,771,1543,15
LK5216030,Central Camp 04,772,771,1543,15
LK5216035,Chalambaikerny 03,772,771,1543,15
LK5216040,Chalambaikerny 04,772,771,1543,15
LK5216045,Chalambaikerny 05,772,771,1543,15
LK5216050,Chalambaikerny 01,772,771,1543,15
LK5216055,Chalambaikerny 02,772,771,1543,15
LK5216060,Sorikalmunai 3,772,771,1543,15
LK5216065,Sorikalmunai 1,772,771,1543,15
LK5216070,Sorikalmunai 2,772,771,1543,15
LK5216075,Chavalakade,772,771,1543,15
LK5216080,Navithanveli 02,772,771,1543,15
LK5216085,Annamalai 03,772,771,1543,15
LK5216090,Annamalai 02,772,771,1543,15
LK5216095,Navithanveli 01,772,771,1543,15
LK5216100,Annamalai 01,772,771,1543,15
LK5218,Sammanthurai,15439,15438,30877,15
LK5218005,Veeramunai 04,303,303,606,15
LK5218010,Sammanthurai 08,303,302,605,15
LK5218015,Sammanthurai 06,303,302,605,15
LK5218020,Sammanthurai Td 01,303,302,605,15
LK5218025,Sammanthurai Td 04,303,302,605,15
LK5218030,Sammanthurai Td 02,303,302,605,15
LK5218035,Sammanthurai 01,303,302,605,15
LK5218040,Sammanthurai 02,303,302,605,15
LK5218045,Sammanthurai 05,303,302,605,15
LK5218050,Karuwaddukal 01,303,302,605,15
LK5218055,Karuwaddukal 03,303,302,605,15
LK5218060,Karuwaddukal 02,303,302,605,15
LK5218065,Sammanthurai 11,303,302,605,15
LK5218070,Sammanthurai 10,303,302,605,15
LK5218075,Sammanthurai 09,303,302,605,15
LK5218080,Sammanthurai 07,303,302,605,15
LK5218085,Sammanthurai 04,303,302,605,15
LK5218090,Sammanthurai Td 03,303,302,605,15
LK5218095,Maddakalaputharavai 02,303,302,605,15
LK5218100,Maddakalaputharavai 01,303,302,605,15
LK5218105,Sammanthurai 03,303,302,605,15
LK5218110,Veeramunai 03,303,302,605,15
LK5218115,Veeramunai 02,303,302,605,15
LK5218120,Veeramunai 01,303,302,605,15
LK5218125,Sammanthurai 12,303,302,605,15
LK5218130,Malwatte 02,303,302,605,15
LK5218135,Block 'J' East 01,303,302,605,15
LK5218140,Block 'J' West 02,303,302,605,15
LK5218145,Kallarichchel 02,303,302,605,15
LK5218150,Block 'J' West 01,303,302,605,15
LK5218155,Kallarichchel 03,303,302,605,15
LK5218160,Udanga 01,303,302,605,15
LK5218165,Udanga 02,303,302,605,15
LK5218170,Vilinayadi 01,303,302,605,15
LK5218175,Sennelgramam 01,303,302,605,15
LK5218180,Sennelgramam 02,303,302,605,15
LK5218185,Block 'J' East 03,303,302,605,15
LK5218190,Block 'J' East 02,303,302,605,15
LK5218195,Malayadikiramam 01,303,302,605,15
LK5218200,Malayadikiramam 03,303,302,605,15
LK5218205,Malwatte 03,303,302,605,15
LK5218210,Malwatte 01,303,302,605,15
LK5218215,Malkampiddy,303,302,605,15
LK5218220,Malayadikiramam 04,303,302,605,15
LK5218225,Malayadikiramam 02,303,302,605,15
LK5218230,Vilinayadi 02,303,302,605,15
LK5218235,Vilinayadi 03,303,302,605,15
LK5218240,Kallarichchel 01,303,302,605,15
LK5218245,Valathapitty 02,303,302,605,15
LK5218250,Valathapitty 01,303,302,605,15
LK5218255,Malwatte 04,303,302,605,15
LK5221,Kalmunai,15439,15438,30877,15
LK5221005,Periyaneelavanai 01B,533,532,1065,15
LK5221010,Periyaneelavanai 01A,532,532,1064,15
LK5221015,Periyaneelavanai 01,532,532,1064,15
LK5221020,Periyaneelavanai 02,532,532,1064,15
LK5221025,Chenaikudiyiruppu 01A,532,532,1064,15
LK5221030,Pandiruppu 01,532,532,1064,15
LK5221035,Pandiruppu 01B,532,532,1064,15
LK5221040,Pandiruppu 01C,532,532,1064,15
LK5221045,Pandiruppu 01A,532,532,1064,15
LK5221050,Pandiruppu 02,532,532,1064,15
LK5221055,Pandiruppu 02B,532,532,1064,15
LK5221060,Pandiruppu 02C,532,532,1064,15
LK5221065,Pandiruppu 02A,532,532,1064,15
LK5221070,Kalmunai 01D,532,532,1064,15
LK5221075,Kalmunai 01B,532,532,1064,15
LK5221080,Kalmunai 01A,532,532,1064,15
LK5221085,Kalmunai 01,532,532,1064,15
LK5221090,Natpiddimunai Td 03,532,532,1064,15
LK5221095,Natpiddimunai Td 02,532,532,1064,15
LK5221100,Natpiddimunai Td 01,532,532,1064,15
LK5221105,Chenaikudiyiruppu 01B,532,532,1064,15
LK5221110,Chenaikudiyiruppu 01,532,532,1064,15
LK5221115,Kalmunai 01C,532,532,1064,15
LK5221120,Kalmunai 01E,532,532,1064,15
LK5221125,Kalmunai 02B,532,532,1064,15
LK5221130,Kalmunai 02A,532,532,1064,15
LK5221135,Kalmunai 02,532,532,1064,15
LK5221140,Kalmunai 03,532,532,1064,15
LK5221145,Kalmunai 03A,532,532,1064,15
LK5225,Sainthamaruthu,15439,15438,30877,15
LK5225005,Sainthamaruthu 01,909,908,1817,15
LK5225010,Sainthamaruthu 02,908,908,1816,15
LK5225015,Sainthamaruthu 03,908,908,1816,15
LK5225020,Sainthamaruthu 04,908,908,1816,15
LK5225025,Sainthamaruthu 05,908,908,1816,15
LK5225030,Sainthamaruthu 06,908,908,1816,15
LK5225035,Sainthamaruthu 07,908,908,1816,15
LK5225040,Sainthamaruthu 08,908,908,1816,15
LK5225045,Sainthamaruthu 09,908,908,1816,15
LK5225050,Sainthamaruthu 10,908,908,1816,15
LK5225055,Sainthamaruthu 11,908,908,1816,15
LK5225060,Sainthamaruthu 13,908,908,1816,15
LK5225065,Sainthamaruthu 12,908,908,1816,15
LK5225070,Sainthamaruthu 17,908,908,1816,15
LK5225075,Sainthamaruthu 14,908,908,1816,15
LK5225080,Sainthamaruthu 15,908,908,1816,15
LK5225085,Sainthamaruthu 16,908,908,1816,15
LK5227,Karaitivu,15439,15438,30877,15
LK5227005,Mavadipalli West,909,908,1817,15
LK5227010,Mavadipalli East,908,908,1816,15
LK5227015,Maligaikadu West,908,908,1816,15
LK5227020,Maligaikadu Central,908,908,1816,15
LK5227025,Maligaikadu East,908,908,1816,15
LK5227030,Karaitheevu 03,908,908,1816,15
LK5227035,Karaitheevu 02,908,908,1816,15
LK5227040,Karaitheevu 01,908,908,1816,15
LK5227045,Karaitheevu 06,908,908,1816,15
LK5227050,Karaitheevu 05,908,908,1816,15
LK5227055,Karaitheevu 04,908,908,1816,15
LK5227060,Karaitheevu 08,908,908,1816,15
LK5227065,Karaitheevu 07,908,908,1816,15
LK5227070,Karaitheevu 10,908,908,1816,15
LK5227075,Karaitheevu 09,908,908,1816,15
LK5227080,Karaitheevu 11,908,908,1816,15
LK5227085,Karaitheevu 12,908,908,1816,15
LK5230,Nintavur,15439,15438,30877,15
LK5230005,Ninthavur 24,618,618,1236,15
LK5230010,Ninthavur 11,618,617,1235,15
LK5230015,Ninthavur 12,618,617,1235,15
LK5230020,Ninthavur 01,618,617,1235,15
LK5230025,Ninthavur 02,618,617,1235,15
LK5230030,Ninthavur 13,618,617,1235,15
LK5230035,Ninthavur 14,618,617,1235,15
LK5230040,Ninthavur 15,618,617,1235,15
LK5230045,Ninthavur 03,618,617,1235,15
LK5230050,Ninthavur 04,618,617,1235,15
LK5230055,Ninthavur 16,618,617,1235,15
LK5230060,Ninthavur 17,618,617,1235,15
LK5230065,Ninthavur 18,618,617,1235,15
LK5230070,Ninthavur 05,618,617,1235,15
LK5230075,Ninthavur 06,618,617,1235,15
LK5230080,Ninthavur 19,618,617,1235,15
LK5230085,Ninthavur 25,618,617,1235,15
LK5230090,Ninthavur 20,618,617,1235,15
LK5230095,Ninthavur 07,618,617,1235,15
LK5230100,Ninthavur 08,618,617,1235,15
LK5230105,Ninthavur 21,618,617,1235,15
LK5230110,Ninthavur 22,618,617,1235,15
LK5230115,Ninthavur 09,618,617,1235,15
LK5230120,Ninthavur 10,618,617,1235,15
LK5230125,Ninthavur 23,618,617,1235,15
LK5233,Addalaichenai,15439,15438,30877,15
LK5233005,Deegawapie 01,483,482,965,15
LK5233010,Oluvil 01,482,482,964,15
LK5233015,Oluvil 04,482,482,964,15
LK5233020,Oluvil 06,482,482,964,15
LK5233025,Oluvil 05,482,482,964,15
LK5233030,Oluvil 03,482,482,964,15
LK5233035,Oluvil 02,482,482,964,15
LK5233040,Palamuna 06,482,482,964,15
LK5233045,Oluvil 07,482,482,964,15
LK5233050,Palamuna 02,482,482,964,15
LK5233055,Palamuna 01,482,482,964,15
LK5233060,Palamuna 03,482,482,964,15
LK5233065,Palamuna 04,482,482,964,15
LK5233070,Palamuna 05,482,482,964,15
LK5233075,Addalachchenai 02,482,482,964,15
LK5233080,Addalachchenai 09,482,482,964,15
LK5233085,Addalachchenai 10,482,482,964,15
LK5233090,Addalachchenai 08,482,482,964,15
LK5233095,Addalachchenai 06,482,482,964,15
LK5233100,Addalachchenai 01,482,482,964,15
LK5233105,Addalachchenai 11,482,482,964,15
LK5233110,Addalachchenai 03,482,482,964,15
LK5233115,Addalachchenai 07,482,482,964,15
LK5233120,Addalachchenai 12,482,482,964,15
LK5233125,Addalachchenai 14,482,482,964,15
LK5233130,Addalachchenai 13,482,482,964,15
LK5233135,Addalachchenai 04,482,482,964,15
LK5233140,Addalachchenai 15,482,482,964,15
LK5233145,Addalachchenai 16,482,482,964,15
LK5233150,Addalachchenai 05,482,482,964,15
LK5233155,Addalachchenai 17,482,482,964,15
LK5233160,Deegawapie 02,482,482,964,15
LK5234,Irakkamam,15439,15438,30877,15
LK5234005,Irakkamam 07,1287,1287,2574,15
LK5234010,Varipathanchenai 01,1287,1286,2573,15
LK5234015,Irakkamam 02,1287,1286,2573,15
LK5234020,Irakkamam 08,1287,1286,2573,15
LK5234025,Irakkamam 09,1287,1286,2573,15
LK5234030,Irakkamam 06,1287,1286,2573,15
LK5234035,Irakkamam 01,1287,1286,2573,15
LK5234040,Irakkamam 03,1287,1286,2573,15
LK5234045,Varipathanchenai 03,1287,1286,2573,15
LK5234050,Irakkamam 05,1287,1286,2573,15
LK5234055,Irakkamam 04,1287,1286,2573,15
LK5234060,Varipathanchenai 02,1287,1286,2573,15
LK5236,Akkaraipattu,15439,15438,30877,15
LK5236005,Alim Nagar,552,551,1103,15
LK5236010,Easankanichcheemai,551,551,1102,15
LK5236015,Pallikudiyiruppu 02,551,551,1102,15
LK5236020,Paddiyadipiddy,551,551,1102,15
LK5236025,Akkaraipattu 06,551,551,1102,15
LK5236030,Akkaraipattu 05,551,551,1102,15
LK5236035,Akkaraipattu 04,551,551,1102,15
LK5236040,Akkaraipattu 16,551,551,1102,15
LK5236045,Akkaraipattu 15,551,551,1102,15
LK5236050,Akkaraipattu 14,551,551,1102,15
LK5236055,Akkaraipattu 13,551,551,1102,15
LK5236060,Akkaraipattu 12,551,551,1102,15
LK5236065,Akkaraipattu 11,551,551,1102,15
LK5236070,Akkaraipattu 01,551,551,1102,15
LK5236075,Town Division 03,551,551,1102,15
LK5236080,Akkaraipattu 10,551,551,1102,15
LK5236085,Town Division 02,551,551,1102,15
LK5236090,Akkaraipattu 02,551,551,1102,15
LK5236095,Akkaraipattu 03,551,551,1102,15
LK5236100,Akkaraipattu 17,551,551,1102,15
LK5236105,Akkaraipattu 18,551,551,1102,15
LK5236110,Akkaraipattu 20,551,551,1102,15
LK5236115,Akkaraipattu 21,551,551,1102,15
LK5236120,Pallikudiyiruppu 01,551,551,1102,15
LK5236125,Akkaraipattu 19,551,551,1102,15
LK5236130,Town Division 01,551,551,1102,15
LK5236135,Town Division 05,551,551,1102,15
LK5236140,Town Division 04,551,551,1102,15
LK5239,Alayadivembu,15439,15438,30877,15
LK5239005,Akkaraipattu 8/1,702,702,1404,15
LK5239010,Akkaraipattu 09,702,701,1403,15
LK5239015,Akkaraipattu 8/3,702,701,1403,15
LK5239020,Akkaraipattu 8/2,702,701,1403,15
LK5239025,Akkaraipattu 7/1,702,701,1403,15
LK5239030,Akkaraipattu 7/2,702,701,1403,15
LK5239035,Vachchikudah,702,701,1403,15
LK5239040,Kannakigramam 01,702,701,1403,15
LK5239045,Aligambai,702,701,1403,15
LK5239050,Akkaraipattu 7/4,702,701,1403,15
LK5239055,Akkaraipattu 7/3,702,701,1403,15
LK5239060,Akkaraipattu 7,702,701,1403,15
LK5239065,Akkaraipattu 8,702,701,1403,15
LK5239070,Sinnamugathuwaram,702,701,1403,15
LK5239075,Kolavil 03,702,701,1403,15
LK5239080,Navatkadu,702,701,1403,15
LK5239085,Kolavil 02,702,701,1403,15
LK5239090,Kolavil 01,702,701,1403,15
LK5239095,Panankadu,702,701,1403,15
LK5239100,Sinna Panankadu,702,701,1403,15
LK5239105,Kannakigramam 02,702,701,1403,15
LK5239110,Alayadivembu,702,701,1403,15
LK5242,Damana,15439,15438,30877,15
LK5242005,Keenawatta,468,468,936,15
LK5242010,Muwangala,468,467,935,15
LK5242015,Galmaduwa,468,467,935,15
LK5242020,Uksiripura,468,467,935,15
LK5242025,Helagampura,468,467,935,15
LK5242030,Karalewa,468,467,935,15
LK5242035,Hingurana,468,467,935,15
LK5242040,Diviyagala,468,467,935,15
LK5242045,Padagoda,468,467,935,15
LK5242050,Pahalalanda,468,467,935,15
LK5242055,Hindakalugama,468,467,935,15
LK5242060,Kalugolla,468,467,935,15
LK5242065,Dewalahinda,468,467,935,15
LK5242070,Koknahara,468,467,935,15
LK5242075,Moragahapallama,468,467,935,15
LK5242080,Damana,468,467,935,15
LK5242085,Alahena,468,467,935,15
LK5242090,Madawalalanda,468,467,935,15
LK5242095,Madana,468,467,935,15
LK5242100,Eggaloya,468,467,935,15
LK5242105,Kethsirigama,468,467,935,15
LK5242110,Galkanda,468,467,935,15
LK5242115,Pallanoya,468,467,935,15
LK5242120,Kivulegama,468,467,935,15
LK5242125,Thimbirigolla,468,467,935,15
LK5242130,Ambalanoya,468,467,935,15
LK5242135,Veheragala,468,467,935,15
LK5242140,18A. Janapadaya,468,467,935,15
LK5242145,Thottama,468,467,935,15
LK5242150,Kumana,468,467,935,15
LK5242155,Wadinagala,468,467,935,15
LK5242160,Pannalgama,468,467,935,15
LK5242165,Bakmitiyawa,468,467,935,15
LK5245,Tirukkovil,15439,15438,30877,15
LK5245005,Thambiluvil 2,702,702,1404,15
LK5245010,Thambiluvil 1,702,701,1403,15
LK5245015,Thambiluvil 1 West,702,701,1403,15
LK5245020,Thambiluvil 1 East,702,701,1403,15
LK5245025,Thambiluvil 1 South,702,701,1403,15
LK5245030,Sagamam,702,701,1403,15
LK5245035,Thambiluvil 2 West,702,701,1403,15
LK5245040,Thambiluvil 2 North,702,701,1403,15
LK5245045,Thambiluvil 2 East,702,701,1403,15
LK5245050,Thirukkovil 3,702,701,1403,15
LK5245055,Thirukkovil 1,702,701,1403,15
LK5245060,Thirukkovil 2,702,701,1403,15
LK5245065,Vinayahapuram 4,702,701,1403,15
LK5245070,Vinayahapuram 1,702,701,1403,15
LK5245075,Vinayahapuram 2,702,701,1403,15
LK5245080,Thirukkovil 4,702,701,1403,15
LK5245085,Kanchirankudah,702,701,1403,15
LK5245090,Kanchikudicharu,702,701,1403,15
LK5245095,Vinayahapuram 3,702,701,1403,15
LK5245100,Sangamangramam,702,701,1403,15
LK5245105,Thandiyadi,702,701,1403,15
LK5245110,Thangavelauthapuram,702,701,1403,15
LK5248,Pottuvil,15439,15438,30877,15
LK5248005,Sangamankanda,572,572,1144,15
LK5248010,Sinna Ullai,572,571,1143,15
LK5248015,Sinna Puthukkudiyiruppu,572,571,1143,15
LK5248020,Victor Estate 2,572,571,1143,15
LK5248025,Vaddively,572,571,1143,15
LK5248030,Victor Estate 1,572,571,1143,15
LK5248035,Rasak Moulana Nagar,572,571,1143,15
LK5248040,Sarvodayapuram,572,571,1143,15
LK5248045,Pothuvil 02 / Unit 3,572,571,1143,15
LK5248050,Kundumadu,572,571,1143,15
LK5248055,Pothuvil 01/Unit II,572,571,1143,15
LK5248060,Pakkiyawatta 2,572,571,1143,15
LK5248065,Pasarichchenai,572,571,1143,15
LK5248070,Pothuvil Town,572,571,1143,15
LK5248075,Pakkiyawatta 1,572,571,1143,15
LK5248080,Komarie 02,572,571,1143,15
LK5248085,Komarie 01,572,571,1143,15
LK5248090,Kalappukaddu,572,571,1143,15
LK5248095,Jalaldeen Square,572,571,1143,15
LK5248100,Hidayapuram 2,572,571,1143,15
LK5248105,Hidayapuram 1,572,571,1143,15
LK5248110,Kanagarkiramam,572,571,1143,15
LK5248115,Hijra Nagar,572,571,1143,15
LK5248120,Pothuvil 01/Unit I,572,571,1143,15
LK5248125,Pothuvil 01/Unit III,572,571,1143,15
LK5248130,Inspector Etham,572,571,1143,15
LK5248135,Pothuvil 02 / Unit 2,572,571,1143,15
LK5251,Lahugala,15439,15438,30877,15
LK5251005,Kandahindagama,1287,1287,2574,15
LK5251010,Hulannuge West,1287,1286,2573,15
LK5251015,Hulannuge,1287,1286,2573,15
LK5251020,Perani Lahugala,1287,1286,2573,15
LK5251025,Lahugala,1287,1286,2573,15
LK5251030,Dewalagoda,1287,1286,2573,15
LK5251035,Pansalgoda,1287,1286,2573,15
LK5251040,Panama West,1287,1286,2573,15
LK5251045,Shasthrawela,1287,1286,2573,15
LK5251050,Panama Central,1287,1286,2573,15
LK5251055,Panama North,1287,1286,2573,15
LK5251060,Panama South,1287,1286,2573,15
LK53,Trincomalee,293333,293333,586666,15
LK5303,Padavi Sri Pura,26667,26667,53334,15
LK5303005,Seva Janapadaya,2667,2667,5334,15
LK5303010,Gemunupura,2667,2666,5333,15
LK5303015,Kavanthissapura,2667,2666,5333,15
LK5303020,Lassanagama,2667,2666,5333,15
LK5303025,Singhapura,2667,2666,5333,15
LK5303030,Parana Medawachchiya,2667,2666,5333,15
LK5303035,Samanpura,2667,2666,5333,15
LK5303040,Sri Thissapura,2667,2666,5333,15
LK5303045,Sripura,2667,2666,5333,15
LK5303050,Jayanthiwewa,2667,2666,5333,15
LK5306,Kuchchaweli,26667,26666,53333,15
LK5306005,Thennamaranvadiya,1112,1111,2223,15
LK5306010,Pulmoddai Division No. 3,1111,1111,2222,15
LK5306015,Pulmoddai Division No. 2,1111,1111,2222,15
LK5306020,Pulmoddai Division No. 1,1111,1111,2222,15
LK5306025,Pulmoddai Division No. 4,1111,1111,2222,15
LK5306030,Thiriyaya,1111,1111,2222,15
LK5306035,Senthoor,1111,1111,2222,15
LK5306040,Kaddukulam,1111,1111,2222,15
LK5306045,Kallampattu,1111,1111,2222,15
LK5306050,Kuchchaveli,1111,1111,2222,15
LK5306055,Iranaikerni,1111,1111,2222,15
LK5306060,Veerancholai,1111,1111,2222,15
LK5306065,Jayanagar,1111,1111,2222,15
LK5306070,Cassimnagar,1111,1111,2222,15
LK5306075,Kumburupiddy South,1111,1111,2222,15
LK5306080,Kumburupiddy North,1111,1111,2222,15
LK5306085,Kumburupiddy East,1111,1111,2222,15
LK5306090,Nilaveli,1111,1111,2222,15
LK5306095,Irakkandy,1111,1111,2222,15
LK5306100,Gopalapuram,1111,1111,2222,15
LK5306105,Veloor,1111,1111,2222,15
LK5306110,Iqbalnagar,1111,1111,2222,15
LK5306115,Periyakulam,1111,1111,2222,15
LK5306120,Vallaiyoothu,1111,1111,2222,15
LK5309,Gomarankadawala,26667,26666,53333,15
LK5309005,Gomarankadawala,2667,2667,5334,15
LK5309010,Kalyanapura,2667,2666,5333,15
LK5309015,Galkadawala,2667,2666,5333,15
LK5309020,Pamburugaswewa,2667,2666,5333,15
LK5309025,Kandamalawa,2667,2666,5333,15
LK5309030,Medawachchiya,2667,2666,5333,15
LK5309035,Kivulakadawala,2667,2666,5333,15
LK5309040,Pulikandikulama,2667,2666,5333,15
LK5309045,Mailawewa,2667,2666,5333,15
LK5309050,Bakmeegama,2667,2666,5333,15
LK5312,Morawewa,26667,26666,53333,15
LK5312005,Peniketiyawa,2667,2667,5334,15
LK5312010,Mahadivulwewa,2667,2666,5333,15
LK5312015,Mahadiulwewa Stage 2,2667,2666,5333,15
LK5312020,Nochchikulama,2667,2666,5333,15
LK5312025,Morawewa South,2667,2666,5333,15
LK5312030,Morawewa North,2667,2666,5333,15
LK5312035,Awvainagar,2667,2666,5333,15
LK5312040,Namalwatta,2667,2666,5333,15
LK5312045,Kithuluthuwa,2667,2666,5333,15
LK5312050,Morawewa Pankulama,2667,2666,5333,15
LK5315,Town & Gravets,26667,26666,53333,15
LK5315005,Wilgama,635,635,1270,15
LK5315010,Welveri,635,634,1269,15
LK5315015,Kanniya,635,634,1269,15
LK5315020,Eluppaikulam,635,634,1269,15
LK5315025,Sampalthivu,635,634,1269,15
LK5315030,Salli,635,634,1269,15
LK5315035,Uppuveli,635,634,1269,15
LK5315040,Puliyankulam,635,634,1269,15
LK5315045,Varodayanagar,635,634,1269,15
LK5315050,Peeliyady,635,634,1269,15
LK5315055,Mankaiyoottu,635,634,1269,15
LK5315060,Andankulam,635,634,1269,15
LK5315065,Singhapura,635,634,1269,15
LK5315070,Kovilady,635,634,1269,15
LK5315075,Palaiyoottu,635,634,1269,15
LK5315080,Abayapura,635,634,1269,15
LK5315085,Anpuvalipuram,635,634,1269,15
LK5315090,Mihindupura,635,634,1269,15
LK5315095,Selvanayahapuram,635,634,1269,15
LK5315100,Jinnanagar,635,634,1269,15
LK5315105,Murugapuri,635,634,1269,15
LK5315110,Thirukkadaloor,635,634,1269,15
LK5315115,Pattanatheru,635,634,1269,15
LK5315120,Peruntheru,635,634,1269,15
LK5315125,Sivapuri,635,634,1269,15
LK5315130,Linganagar,635,634,1269,15
LK5315135,Mudcove,635,634,1269,15
LK5315140,Poompuhar,635,634,1269,15
LK5315145,Sumedhankarapura,635,634,1269,15
LK5315150,Muththunagar,635,634,1269,15
LK5315155,Kappalthurai,635,634,1269,15
LK5315160,Kawattikuda,635,634,1269,15
LK5315165,Nachchikuda,635,634,1269,15
LK5315170,Wellaimanal,635,634,1269,15
LK5315175,Chinabay,635,634,1269,15
LK5315180,Orr's Hill,635,634,1269,15
LK5315185,Thillainagar,635,634,1269,15
LK5315190,Arasadi,635,634,1269,15
LK5315195,Manayaveli,635,634,1269,15
LK5315200,Sonagavadi,635,634,1269,15
LK5315205,Arunagirinagar,635,634,1269,15
LK5315210,Villundy,635,634,1269,15
LK5318,Thambalagamuwa,26667,26666,53333,15
LK5318005,Galmetiyawa North,2223,2222,4445,15
LK5318010,Palampoddaru,2222,2222,4444,15
LK5318015,Puthukudiyirippu,2222,2222,4444,15
LK5318020,Pokkuruni,2222,2222,4444,15
LK5318025,Meeranagar,2222,2222,4444,15
LK5318030,Sirajnagar,2222,2222,4444,15
LK5318035,Kovil Kudiyiruppu,2222,2222,4444,15
LK5318040,Thampalagauwa,2222,2222,4444,15
LK5318045,Mollipothana North,2222,2222,4444,15
LK5318050,Galmetiyawa South,2222,2222,4444,15
LK5318055,Mollipothana,2222,2222,4444,15
LK5318060,Mollipothana East,2222,2222,4444,15
LK5321,Kantale,26667,26666,53333,15
LK5321005,Vendrasanpura Unit 16,1160,1159,2319,15
LK5321010,Ganthalawa Unit 12,1159,1159,2318,15
LK5321015,Ganthalawa Unit 11,1159,1159,2318,15
LK5321020,Wanela East,1159,1159,2318,15
LK5321025,Wanela West,1159,1159,2318,15
LK5321030,Pansalgodella,1159,1159,2318,15
LK5321035,Sooriyapura,1159,1159,2318,15
LK5321040,Jayanthipura,1159,1159,2318,15
LK5321045,Rajaela Unit 04,1159,1159,2318,15
LK5321050,Rajaela Unit 05,1159,1159,2318,15
LK5321055,Vendrasanpura Unit 15,1159,1159,2318,15
LK5321060,Vendrasanpura Unit 14,1159,1159,2318,15
LK5321065,Bhathiyagama,1159,1159,2318,15
LK5321070,Rajaela Unit 03,1159,1159,2318,15
LK5321075,Peraru Unit 02,1159,1159,2318,15
LK5321080,Peraru East,1159,1159,2318,15
LK5321085,Peraru West,1159,1159,2318,15
LK5321090,Kantale Town South,1159,1159,2318,15
LK5321095,Kantale Town,1159,1159,2318,15
LK5321100,Agbopura,1159,1159,2318,15
LK5321105,Batukachchiya,1159,1159,2318,15
LK5321110,Rajawewa,1159,1159,2318,15
LK5321115,Seenipura,1159,1159,2318,15
LK5324,Kinniya,26667,26666,53333,15
LK5324005,Munaichenai,861,860,1721,15
LK5324010,Maniarasankulam,860,860,1720,15
LK5324015,Mancholai,860,860,1720,15
LK5324020,Malinthurai,860,860,1720,15
LK5324025,Majeed Nagar,860,860,1720,15
LK5324030,Maharoof Gramam,860,860,1720,15
LK5324035,Maharuf Nagar,860,860,1720,15
LK5324040,Ayiliyady,860,860,1720,15
LK5324045,Annalnagar,860,860,1720,15
LK5324050,Alankerny,860,860,1720,15
LK5324055,Ehutharnagar,860,860,1720,15
LK5324060,Echchanthivu,860,860,1720,15
LK5324065,Kuddikarachchi,860,860,1720,15
LK5324070,Kurinchakerny,860,860,1720,15
LK5324075,Mancholaichenai,860,860,1720,15
LK5324080,Naduuttu,860,860,1720,15
LK5324085,Naduthivu,860,860,1720,15
LK5324090,Periya Kinniya,860,860,1720,15
LK5324095,Periyathumunai,860,860,1720,15
LK5324100,Poovarasanthivu,860,860,1720,15
LK5324105,Kinniya,860,860,1720,15
LK5324110,Idiman,860,860,1720,15
LK5324115,Faizalnagar,860,860,1720,15
LK5324120,Kachchakodithivu,860,860,1720,15
LK5324125,Kattaiaru,860,860,1720,15
LK5324130,Kakkamunai,860,860,1720,15
LK5324135,Rahumaniyanagar,860,860,1720,15
LK5324140,Samavachchathivu,860,860,1720,15
LK5324145,Sinna Kinniya,860,860,1720,15
LK5324150,Soorangal,860,860,1720,15
LK5324155,Upparu,860,860,1720,15
LK5327,Muthur,26667,26666,53333,15
LK5327005,Sampoor West,635,635,1270,15
LK5327010,Koonitivu,635,634,1269,15
LK5327015,Navarathnapuram,635,634,1269,15
LK5327020,Sampoor East,635,634,1269,15
LK5327025,Kadarkaraichenai,635,634,1269,15
LK5327030,Kaddaiparichchan North,635,634,1269,15
LK5327035,Thaqwanagar,635,634,1269,15
LK5327040,Muthur East,635,634,1269,15
LK5327045,Naduthivu,635,634,1269,15
LK5327050,Thahanagar,635,634,1269,15
LK5327055,Muthur Central,635,634,1269,15
LK5327060,Muthur West,635,634,1269,15
LK5327065,Ralkully,635,634,1269,15
LK5327070,Shafinagar,635,634,1269,15
LK5327075,Periyapalam,635,634,1269,15
LK5327080,Jayanagar,635,634,1269,15
LK5327085,Alimnagar,635,634,1269,15
LK5327090,Anaichenai,635,634,1269,15
LK5327095,Neithalnagar,635,634,1269,15
LK5327100,Palanagar,635,634,1269,15
LK5327105,Kaddaiparichchan South,635,634,1269,15
LK5327110,Pallikudiyiruppu,635,634,1269,15
LK5327115,Chenaiyoor,635,634,1269,15
LK5327120,Paddalipuram,635,634,1269,15
LK5327125,Nalloor,635,634,1269,15
LK5327130,Iqbal Nagar,635,634,1269,15
LK5327135,Allainagar East,635,634,1269,15
LK5327140,Allainagar West,635,634,1269,15
LK5327145,Thoppur,635,634,1269,15
LK5327150,Palathoppur,635,634,1269,15
LK5327155,Jinna Nagar,635,634,1269,15
LK5327160,Iruthayapuram,635,634,1269,15
LK5327165,Peruveli,635,634,1269,15
LK5327170,Malligaithivu,635,634,1269,15
LK5327175,Paddithidal,635,634,1269,15
LK5327180,Palathadichenai,635,634,1269,15
LK5327185,Jinna Nagar,635,634,1269,15
LK5327190,Azathnagar,635,634,1269,15
LK5327195,Bharathipuram,635,634,1269,15
LK5327200,Kiliveddi,635,634,1269,15
LK5327205,Mengamam,635,634,1269,15
LK5327210,Kanguvely,635,634,1269,15
LK5330,Seruvila,26667,26666,53333,15
LK5330005,Neelapola,1667,1667,3334,15
LK5330010,Samagipura,1667,1666,3333,15
LK5330015,Sivapuram,1667,1666,3333,15
LK5330020,Dehiwatta,1667,1666,3333,15
LK5330025,Thanganagar,1667,1666,3333,15
LK5330030,Kavanthissapura,1667,1666,3333,15
LK5330035,Seruvila,1667,1666,3333,15
LK5330040,Navatkernikadu,1667,1666,3333,15
LK5330045,Sumedhankarapura,1667,1666,3333,15
LK5330050,Mahindapura,1667,1666,3333,15
LK5330055,Serunuwara,1667,1666,3333,15
LK5330060,Mahaweligama,1667,1666,3333,15
LK5330065,Lingapuram,1667,1666,3333,15
LK5330070,Ariyamankerni,1667,1666,3333,15
LK5330075,Sirimangalapura,1667,1666,3333,15
LK5330080,Somapura,1667,1666,3333,15
LK5333,Verugal,26667,26666,53333,15
LK5333005,Ilangaithurai,2667,2667,5334,15
LK5333010,Ilangaithurai Mugathuvaram,2667,2666,5333,15
LK5333015,Karukkamunai,2667,2666,5333,15
LK5333020,Poonagar,2667,2666,5333,15
LK5333025,Poomarathadichenai,2667,2666,5333,15
LK5333030,Echchalampattu,2667,2666,5333,15
LK5333035,Verugal,2667,2666,5333,15
LK5333040,Anaithivu,2667,2666,5333,15
LK5333045,Verugal Mugathuvaram,2667,2666,5333,15
LK5333050,Uppooral,2667,2666,5333,15
LK6,North Western,1320000,1320000,2640000,15
LK61,Kurunegala,660000,660000,1320000,15
LK6103,Giribawa,22000,22000,44000,15
LK6103005,Jayanthipura,629,629,1258,15
LK6103010,Bambare,629,628,1257,15
LK6103015,Sandagala Palatha,629,628,1257,15
LK6103020,Perakumpura,629,628,1257,15
LK6103025,Solepura,629,628,1257,15
LK6103030,Halmillagala,629,628,1257,15
LK6103035,Thimbiripokuna,629,628,1257,15
LK6103040,Serasumgala,629,628,1257,15
LK6103045,Kokmaduwa,629,628,1257,15
LK6103050,Orugala,629,628,1257,15
LK6103055,Mahasenpura,629,628,1257,15
LK6103060,Weerapokuna,629,628,1257,15
LK6103065,Hasthirajapura,629,628,1257,15
LK6103070,Thammitagama,629,628,1257,15
LK6103075,Damsopura,629,628,1257,15
LK6103080,Solewewa,629,628,1257,15
LK6103085,Pathane Wewa,629,628,1257,15
LK6103090,Abhayapura,629,628,1257,15
LK6103095,Sangabopura,629,628,1257,15
LK6103100,Gurulupitigama,629,628,1257,15
LK6103105,Warawewa,629,628,1257,15
LK6103110,Pothana,629,628,1257,15
LK6103115,Pahala Giribawa,629,628,1257,15
LK6103120,Ihala Giribawa,629,628,1257,15
LK6103125,Weragala,629,628,1257,15
LK6103130,Ihala Maradankadawala,629,628,1257,15
LK6103135,Hettiarachchigama,629,628,1257,15
LK6103140,Gampola,629,628,1257,15
LK6103145,Aliyawetunuwewa,629,628,1257,15
LK6103150,Thambutta,629,628,1257,15
LK6103155,Thammennawa,629,628,1257,15
LK6103160,Mailewa,629,628,1257,15
LK6103165,Madige,629,628,1257,15
LK6103170,Wannikudawewa,629,628,1257,15
LK6103175,Sangappalaya,629,628,1257,15
LK6106,Galgamuwa,22000,22000,44000,15
LK6106005,Medagama West,355,355,710,15
LK6106010,Walagambapura,355,354,709,15
LK6106015,Gemunupura,355,354,709,15
LK6106020,Ethiniwetunugala,355,354,709,15
LK6106025,Thissapura,355,354,709,15
LK6106030,Medagama East,355,354,709,15
LK6106035,Senarathgama,355,354,709,15
LK6106040,Kumbukwewa,355,354,709,15
LK6106045,Mahagalkadawala,355,354,709,15
LK6106050,Usgala Siyambalangamuwa,355,354,709,15
LK6106055,Kepela,355,354,709,15
LK6106060,Bandaragama,355,354,709,15
LK6106065,Ganangamuwa,355,354,709,15
LK6106070,Padavigama,355,354,709,15
LK6106075,Meegalewa,355,354,709,15
LK6106080,Lassanagama,355,354,709,15
LK6106085,Track 4 Usgala,355,354,709,15
LK6106090,Jayalanda,355,354,709,15
LK6106095,Padipanchawa,355,354,709,15
LK6106100,Buduruwakanda,355,354,709,15
LK6106105,Kallanchiya,355,354,709,15
LK6106110,Molewa,355,354,709,15
LK6106115,Nochchiya,355,354,709,15
LK6106120,Kohombankulama,355,354,709,15
LK6106125,Ihala Nanneriya,355,354,709,15
LK6106130,Ihalagama,355,354,709,15
LK6106135,Ihala Palukandewa,355,354,709,15
LK6106140,Pahala Palukandewa,355,354,709,15
LK6106145,Monnankulama,355,354,709,15
LK6106150,Divullewa,355,354,709,15
LK6106155,Kurundankulama,355,354,709,15
LK6106160,Kelegama,355,354,709,15
LK6106165,Siyambalewa,355,354,709,15
LK6106170,Walaswewa,355,354,709,15
LK6106175,Porottukadawala,355,354,709,15
LK6106180,Bulnewa,355,354,709,15
LK6106185,Ulpathagama,355,354,709,15
LK6106190,Kokwewa,355,354,709,15
LK6106195,Mahagalgamuwa,355,354,709,15
LK6106200,Galgamuwa Town,355,354,709,15
LK6106205,Aluthherathgama,355,354,709,15
LK6106210,Mottapettewa,355,354,709,15
LK6106215,Karuwalagaswewa,355,354,709,15
LK6106220,Jayabima,355,354,709,15
LK6106225,Palugolla,355,354,709,15
LK6106230,Mahananneriya North,355,354,709,15
LK6106235,Mahananneriya South,355,354,709,15
LK6106240,Wewaranawetiya,355,354,709,15
LK6106245,Nallachchiya,355,354,709,15
LK6106250,Madawachchiya,355,354,709,15
LK6106255,Peddegama,355,354,709,15
LK6106260,Katuwewa,355,354,709,15
LK6106265,Thorawa,355,354,709,15
LK6106270,Nahettikulama,355,354,709,15
LK6106275,Wadugama,355,354,709,15
LK6106280,Konwewa,355,354,709,15
LK6106285,Kattakaduwa,355,354,709,15
LK6106290,Ganedivulwewa,355,354,709,15
LK6106295,Wegedara,355,354,709,15
LK6106300,Madadombe,355,354,709,15
LK6106305,Kurundewa,355,354,709,15
LK6106310,Palukadawala,355,354,709,15
LK6109,Ehetuwewa,22000,22000,44000,15
LK6109005,Medinnoruwa,629,629,1258,15
LK6109010,Mahawelithenna,629,628,1257,15
LK6109015,Andarawewa,629,628,1257,15
LK6109020,Bongama,629,628,1257,15
LK6109025,Katugampalagama,629,628,1257,15
LK6109030,Mahakathnoruwa,629,628,1257,15
LK6109035,Weliyawa,629,628,1257,15
LK6109040,Makulewa,629,628,1257,15
LK6109045,Vikadenigama,629,628,1257,15
LK6109050,Kathnoruwa,629,628,1257,15
LK6109055,Wedinigama,629,628,1257,15
LK6109060,Pothanegama,629,628,1257,15
LK6109065,Mudiyannegama,629,628,1257,15
LK6109070,Divulgane,629,628,1257,15
LK6109075,Ihala Digana,629,628,1257,15
LK6109080,Nithalawa,629,628,1257,15
LK6109085,Galapitadigana,629,628,1257,15
LK6109090,Ethinimale,629,628,1257,15
LK6109095,Rathnadivulwewa,629,628,1257,15
LK6109100,Nithogama,629,628,1257,15
LK6109105,Hiddewa,629,628,1257,15
LK6109110,Kaduruwewa,629,628,1257,15
LK6109115,Ihala Embogama,629,628,1257,15
LK6109120,Maha Embogama,629,628,1257,15
LK6109125,Ehetuwewa,629,628,1257,15
LK6109130,Nakolagane,629,628,1257,15
LK6109135,Veheragodayaya,629,628,1257,15
LK6109140,Yaddessawa,629,628,1257,15
LK6109145,Atharagalla,629,628,1257,15
LK6109150,Gurugoda,629,628,1257,15
LK6109155,Eriyawa,629,628,1257,15
LK6109160,Hunugallewa,629,628,1257,15
LK6109165,Thimbiriyawa,629,628,1257,15
LK6109170,Walathwewa,629,628,1257,15
LK6109175,Nabadewa,629,628,1257,15
LK6112,Ambanpola,22000,22000,44000,15
LK6112005,Kasikote West,786,786,1572,15
LK6112010,Kasikote East,786,785,1571,15
LK6112015,Belungala,786,785,1571,15
LK6112020,Abakolawewa North,786,785,1571,15
LK6112025,Amunugama,786,785,1571,15
LK6112030,Ambanpola North,786,785,1571,15
LK6112035,Nelumpathwewa,786,785,1571,15
LK6112040,Maha Divulwewa,786,785,1571,15
LK6112045,Ranoruwa,786,785,1571,15
LK6112050,Uda Divulwewa,786,785,1571,15
LK6112055,Ellabadagama,786,785,1571,15
LK6112060,Ambanpola South,786,785,1571,15
LK6112065,Kirimetiyawa,786,785,1571,15
LK6112070,Abakolawewa South,786,785,1571,15
LK6112075,Serugoda,786,785,1571,15
LK6112080,Mediyawa,786,785,1571,15
LK6112085,Dethawa,786,785,1571,15
LK6112090,Udangawa,786,785,1571,15
LK6112095,Waragammana,786,785,1571,15
LK6112100,Borawewa,786,785,1571,15
LK6112105,Bakmeewewa,786,785,1571,15
LK6112110,Walaliya,786,785,1571,15
LK6112115,Palapathwala,786,785,1571,15
LK6112120,Kettapahuwa,786,785,1571,15
LK6112125,Rolawa,786,785,1571,15
LK6112130,Udhagama,786,785,1571,15
LK6112135,Nekathi Kumbukwewa,786,785,1571,15
LK6112140,Wanduressa,786,785,1571,15
LK6115,Kotawehera,22000,22000,44000,15
LK6115005,Palugolla Track 10 A,710,710,1420,15
LK6115010,Palugolla Track 10 B,710,709,1419,15
LK6115015,Paalu Uswewa,710,709,1419,15
LK6115020,Kumbukwewa,710,709,1419,15
LK6115025,Digannewa,710,709,1419,15
LK6115030,Kelegama,710,709,1419,15
LK6115035,Digannewatta,710,709,1419,15
LK6115040,Mahamithawa,710,709,1419,15
LK6115045,Aluthgama,710,709,1419,15
LK6115050,Divullepitiya,710,709,1419,15
LK6115055,Meewellewa,710,709,1419,15
LK6115060,Galkadawala,710,709,1419,15
LK6115065,Elagammillawa,710,709,1419,15
LK6115070,Yakadapatha,710,709,1419,15
LK6115075,Kudarawaliya,710,709,1419,15
LK6115080,Moragolla,710,709,1419,15
LK6115085,Kuda Mithawa,710,709,1419,15
LK6115090,Dehennegama,710,709,1419,15
LK6115095,Ihala Weeradadana,710,709,1419,15
LK6115100,Monnekulama,710,709,1419,15
LK6115105,Kotavehera,710,709,1419,15
LK6115110,Maha Kirinda A,710,709,1419,15
LK6115115,Maha Kirinda B,710,709,1419,15
LK6115120,Girilla,710,709,1419,15
LK6115125,Hidogama,710,709,1419,15
LK6115130,Sirisethagama,710,709,1419,15
LK6115135,Nawana,710,709,1419,15
LK6115140,Nagala,710,709,1419,15
LK6115145,Ithewa,710,709,1419,15
LK6115150,Dodamgollegama,710,709,1419,15
LK6115155,Hulawa,710,709,1419,15
LK6118,Rasnayakapura,22000,22000,44000,15
LK6118005,Koralayagama,786,786,1572,15
LK6118010,Malpanawa,786,785,1571,15
LK6118015,Abokkagama,786,785,1571,15
LK6118020,Kanuketiya,786,785,1571,15
LK6118025,Ambale,786,785,1571,15
LK6118030,Udunowa,786,785,1571,15
LK6118035,Galpanawa,786,785,1571,15
LK6118040,Halambe,786,785,1571,15
LK6118045,Ottukulama,786,785,1571,15
LK6118050,Leekolapitiya,786,785,1571,15
LK6118055,Agara Uda,786,785,1571,15
LK6118060,Udahenegama,786,785,1571,15
LK6118065,Rambewa,786,785,1571,15
LK6118070,Thalakolawewa,786,785,1571,15
LK6118075,Kanagullewa,786,785,1571,15
LK6118080,Rasnayakapura,786,785,1571,15
LK6118085,Kallanchiya,786,785,1571,15
LK6118090,Kuruvikulama,786,785,1571,15
LK6118095,Nammuwawa,786,785,1571,15
LK6118100,Niraliyadda,786,785,1571,15
LK6118105,Ambagammana,786,785,1571,15
LK6118110,Unagolla,786,785,1571,15
LK6118115,Kongaswalayagama,786,785,1571,15
LK6118120,Divullewa,786,785,1571,15
LK6118125,Kadigawa Track 1,786,785,1571,15
LK6118130,Kadigawa Track 3,786,785,1571,15
LK6118135,Subhasinghapura,786,785,1571,15
LK6118140,Magurankadawala,786,785,1571,15
LK6121,Nikaweratiya,22000,22000,44000,15
LK6121005,Thumbulla,524,524,1048,15
LK6121010,Wanduressa,524,523,1047,15
LK6121015,Olupeliyawa,524,523,1047,15
LK6121020,Kandegedara,524,523,1047,15
LK6121025,Hulugalla,524,523,1047,15
LK6121030,Mawathagama,524,523,1047,15
LK6121035,Pinnapolegama,524,523,1047,15
LK6121040,Hulogedara,524,523,1047,15
LK6121045,Bogollagama,524,523,1047,15
LK6121050,Dalukgolla,524,523,1047,15
LK6121055,Ihakolagama,524,523,1047,15
LK6121060,Karakole,524,523,1047,15
LK6121065,Hewenpelessa,524,523,1047,15
LK6121070,Kivulegama,524,523,1047,15
LK6121075,Nabadewa,524,523,1047,15
LK6121080,Diyagama,524,523,1047,15
LK6121085,Hathigammana,524,523,1047,15
LK6121090,Kaluwennewa,524,523,1047,15
LK6121095,Heelogama,524,523,1047,15
LK6121100,Kebellewa,524,523,1047,15
LK6121105,Budumuttawa,524,523,1047,15
LK6121110,Galapitiyagama,524,523,1047,15
LK6121115,Nikaweratiya North,524,523,1047,15
LK6121120,Thimbiriyawa,524,523,1047,15
LK6121125,Galagedara,524,523,1047,15
LK6121130,Randenigama,524,523,1047,15
LK6121135,Divullegoda,524,523,1047,15
LK6121140,Siyambalewa,524,523,1047,15
LK6121145,Wasiwewa,524,523,1047,15
LK6121150,Kirindigalla,524,523,1047,15
LK6121155,Othota Divullewa,524,523,1047,15
LK6121160,Halmillewa,524,523,1047,15
LK6121165,Katagamuwa,524,523,1047,15
LK6121170,Kumbukwewa,524,523,1047,15
LK6121175,Elawaka,524,523,1047,15
LK6121180,Magallegama,524,523,1047,15
LK6121185,Millagoda,524,523,1047,15
LK6121190,Nikaweratiya South,524,523,1047,15
LK6121195,Viharagama,524,523,1047,15
LK6121200,Danduwawa,524,523,1047,15
LK6121205,Pahala Galapitiyagama,524,523,1047,15
LK6121210,Tharanagolla,524,523,1047,15
LK6124,Maho,22000,22000,44000,15
LK6124005,Kohombakadawala,324,324,648,15
LK6124010,Ihalagama,324,323,647,15
LK6124015,Pahalagama,324,323,647,15
LK6124020,Moragaswewa,324,323,647,15
LK6124025,Konwewa,324,323,647,15
LK6124030,Yaddigama,324,323,647,15
LK6124035,Bamunugama,324,323,647,15
LK6124040,Kirimetiyawa,324,323,647,15
LK6124045,Bakmeegahawatta,324,323,647,15
LK6124050,Karuwalagahawatta,324,323,647,15
LK6124055,Makaduwawa,324,323,647,15
LK6124060,Thumbullegama,324,323,647,15
LK6124065,Hithokadawala,324,323,647,15
LK6124070,Thambare,324,323,647,15
LK6124075,Liyanagama,324,323,647,15
LK6124080,Uduweriya,324,323,647,15
LK6124085,Maningamuwa,324,323,647,15
LK6124090,Ipalogama,324,323,647,15
LK6124095,Thammitagama,324,323,647,15
LK6124100,Daladagama,324,323,647,15
LK6124105,Ullalapola,324,323,647,15
LK6124110,Atawarala,324,323,647,15
LK6124115,Digana,324,323,647,15
LK6124120,Moonamalegama,324,323,647,15
LK6124125,Madurugama,324,323,647,15
LK6124130,Mahawa West,324,323,647,15
LK6124135,Mahawa East,324,323,647,15
LK6124140,Nettipalagama,324,323,647,15
LK6124145,Divullewa,324,323,647,15
LK6124150,Pailigama,324,323,647,15
LK6124155,Kattambuwawa,324,323,647,15
LK6124160,Deheneggama,324,323,647,15
LK6124165,Karambe,324,323,647,15
LK6124170,Kandubadagama,324,323,647,15
LK6124175,Embogama,324,323,647,15
LK6124180,Thalambuwa,324,323,647,15
LK6124185,Kumbukwewa,324,323,647,15
LK6124190,Kekunawa,324,323,647,15
LK6124195,Rekogama,324,323,647,15
LK6124200,Imbulgodayagama,324,323,647,15
LK6124205,Vilawa,324,323,647,15
LK6124210,Kumbukwewa,324,323,647,15
LK6124215,Konwewa,324,323,647,15
LK6124220,Heenuggala,324,323,647,15
LK6124225,Kumbukwewa,324,323,647,15
LK6124230,Balalla,324,323,647,15
LK6124235,Pahala Balalla,324,323,647,15
LK6124240,Thisnampalagama,324,323,647,15
LK6124245,Heenukwewa,324,323,647,15
LK6124250,Gallewa,324,323,647,15
LK6124255,Galewewa,324,323,647,15
LK6124260,Kadambawa,324,323,647,15
LK6124265,Metiyakgama,324,323,647,15
LK6124270,Medagama,324,323,647,15
LK6124275,Gala Ambagaswewa,324,323,647,15
LK6124280,Rathmale,324,323,647,15
LK6124285,Dampitigama,324,323,647,15
LK6124290,Nagollagama,324,323,647,15
LK6124295,Thalagalla,324,323,647,15
LK6124300,Panwewa,324,323,647,15
LK6124305,Balagollagama,324,323,647,15
LK6124310,Ambagaswewa,324,323,647,15
LK6124315,Gajaneggama,324,323,647,15
LK6124320,Pothuwewa,324,323,647,15
LK6124325,Katuwannawa,324,323,647,15
LK6124330,Walpaluwa,324,323,647,15
LK6124335,Palugaswewa,324,323,647,15
LK6124340,Mirihanpitigama,324,323,647,15
LK6127,Polpitigama,22000,22000,44000,15
LK6127005,Kumbukkadawala,269,268,537,15
LK6127010,Thaladapitiya,268,268,536,15
LK6127015,Thalawa,268,268,536,15
LK6127020,Siyambalangamuwa,268,268,536,15
LK6127025,Bulnewa,268,268,536,15
LK6127030,Kambuwatawana,268,268,536,15
LK6127035,Galgiriyawa,268,268,536,15
LK6127040,Pohorawatta,268,268,536,15
LK6127045,Moragollagama,268,268,536,15
LK6127050,Galahitiyagama,268,268,536,15
LK6127055,Nikawewa,268,268,536,15
LK6127060,Ihala Thimbiriyawa,268,268,536,15
LK6127065,Mamunugama,268,268,536,15
LK6127070,Pathirennegama,268,268,536,15
LK6127075,Saliyagama,268,268,536,15
LK6127080,Serugasyaya,268,268,536,15
LK6127085,Herathgama,268,268,536,15
LK6127090,Dambe,268,268,536,15
LK6127095,Kiribamunegama,268,268,536,15
LK6127100,Madagalla,268,268,536,15
LK6127105,Galagedaragama,268,268,536,15
LK6127110,Hathigamuwa,268,268,536,15
LK6127115,Amunakole,268,268,536,15
LK6127120,Kumbukulawa,268,268,536,15
LK6127125,Pallekele,268,268,536,15
LK6127130,Pothuvila,268,268,536,15
LK6127135,Rekevula,268,268,536,15
LK6127140,Bogolla,268,268,536,15
LK6127145,Polpithigama,268,268,536,15
LK6127150,Mal Asna,268,268,536,15
LK6127155,Meegaswewa,268,268,536,15
LK6127160,Niyandawanaya,268,268,536,15
LK6127165,Hathpokuna,268,268,536,15
LK6127170,Thalpathwewa,268,268,536,15
LK6127175,Koruwawa,268,268,536,15
LK6127180,Galtenwewa,268,268,536,15
LK6127185,Balagolla,268,268,536,15
LK6127190,Siyambalawewa,268,268,536,15
LK6127195,Thalakolawewa,268,268,536,15
LK6127200,Elagamuwa,268,268,536,15
LK6127205,Halmillawewa,268,268,536,15
LK6127210,Imihaminegama,268,268,536,15
LK6127215,Angulgamuwa,268,268,536,15
LK6127220,Nikawehera,268,268,536,15
LK6127225,Kosgaha Ela,268,268,536,15
LK6127230,Hakwatunawa,268,268,536,15
LK6127235,Rawa Ela,268,268,536,15
LK6127240,Dagama,268,268,536,15
LK6127245,Indigolla,268,268,536,15
LK6127250,Dembatagala,268,268,536,15
LK6127255,Galketiyagama,268,268,536,15
LK6127260,Bakmeewewa,268,268,536,15
LK6127265,Welangolla,268,268,536,15
LK6127270,Wanduressa,268,268,536,15
LK6127275,Maeliya North,268,268,536,15
LK6127280,Agare,268,268,536,15
LK6127285,Makulpotha,268,268,536,15
LK6127290,Thalwehera,268,268,536,15
LK6127295,Welipitiya,268,268,536,15
LK6127300,Morotta,268,268,536,15
LK6127305,Keralankadawala,268,268,536,15
LK6127310,Polgahangoda,268,268,536,15
LK6127315,Paragaha Ela,268,268,536,15
LK6127320,Medakanda,268,268,536,15
LK6127325,Madahapola,268,268,536,15
LK6127330,Uthuruwella,268,268,536,15
LK6127335,Rambe,268,268,536,15
LK6127340,Maeliya South,268,268,536,15
LK6127345,Dekanduwala,268,268,536,15
LK6127350,Kalugalla,268,268,536,15
LK6127355,Ihala Thelambiyawa,268,268,536,15
LK6127360,Ambagaswewa,268,268,536,15
LK6127365,Thalamalgama,268,268,536,15
LK6127370,Kalawana,268,268,536,15
LK6127375,Welidalla,268,268,536,15
LK6127380,Ponnilawa,268,268,536,15
LK6127385,Thambuwa,268,268,536,15
LK6127390,Henawa,268,268,536,15
LK6127395,Baddegama,268,268,536,15
LK6127400,Hangamuwa,268,268,536,15
LK6127405,Doraweruwa,268,268,536,15
LK6127410,Deegama,268,268,536,15
LK6130,Ibbagamuwa,22000,22000,44000,15
LK6130005,Welgala,298,297,595,15
LK6130010,Kimbulwana Oya,297,297,594,15
LK6130015,Nelliya,297,297,594,15
LK6130020,Diddeniya,297,297,594,15
LK6130025,Polkatuwa,297,297,594,15
LK6130030,Diggalawatta,297,297,594,15
LK6130035,Gurussa,297,297,594,15
LK6130040,Omaragolla,297,297,594,15
LK6130045,Panliyadda,297,297,594,15
LK6130050,Nabeta,297,297,594,15
LK6130055,Ussawa,297,297,594,15
LK6130060,Neerammulla,297,297,594,15
LK6130065,Dewagiriya,297,297,594,15
LK6130070,Katupotha,297,297,594,15
LK6130075,Unit 3,297,297,594,15
LK6130080,Hipawwa,297,297,594,15
LK6130085,Thammita,297,297,594,15
LK6130090,Thihawa,297,297,594,15
LK6130095,Ganegoda,297,297,594,15
LK6130100,Lenawa,297,297,594,15
LK6130105,Bandipola,297,297,594,15
LK6130110,Pitapahamuna,297,297,594,15
LK6130115,Medamulla,297,297,594,15
LK6130120,Diyathure,297,297,594,15
LK6130125,Megodadiyathure,297,297,594,15
LK6130130,Ragedara,297,297,594,15
LK6130135,Kendawala,297,297,594,15
LK6130140,Mahagama,297,297,594,15
LK6130145,Puswellegama,297,297,594,15
LK6130150,Karandagolla,297,297,594,15
LK6130155,Kahatawela,297,297,594,15
LK6130160,Neketta,297,297,594,15
LK6130165,Godarathmale,297,297,594,15
LK6130170,Pudukkulama,297,297,594,15
LK6130175,Manapaya,297,297,594,15
LK6130180,Doluwa,297,297,594,15
LK6130185,Wewalagama,297,297,594,15
LK6130190,Deeyawa,297,297,594,15
LK6130195,Aragama,297,297,594,15
LK6130200,Nindapella,297,297,594,15
LK6130205,Ihala Gokarella,297,297,594,15
LK6130210,Medagampola,297,297,594,15
LK6130215,Kandegedara,297,297,594,15
LK6130220,Ambanpola,297,297,594,15
LK6130225,Meddeketiya,297,297,594,15
LK6130230,Siyambalawehera,297,297,594,15
LK6130235,Daramitipola,297,297,594,15
LK6130240,Hiddana,297,297,594,15
LK6130245,Godagama,297,297,594,15
LK6130250,Kiribamuna,297,297,594,15
LK6130255,Periyakadunelawa,297,297,594,15
LK6130260,Peddawa,297,297,594,15
LK6130265,Muruthawa,297,297,594,15
LK6130270,Kandulawa,297,297,594,15
LK6130275,Ipalawa,297,297,594,15
LK6130280,Polgolla,297,297,594,15
LK6130285,Udathammita,297,297,594,15
LK6130290,Medagedara,297,297,594,15
LK6130295,Thalgodapitiya,297,297,594,15
LK6130300,Ibbagamuwa,297,297,594,15
LK6130305,Dehelgamuwa,297,297,594,15
LK6130310,Mahamookalanyaya,297,297,594,15
LK6130315,Bogamuwa,297,297,594,15
LK6130320,Hangamuwa,297,297,594,15
LK6130325,Wadupola,297,297,594,15
LK6130330,Pannala,297,297,594,15
LK6130335,Udawela,297,297,594,15
LK6130340,Kirindigalla,297,297,594,15
LK6130345,Henegedara,297,297,594,15
LK6130350,Madigedethilianga,297,297,594,15
LK6130355,Galketigama,297,297,594,15
LK6130360,Bakmeegolla,297,297,594,15
LK6130365,Kumbalanga,297,297,594,15
LK6130370,Nembilikumbura,297,297,594,15
LK6133,Ganewatta,22000,22000,44000,15
LK6133005,Digankonwewa,524,524,1048,15
LK6133010,Weragala,524,523,1047,15
LK6133015,Thimbiriwewa,524,523,1047,15
LK6133020,Kekulawala,524,523,1047,15
LK6133025,Divulwewa,524,523,1047,15
LK6133030,Pothuwagonna,524,523,1047,15
LK6133035,Kuda Uyangalla,524,523,1047,15
LK6133040,Uyangalla,524,523,1047,15
LK6133045,Kalatuwagama,524,523,1047,15
LK6133050,Aluthgama,524,523,1047,15
LK6133055,Seerangoda,524,523,1047,15
LK6133060,Thambagalla,524,523,1047,15
LK6133065,Pannawa,524,523,1047,15
LK6133070,Nelawa,524,523,1047,15
LK6133075,Makulmade,524,523,1047,15
LK6133080,Neeraviya,524,523,1047,15
LK6133085,Waduwawa,524,523,1047,15
LK6133090,Santhanagama,524,523,1047,15
LK6133095,Kumbukgete,524,523,1047,15
LK6133100,Hettigama,524,523,1047,15
LK6133105,Boraluwa,524,523,1047,15
LK6133110,Nikagolla,524,523,1047,15
LK6133115,Thittawella,524,523,1047,15
LK6133120,Jahapagama,524,523,1047,15
LK6133125,Neriyawa,524,523,1047,15
LK6133130,Arankele,524,523,1047,15
LK6133135,Thittawelgala,524,523,1047,15
LK6133140,Nikadalupotha,524,523,1047,15
LK6133145,Hiripitiya,524,523,1047,15
LK6133150,Hindawewa┬Á,524,523,1047,15
LK6133155,Nelumpathgama,524,523,1047,15
LK6133160,Malagamuwa,524,523,1047,15
LK6133165,Othuwela,524,523,1047,15
LK6133170,Moragolla,524,523,1047,15
LK6133175,Hunupola,524,523,1047,15
LK6133180,Wegolla,524,523,1047,15
LK6133185,Makulwewa,524,523,1047,15
LK6133190,Thanthirigama,524,523,1047,15
LK6133195,Kirindiwelmada/ Galagedara,524,523,1047,15
LK6133200,Seeradunna,524,523,1047,15
LK6133205,Kanawa,524,523,1047,15
LK6133210,Pothuvila,524,523,1047,15
LK6136,Wariyapola,22000,22000,44000,15
LK6136005,Halmillewa,393,393,786,15
LK6136010,Thennakongama,393,392,785,15
LK6136015,Kelegama,393,392,785,15
LK6136020,Konotta,393,392,785,15
LK6136025,Ebawalapitiya,393,392,785,15
LK6136030,Mellapotta,393,392,785,15
LK6136035,Wanduressa Welgala,393,392,785,15
LK6136040,Walpaluwa,393,392,785,15
LK6136045,Minuwangete,393,392,785,15
LK6136050,Nelliya,393,392,785,15
LK6136055,Deegithawa,393,392,785,15
LK6136060,Karagaswewa,393,392,785,15
LK6136065,Wanduressa,393,392,785,15
LK6136070,Karandawetiya,393,392,785,15
LK6136075,Ethawa,393,392,785,15
LK6136080,Welawa,393,392,785,15
LK6136085,Rabukana,393,392,785,15
LK6136090,Avulegama,393,392,785,15
LK6136095,Bayawa,393,392,785,15
LK6136100,Muwanwellegedara,393,392,785,15
LK6136105,Magulagama,393,392,785,15
LK6136110,Divulakele,393,392,785,15
LK6136115,Werella,393,392,785,15
LK6136120,Naramana,393,392,785,15
LK6136125,Thambarawa,393,392,785,15
LK6136130,Pothuwewa,393,392,785,15
LK6136135,Netiya,393,392,785,15
LK6136140,Thissawa,393,392,785,15
LK6136145,Amunugama,393,392,785,15
LK6136150,Goluwawa,393,392,785,15
LK6136155,Kithulwehera,393,392,785,15
LK6136160,Ipalawa,393,392,785,15
LK6136165,Mamunuwa,393,392,785,15
LK6136170,Padeniya,393,392,785,15
LK6136175,Madatuwa,393,392,785,15
LK6136180,Pattalegedara,393,392,785,15
LK6136185,Mirihanegama,393,392,785,15
LK6136190,Nabadawewa,393,392,785,15
LK6136195,Kahagolla,393,392,785,15
LK6136200,Habarawa,393,392,785,15
LK6136205,Ambakadawara,393,392,785,15
LK6136210,Pennithawa,393,392,785,15
LK6136215,Hettigedara,393,392,785,15
LK6136220,Medagama,393,392,785,15
LK6136225,Ginipendegama,393,392,785,15
LK6136230,Wariyapola,393,392,785,15
LK6136235,Rathmale,393,392,785,15
LK6136240,Piyumgalla,393,392,785,15
LK6136245,Elavitigama,393,392,785,15
LK6136250,Wewagedara,393,392,785,15
LK6136255,Randeniya,393,392,785,15
LK6136260,Werapola,393,392,785,15
LK6136265,Horombuwa,393,392,785,15
LK6136270,Vilakatupotha,393,392,785,15
LK6136275,Embawa,393,392,785,15
LK6136280,Malwana,393,392,785,15
LK6139,Kobeigane,22000,22000,44000,15
LK6139005,Hathalawa,629,629,1258,15
LK6139010,Makeliyawa,629,628,1257,15
LK6139015,Mawathagama,629,628,1257,15
LK6139020,Hengamuwa,629,628,1257,15
LK6139025,Waduressa,629,628,1257,15
LK6139030,Wannigama,629,628,1257,15
LK6139035,Vithikuliya,629,628,1257,15
LK6139040,Beddegama,629,628,1257,15
LK6139045,Pubbiliya,629,628,1257,15
LK6139050,Kandattawa,629,628,1257,15
LK6139055,Amunukole,629,628,1257,15
LK6139060,Kithagama,629,628,1257,15
LK6139065,Thelahera,629,628,1257,15
LK6139070,Assedduma,629,628,1257,15
LK6139075,Leekolawewa,629,628,1257,15
LK6139080,Kahatagaswewa,629,628,1257,15
LK6139085,Welpothuwewa,629,628,1257,15
LK6139090,Boraluwewa,629,628,1257,15
LK6139095,Maulla,629,628,1257,15
LK6139100,Beliwewa,629,628,1257,15
LK6139105,Bakunawala,629,628,1257,15
LK6139110,Alahenegama,629,628,1257,15
LK6139115,Aralugaswewa,629,628,1257,15
LK6139120,Walaswewa,629,628,1257,15
LK6139125,Pannawa,629,628,1257,15
LK6139130,Galatabendiwewa,629,628,1257,15
LK6139135,Bamunugama,629,628,1257,15
LK6139140,Hirigolla,629,628,1257,15
LK6139145,Kobeigane,629,628,1257,15
LK6139150,Holambalewa,629,628,1257,15
LK6139155,Halmillakotuwa,629,628,1257,15
LK6139160,Kattapitiya,629,628,1257,15
LK6139165,Baladora,629,628,1257,15
LK6139170,Midellawa,629,628,1257,15
LK6139175,Hindagahawewa,629,628,1257,15
LK6142,Bingiriya,22000,22000,44000,15
LK6142005,Molaeliya,424,423,847,15
LK6142010,Getulawa,423,423,846,15
LK6142015,Pahala Thalampola,423,423,846,15
LK6142020,Ihala Konkandawala,423,423,846,15
LK6142025,Bandarigalgoda,423,423,846,15
LK6142030,Manelembuwa,423,423,846,15
LK6142035,Pahala Kiniyama,423,423,846,15
LK6142040,Kiniyama East,423,423,846,15
LK6142045,Kiniyama West,423,423,846,15
LK6142050,Puwakgahakadawala,423,423,846,15
LK6142055,Weerapokuna,423,423,846,15
LK6142060,Koshenagara,423,423,846,15
LK6142065,Ihala Galwewa,423,423,846,15
LK6142070,Pahala Galwewa,423,423,846,15
LK6142075,Urapotta,423,423,846,15
LK6142080,Brahmanayagama,423,423,846,15
LK6142085,Hendiyapola,423,423,846,15
LK6142090,Karandanayagama,423,423,846,15
LK6142095,Kosagama,423,423,846,15
LK6142100,Wanduressa,423,423,846,15
LK6142105,Pahala Koswatta,423,423,846,15
LK6142110,Maunawa,423,423,846,15
LK6142115,Bowatta,423,423,846,15
LK6142120,Panawewa,423,423,846,15
LK6142125,Mookalanhena,423,423,846,15
LK6142130,Murukandiya,423,423,846,15
LK6142135,Bingiriya,423,423,846,15
LK6142140,Vilattawa Palatha,423,423,846,15
LK6142145,Aluthgama,423,423,846,15
LK6142150,Ihala Kalugama,423,423,846,15
LK6142155,Wellarawa,423,423,846,15
LK6142160,Bakmeeruppa,423,423,846,15
LK6142165,Hiruwalpola,423,423,846,15
LK6142170,Kaduruwewa,423,423,846,15
LK6142175,Horagasagara,423,423,846,15
LK6142180,Ihala Kadigamuwa,423,423,846,15
LK6142185,Ihala Koswatta,423,423,846,15
LK6142190,Nithalawa,423,423,846,15
LK6142195,Kudakalawa,423,423,846,15
LK6142200,Tharana,423,423,846,15
LK6142205,Konkadawala,423,423,846,15
LK6142210,Hamannapahuwa,423,423,846,15
LK6142215,Kurundupotha,423,423,846,15
LK6142220,Madulupitiya,423,423,846,15
LK6142225,Udawela,423,423,846,15
LK6142230,Meladeniya,423,423,846,15
LK6142235,Padiwela,423,423,846,15
LK6142240,Kelegedara,423,423,846,15
LK6142245,Thorabichchiya,423,423,846,15
LK6142250,Heenpannawa,423,423,846,15
LK6142255,Pahala Kadigamuwa,423,423,846,15
LK6142260,Pahala Mandakondana,423,423,846,15
LK6145,Panduwasnuwara West,22000,22000,44000,15
LK6145005,Kahatavila,344,344,688,15
LK6145010,Madaina,344,343,687,15
LK6145015,Dothella,344,343,687,15
LK6145020,Ganegama,344,343,687,15
LK6145025,Mandapola,344,343,687,15
LK6145030,Konwewa,344,343,687,15
LK6145035,Rambewa,344,343,687,15
LK6145040,Madulla,344,343,687,15
LK6145045,Wadumunna,344,343,687,15
LK6145050,Akurana,344,343,687,15
LK6145055,Yodhayakanda,344,343,687,15
LK6145060,Udagama,344,343,687,15
LK6145065,Karandawa,344,343,687,15
LK6145070,Pallegama,344,343,687,15
LK6145075,Divulwewa,344,343,687,15
LK6145080,Girathalana,344,343,687,15
LK6145085,Nikapitiya,344,343,687,15
LK6145090,Othegama,344,343,687,15
LK6145095,Diggalagedara,344,343,687,15
LK6145100,Dorabavila,344,343,687,15
LK6145105,Nallura,344,343,687,15
LK6145110,Palugaswewa,344,343,687,15
LK6145115,Madige Midiyala,344,343,687,15
LK6145120,Midiyala,344,343,687,15
LK6145125,Hidagahawewa,344,343,687,15
LK6145130,Hammaliya,344,343,687,15
LK6145135,Bandara Koswatta,344,343,687,15
LK6145140,Hathapola,344,343,687,15
LK6145145,Kadawalagedara,344,343,687,15
LK6145150,Panduwasnuwara,344,343,687,15
LK6145155,Kotambapitiya,344,343,687,15
LK6145160,Hettipola,344,343,687,15
LK6145165,Dolahamuna,344,343,687,15
LK6145170,Munihirigama,344,343,687,15
LK6145175,Kevitiya,344,343,687,15
LK6145180,Pepolegama,344,343,687,15
LK6145185,Hanthihawa,344,343,687,15
LK6145190,Barampola,344,343,687,15
LK6145195,Hettigama,344,343,687,15
LK6145200,Ehetumulla,344,343,687,15
LK6145205,Kurundukumbura,344,343,687,15
LK6145210,Bogolla,344,343,687,15
LK6145215,Bamunumulla,344,343,687,15
LK6145220,Meegaspitiya,344,343,687,15
LK6145225,Yayegedara,344,343,687,15
LK6145230,Tekewa,344,343,687,15
LK6145235,Rittadeniya,344,343,687,15
LK6145240,Jayasiripura,344,343,687,15
LK6145245,Pihimbiya,344,343,687,15
LK6145250,Rathmale,344,343,687,15
LK6145255,Nagollagoda,344,343,687,15
LK6145260,Ambagahagedara,344,343,687,15
LK6145265,Dahanekgedara,344,343,687,15
LK6145270,Ebogedara,344,343,687,15
LK6145275,Doratiyagedara,344,343,687,15
LK6145280,Akarawatta,344,343,687,15
LK6145285,Malwanegedara,344,343,687,15
LK6145290,Moonamaldeniya,344,343,687,15
LK6145295,Kamburapola,344,343,687,15
LK6145300,Pahala Gomugomuwa,344,343,687,15
LK6145305,Ihala Gomugomuwa,344,343,687,15
LK6145310,Hidiyamulla,344,343,687,15
LK6145315,Karagahagedara,344,343,687,15
LK6145320,Epaladeniya,344,343,687,15
LK6148,Panduwasnuwara East,22000,22000,44000,15
LK6148020,Medagama,612,611,1223,15
LK6148025,Kosdeniya,611,611,1222,15
LK6148030,Wilbagedara,611,611,1222,15
LK6148035,Hanwella,611,611,1222,15
LK6148040,Palavitiya,611,611,1222,15
LK6148045,Kolambagama,611,611,1222,15
LK6148050,Gallehepitiya,611,611,1222,15
LK6148055,Ranorawa,611,611,1222,15
LK6148060,Katumuluwa,611,611,1222,15
LK6148065,Maveehena,611,611,1222,15
LK6148070,Rathmalla,611,611,1222,15
LK6148075,Dunupotha,611,611,1222,15
LK6148080,Beddegama,611,611,1222,15
LK6148085,Thissawa,611,611,1222,15
LK6148090,Nelibewa,611,611,1222,15
LK6148095,Dematawa,611,611,1222,15
LK6148100,Kanduboda,611,611,1222,15
LK6148105,Henegedara,611,611,1222,15
LK6148110,Magulagama,611,611,1222,15
LK6148115,Angamuwa,611,611,1222,15
LK6148120,Anukkanhena,611,611,1222,15
LK6148125,Moragane,611,611,1222,15
LK6148130,Kanapothuhera,611,611,1222,15
LK6148135,Kanogama,611,611,1222,15
LK6148140,Kandegedara,611,611,1222,15
LK6148145,Galagedara,611,611,1222,15
LK6148150,Adukkane,611,611,1222,15
LK6148155,Udugampalagedara,611,611,1222,15
LK6148160,Weliwehera,611,611,1222,15
LK6148165,Gonnawa,611,611,1222,15
LK6148170,Bodhimulla,611,611,1222,15
LK6148175,Nindawela,611,611,1222,15
LK6148180,Wijaya Udagama,611,611,1222,15
LK6148185,Wetehepitiya,611,611,1222,15
LK6148190,Hindawa,611,611,1222,15
LK6148195,Kanoyaya,611,611,1222,15
LK6149,Bamunakotuwa,22000,22000,44000,15
LK6149005,Erihabe,612,611,1223,15
LK6149010,Panawa,611,611,1222,15
LK6149015,Pahala Imiyangoda,611,611,1222,15
LK6149020,Walpola,611,611,1222,15
LK6149025,Mahakeliya,611,611,1222,15
LK6149030,Kelimune,611,611,1222,15
LK6149035,Nathagane,611,611,1222,15
LK6149040,Kadiharaya,611,611,1222,15
LK6149045,Bamunakotuwa,611,611,1222,15
LK6149050,Moonamale,611,611,1222,15
LK6149055,Thalgahagama,611,611,1222,15
LK6149060,Ganthiriyawa,611,611,1222,15
LK6149065,Panakaduwa,611,611,1222,15
LK6149070,Pahala Kolamunna,611,611,1222,15
LK6149075,Wathukana,611,611,1222,15
LK6149080,Nelunkanuwa,611,611,1222,15
LK6149085,Weudagama,611,611,1222,15
LK6149090,Panagamuwa,611,611,1222,15
LK6149095,Panadare,611,611,1222,15
LK6149100,Walaliya,611,611,1222,15
LK6149105,Kedapath Vehera,611,611,1222,15
LK6149110,Rukattane,611,611,1222,15
LK6149115,Bogoda,611,611,1222,15
LK6149120,Hanhamunawa,611,611,1222,15
LK6149125,Nawagatta,611,611,1222,15
LK6149130,Mirihampitiya,611,611,1222,15
LK6149135,Henegedara,611,611,1222,15
LK6149140,Dampitiya,611,611,1222,15
LK6149145,Ethanawatta,611,611,1222,15
LK6149150,Wedanda,611,611,1222,15
LK6149155,Pallawa Dampitiya,611,611,1222,15
LK6149160,Demataluwa,611,611,1222,15
LK6149165,Kanotuwa,611,611,1222,15
LK6149170,Siwallawagedara,611,611,1222,15
LK6149175,Homathagama,611,611,1222,15
LK6149180,Divulgaspitiya,611,611,1222,15
LK6151,Maspotha,22000,22000,44000,15
LK6151005,Wilgamdematawa,667,667,1334,15
LK6151010,Gonagama,667,666,1333,15
LK6151015,Rekawa,667,666,1333,15
LK6151020,Pimburuwellegama,667,666,1333,15
LK6151025,Galagedara,667,666,1333,15
LK6151030,Minhettiya,667,666,1333,15
LK6151035,Hanwella,667,666,1333,15
LK6151040,Maragama,667,666,1333,15
LK6151045,Wegolla,667,666,1333,15
LK6151050,Oggamuwa,667,666,1333,15
LK6151055,Thisnampola,667,666,1333,15
LK6151060,Kudagalgamuwa,667,666,1333,15
LK6151065,Gane Kolaniya,667,666,1333,15
LK6151070,Kidapola,667,666,1333,15
LK6151075,Demalussa,667,666,1333,15
LK6151080,Maspotha,667,666,1333,15
LK6151085,Rathkarawwa,667,666,1333,15
LK6151090,Mapegamuwa,667,666,1333,15
LK6151095,Dahigamuwa,667,666,1333,15
LK6151100,Siyambalangamuwa,667,666,1333,15
LK6151105,Gurulepola,667,666,1333,15
LK6151110,Pellandeniya,667,666,1333,15
LK6151115,Hettigedara,667,666,1333,15
LK6151120,Wawagedara,667,666,1333,15
LK6151125,Kalahogedara,667,666,1333,15
LK6151130,Maveedalupotha,667,666,1333,15
LK6151135,Udabadalawa,667,666,1333,15
LK6151140,Thiththawella,667,666,1333,15
LK6151145,Udadigana,667,666,1333,15
LK6151150,Yanthampalawa,667,666,1333,15
LK6151155,Kavdawatta,667,666,1333,15
LK6151160,Aswedduma,667,666,1333,15
LK6151165,Dematagahapelessa,667,666,1333,15
LK6154,Kurunegala,22000,22000,44000,15
LK6154005,Kalatuwa Pelessa,408,407,815,15
LK6154010,Seeradunna,407,407,814,15
LK6154015,Seruwawa,407,407,814,15
LK6154020,Pubbowa,407,407,814,15
LK6154025,Thalvita,407,407,814,15
LK6154030,Waraddana,407,407,814,15
LK6154035,Pahala Waraddana,407,407,814,15
LK6154040,Rangama,407,407,814,15
LK6154045,Wellawa,407,407,814,15
LK6154050,Ginikarawa,407,407,814,15
LK6154055,Pahala Hadirawalana,407,407,814,15
LK6154060,Thalatuwa,407,407,814,15
LK6154065,Rikillagamuwa,407,407,814,15
LK6154070,Dematagolla,407,407,814,15
LK6154075,Budanapitiya,407,407,814,15
LK6154080,Hadirawalana Ihala,407,407,814,15
LK6154085,Mahakandegama,407,407,814,15
LK6154090,Alakoladeniya,407,407,814,15
LK6154095,Bamunugedara,407,407,814,15
LK6154100,Kurunegala Town - North East,407,407,814,15
LK6154105,Kurunegala Town - North,407,407,814,15
LK6154110,Gangoda,407,407,814,15
LK6154115,Vilgoda,407,407,814,15
LK6154120,Heraliyawala,407,407,814,15
LK6154125,Bamunawala,407,407,814,15
LK6154130,Malkaduwawa,407,407,814,15
LK6154135,Malkaduwawa South,407,407,814,15
LK6154140,Malkaduwawa North,407,407,814,15
LK6154145,Kurunegala Town - West,407,407,814,15
LK6154150,Iluppugedara,407,407,814,15
LK6154155,Kurunegala Town - Central,407,407,814,15
LK6154160,Kurunegala Town - Bazaar,407,407,814,15
LK6154165,Gettuwana,407,407,814,15
LK6154170,Kurunegala Town - East,407,407,814,15
LK6154175,Theliyagonna,407,407,814,15
LK6154180,Udawalpola,407,407,814,15
LK6154185,Kurunegala Town - South,407,407,814,15
LK6154190,Veherabenda,407,407,814,15
LK6154195,Henamulla,407,407,814,15
LK6154200,Wehera East,407,407,814,15
LK6154205,Wehera West,407,407,814,15
LK6154210,Akaragana North,407,407,814,15
LK6154215,Wanduragala,407,407,814,15
LK6154220,Rathgalla,407,407,814,15
LK6154225,Boyagane,407,407,814,15
LK6154230,Akaragana South,407,407,814,15
LK6154235,Vilbawa,407,407,814,15
LK6154240,Nailiya,407,407,814,15
LK6154245,Madithiyawala,407,407,814,15
LK6154250,Thorawathura,407,407,814,15
LK6154255,Mathawa,407,407,814,15
LK6154260,Attanapitiya,407,407,814,15
LK6154265,Pahala Thalampitiya,407,407,814,15
LK6154270,Kudumbuwa,407,407,814,15
LK6157,Mallawapitiya,22000,22000,44000,15
LK6157005,Meddegama West,489,489,978,15
LK6157010,Udagama,489,488,977,15
LK6157015,Pillawa,489,488,977,15
LK6157020,Hengawa,489,488,977,15
LK6157025,Narampola,489,488,977,15
LK6157030,Ranawana,489,488,977,15
LK6157035,Kahatapitiya,489,488,977,15
LK6157040,Meddegama East,489,488,977,15
LK6157045,Maraluwawa,489,488,977,15
LK6157050,Pahala Gettuwana,489,488,977,15
LK6157055,Thorayaya,489,488,977,15
LK6157060,Kuda Kowana,489,488,977,15
LK6157065,Kowana,489,488,977,15
LK6157070,Denagamuwa,489,488,977,15
LK6157075,Yaggapitiya,489,488,977,15
LK6157080,Mehiella North,489,488,977,15
LK6157085,Hewana,489,488,977,15
LK6157090,Uyandana,489,488,977,15
LK6157095,Mehiella South,489,488,977,15
LK6157100,Mallawapitiya,489,488,977,15
LK6157105,Millawa,489,488,977,15
LK6157110,Kolapelalikanda,489,488,977,15
LK6157115,Doratiyawa,489,488,977,15
LK6157120,Messagammana,489,488,977,15
LK6157125,Hewapola,489,488,977,15
LK6157130,Manel Oluwa,489,488,977,15
LK6157135,Walpolakanda North,489,488,977,15
LK6157140,Walpolakanda South,489,488,977,15
LK6157145,Indulgoda,489,488,977,15
LK6157150,Konpala,489,488,977,15
LK6157155,Dembepola,489,488,977,15
LK6157160,Bodhigama,489,488,977,15
LK6157165,Thiragama,489,488,977,15
LK6157170,Bogamuwa,489,488,977,15
LK6157175,Werawella,489,488,977,15
LK6157180,Indulgodakanda,489,488,977,15
LK6157185,Morathenna,489,488,977,15
LK6157190,Katupitiya North,489,488,977,15
LK6157195,Katupitiya South,489,488,977,15
LK6157200,Ihala Thalampitiya,489,488,977,15
LK6157205,Wattegedara,489,488,977,15
LK6157210,Koralegedara,489,488,977,15
LK6157215,Mahagama,489,488,977,15
LK6157220,Belgoda,489,488,977,15
LK6157225,Belgodakanda,489,488,977,15
LK6160,Mawathagama,22000,22000,44000,15
LK6160005,Kongaswala,310,310,620,15
LK6160010,Barandana,310,309,619,15
LK6160015,Wewagedara,310,309,619,15
LK6160020,Etagahawela,310,309,619,15
LK6160025,Galapitamulla,310,309,619,15
LK6160030,Hidagolla,310,309,619,15
LK6160035,Udanagama,310,309,619,15
LK6160040,Tharapotha,310,309,619,15
LK6160045,Tigola,310,309,619,15
LK6160050,Arampola Watta North,310,309,619,15
LK6160055,Arampola Watta South,310,309,619,15
LK6160060,Ellagonna,310,309,619,15
LK6160065,Pothubowa,310,309,619,15
LK6160070,Madawa,310,309,619,15
LK6160075,Kanduboda,310,309,619,15
LK6160080,Kahandawelipotha,310,309,619,15
LK6160085,Maswewa,310,309,619,15
LK6160090,Pilessa Ihalagama,310,309,619,15
LK6160095,Pilessa Pahalagama,310,309,619,15
LK6160100,Henepola,310,309,619,15
LK6160105,Maralanda,310,309,619,15
LK6160110,Arampola,310,309,619,15
LK6160115,Delgolla Watta North,310,309,619,15
LK6160120,Nawa Pothubowa,310,309,619,15
LK6160125,Welikumbura,310,309,619,15
LK6160130,Ilukewela North,310,309,619,15
LK6160135,Mawathagama,310,309,619,15
LK6160140,Delgolla Watta South,310,309,619,15
LK6160145,Mawathagama North,310,309,619,15
LK6160150,Mee/ Pallegama East,310,309,619,15
LK6160155,Bulathwatta,310,309,619,15
LK6160160,Rathneggama,310,309,619,15
LK6160165,Yatiwala,310,309,619,15
LK6160170,Mee/Pallegama West,310,309,619,15
LK6160175,Mee/Medagamgoda,310,309,619,15
LK6160180,Mee/Wambugamgoda,310,309,619,15
LK6160185,Mawathagama West,310,309,619,15
LK6160190,Samodagama,310,309,619,15
LK6160195,Ilukewela South,310,309,619,15
LK6160200,Ihala Weligepola,310,309,619,15
LK6160205,Akade,310,309,619,15
LK6160210,Waraddana,310,309,619,15
LK6160215,Wadiyagoda,310,309,619,15
LK6160220,Bandaragala,310,309,619,15
LK6160225,Singhapura,310,309,619,15
LK6160230,Paragahadeniya,310,309,619,15
LK6160235,Delpaddana,310,309,619,15
LK6160240,Kotikapala,310,309,619,15
LK6160245,Kotikapola Ihalagama,310,309,619,15
LK6160250,Mawathagama South,310,309,619,15
LK6160255,Meddegamgoda,310,309,619,15
LK6160260,Mee/Udagama,310,309,619,15
LK6160265,Gonagaldeniya,310,309,619,15
LK6160270,Gonagala,310,309,619,15
LK6160275,Dunukewatta,310,309,619,15
LK6160280,Kalugamuwa,310,309,619,15
LK6160285,Watareka,310,309,619,15
LK6160290,Katugampalagedara,310,309,619,15
LK6160295,Kahapathwala North,310,309,619,15
LK6160300,Malandeniya,310,309,619,15
LK6160305,Kahapathwala,310,309,619,15
LK6160310,Hettipola,310,309,619,15
LK6160315,Boyagoda,310,309,619,15
LK6160320,Udakottamulla,310,309,619,15
LK6160325,Metibokka,310,309,619,15
LK6160330,Kossinna,310,309,619,15
LK6160335,Eriminna,310,309,619,15
LK6160340,Uda Iguruwatta,310,309,619,15
LK6160345,Kandehena,310,309,619,15
LK6160350,Uggalpaya,310,309,619,15
LK6160355,Halwahala,310,309,619,15
LK6163,Rideegama,22000,22000,44000,15
LK6163005,Paragaswewa,195,195,390,15
LK6163010,Adapola,195,194,389,15
LK6163015,Udakendawala,195,194,389,15
LK6163020,Katiyawa,195,194,389,15
LK6163025,Udahena,195,194,389,15
LK6163030,Wanduressa,195,194,389,15
LK6163035,Meepitiya,195,194,389,15
LK6163040,Kanugolla,195,194,389,15
LK6163045,Koswatta,195,194,389,15
LK6163050,Dodangahakotuwa,195,194,389,15
LK6163055,Wegama,195,194,389,15
LK6163060,Gopallawa,195,194,389,15
LK6163065,Rathvita,195,194,389,15
LK6163070,Balawattala,195,194,389,15
LK6163075,Udattapola Pahala,195,194,389,15
LK6163080,Ihala Udattapola,195,194,389,15
LK6163085,Kotuhena,195,194,389,15
LK6163090,Kelemulla,195,194,389,15
LK6163095,Nithulpitiya,195,194,389,15
LK6163100,Kandupalatha,195,194,389,15
LK6163105,Diniminiyathenna,195,194,389,15
LK6163110,Minirangama,195,194,389,15
LK6163115,Alakolamada,195,194,389,15
LK6163120,Korossa,195,194,389,15
LK6163125,Dodamgasalanada,195,194,389,15
LK6163130,Kothalawalagama,195,194,389,15
LK6163135,Nuwarayaya,195,194,389,15
LK6163140,Lihiniwehera,195,194,389,15
LK6163145,Wewegedara,195,194,389,15
LK6163150,Rambukandana,195,194,389,15
LK6163155,Warakawehera,195,194,389,15
LK6163160,Rideegama,195,194,389,15
LK6163165,Madithiyawa,195,194,389,15
LK6163170,Thelambugalla,195,194,389,15
LK6163175,Reddagoda,195,194,389,15
LK6163180,Pallehorombuwa,195,194,389,15
LK6163185,Ginihiriya,195,194,389,15
LK6163190,Palleyaya,195,194,389,15
LK6163195,Kahahena,195,194,389,15
LK6163200,Udahorombuwa,195,194,389,15
LK6163205,Jankure,195,194,389,15
LK6163210,Rambadagalla,195,194,389,15
LK6163215,Nahalla,195,194,389,15
LK6163220,Olagama,195,194,389,15
LK6163225,Morathiha,195,194,389,15
LK6163230,Hunugalkadulla,195,194,389,15
LK6163235,Kavisigamuwa,195,194,389,15
LK6163240,Doranepola,195,194,389,15
LK6163245,Hunupolagedara,195,194,389,15
LK6163250,Kuthurumahana,195,194,389,15
LK6163255,Dedurunadeegama,195,194,389,15
LK6163260,Karandagolla,195,194,389,15
LK6163265,Ambakote,195,194,389,15
LK6163270,Kosgollepola,195,194,389,15
LK6163275,Kandepola,195,194,389,15
LK6163280,Gabadagama,195,194,389,15
LK6163285,Kandegedara,195,194,389,15
LK6163290,Haliyamulla,195,194,389,15
LK6163295,Welikanda,195,194,389,15
LK6163300,Kithulwala,195,194,389,15
LK6163305,Delvita,195,194,389,15
LK6163310,Goraka Ela,195,194,389,15
LK6163315,Pallekanda,195,194,389,15
LK6163320,Kalugahathenna,195,194,389,15
LK6163325,Kiribathgalla,195,194,389,15
LK6163330,Bambaragahakanda,195,194,389,15
LK6163335,Kithulgolla,195,194,389,15
LK6163340,Eriyagolla,195,194,389,15
LK6163345,Gurumada,195,194,389,15
LK6163350,Polwatta,195,194,389,15
LK6163355,Panagamuwa,195,194,389,15
LK6163360,Pitiyegedara,195,194,389,15
LK6163365,Hadiramulla,195,194,389,15
LK6163370,Ogodapola,195,194,389,15
LK6163375,Ranthetikanda,195,194,389,15
LK6163380,Gonamada,195,194,389,15
LK6163385,Buluwalakanda,195,194,389,15
LK6163390,Buluwala,195,194,389,15
LK6163395,Hewenpola,195,194,389,15
LK6163400,Kongoda,195,194,389,15
LK6163405,Akkara Panaha,195,194,389,15
LK6163410,Welagedara,195,194,389,15
LK6163415,Paliella,195,194,389,15
LK6163420,Metiyampotha,195,194,389,15
LK6163425,Gonadeniya,195,194,389,15
LK6163430,Medakanda,195,194,389,15
LK6163435,Medagama,195,194,389,15
LK6163440,Nelaulla,195,194,389,15
LK6163445,Malbe,195,194,389,15
LK6163450,Mahawela,195,194,389,15
LK6163455,Gallawa,195,194,389,15
LK6163460,Mirissala,195,194,389,15
LK6163465,Dunumawa,195,194,389,15
LK6163470,Galbindinaela,195,194,389,15
LK6163475,Kosgolla,195,194,389,15
LK6163480,Pihimbuwa,195,194,389,15
LK6163485,Maspotha,195,194,389,15
LK6163490,Erepolakanda,195,194,389,15
LK6163495,Siyambalangamuwa,195,194,389,15
LK6163500,Thalgaspitiya,195,194,389,15
LK6163505,Jakaduwa,195,194,389,15
LK6163510,Balagala,195,194,389,15
LK6163515,Pussella,195,194,389,15
LK6163520,Pusselikanda,195,194,389,15
LK6163525,Gonigoda,195,194,389,15
LK6163530,Meeliyadda,195,194,389,15
LK6163535,Kanadeniyawala,195,194,389,15
LK6163540,Ganegoda,195,194,389,15
LK6163545,Bogamuwa,195,194,389,15
LK6163550,Kurukeppitiya,195,194,389,15
LK6163555,Paragoda,195,194,389,15
LK6163560,Ikiriwatta,195,194,389,15
LK6163565,Niyangama,195,194,389,15
LK6166,Weerabugedara,22000,22000,44000,15
LK6166005,Lokahettiya,579,579,1158,15
LK6166010,Medagama,579,578,1157,15
LK6166015,Pathinwatta,579,578,1157,15
LK6166020,Bamunugedara,579,578,1157,15
LK6166025,Gallehera,579,578,1157,15
LK6166030,Kadadunna,579,578,1157,15
LK6166035,Weerambugedara,579,578,1157,15
LK6166040,Gonawa,579,578,1157,15
LK6166045,Yalawa,579,578,1157,15
LK6166050,Madawala North,579,578,1157,15
LK6166055,Sandagala South,579,578,1157,15
LK6166060,Sandagala North,579,578,1157,15
LK6166065,Damunugala,579,578,1157,15
LK6166070,Piduruwella,579,578,1157,15
LK6166075,Clovis Watta,579,578,1157,15
LK6166080,Madawala South,579,578,1157,15
LK6166085,Mudunna,579,578,1157,15
LK6166090,Hanwella,579,578,1157,15
LK6166095,Huruggamuwa,579,578,1157,15
LK6166100,Ginipenda,579,578,1157,15
LK6166105,Kalugamuwa,579,578,1157,15
LK6166110,Yanthampola,579,578,1157,15
LK6166115,Bulupitiya,579,578,1157,15
LK6166120,Uhumeeya,579,578,1157,15
LK6166125,Wewelpola,579,578,1157,15
LK6166130,Ranjanagama,579,578,1157,15
LK6166135,Kanumale,579,578,1157,15
LK6166140,Godavita,579,578,1157,15
LK6166145,Ambahera,579,578,1157,15
LK6166150,Galabadagama,579,578,1157,15
LK6166155,Dehikumbura,579,578,1157,15
LK6166160,Poogalla,579,578,1157,15
LK6166165,Udugama,579,578,1157,15
LK6166170,Thammita,579,578,1157,15
LK6166175,Parakumbura,579,578,1157,15
LK6166180,Algama,579,578,1157,15
LK6166185,Kaduruwella,579,578,1157,15
LK6166190,Sevendana,579,578,1157,15
LK6169,Kuliyapitiya East,22000,22000,44000,15
LK6169005,Karangamuwa,489,489,978,15
LK6169010,Dalupothagama,489,488,977,15
LK6169015,Polpitiya,489,488,977,15
LK6169020,Pothuwewa,489,488,977,15
LK6169025,Kotadeniyawa,489,488,977,15
LK6169030,Thelahera,489,488,977,15
LK6169035,Nettipolagedara,489,488,977,15
LK6169040,Arakyala,489,488,977,15
LK6169045,Thoranegedara,489,488,977,15
LK6169050,Medelpola,489,488,977,15
LK6169055,Pothuhera,489,488,977,15
LK6169060,Kekunagolla,489,488,977,15
LK6169065,Dehigama,489,488,977,15
LK6169070,Siyambalagaskotuwa,489,488,977,15
LK6169075,Ambahenwewa,489,488,977,15
LK6169080,Bogamulla,489,488,977,15
LK6169085,Andigedara,489,488,977,15
LK6169090,Karagahagedara,489,488,977,15
LK6169095,Bogahapitiya,489,488,977,15
LK6169100,Kureekotuwa,489,488,977,15
LK6169105,Alahitiyawa,489,488,977,15
LK6169110,Godagama,489,488,977,15
LK6169115,Thalliyadda,489,488,977,15
LK6169120,Konduruwapola,489,488,977,15
LK6169125,Barigoda,489,488,977,15
LK6169130,Ganangamuwa,489,488,977,15
LK6169135,Bihalpola,489,488,977,15
LK6169140,Udagedara,489,488,977,15
LK6169145,Horombawa,489,488,977,15
LK6169150,Molligoda,489,488,977,15
LK6169155,Kosgolla,489,488,977,15
LK6169160,Mahagama,489,488,977,15
LK6169165,Nakkawatta,489,488,977,15
LK6169170,Hewanellagara,489,488,977,15
LK6169175,Ihala Muruthenge,489,488,977,15
LK6169180,Pahala Muruthenge,489,488,977,15
LK6169185,Galgammulla,489,488,977,15
LK6169190,Ranasgalla,489,488,977,15
LK6169195,Wakkunuwala,489,488,977,15
LK6169200,Etampola,489,488,977,15
LK6169205,Rathneheruwa,489,488,977,15
LK6169210,Deekirikewa,489,488,977,15
LK6169215,Panavitiya,489,488,977,15
LK6169220,Dethawa,489,488,977,15
LK6169225,Saliyala,489,488,977,15
LK6172,Kuliyapitiya West,22000,22000,44000,15
LK6172005,Katuwella,324,324,648,15
LK6172010,Pahala Elathalawa,324,323,647,15
LK6172015,Mawela,324,323,647,15
LK6172020,Koshena,324,323,647,15
LK6172025,Pahala Galpola,324,323,647,15
LK6172030,Ihala Galpola,324,323,647,15
LK6172035,Ihala Elathalawa,324,323,647,15
LK6172040,Deegalla,324,323,647,15
LK6172045,Ihala Embawa,324,323,647,15
LK6172050,Kabalewa,324,323,647,15
LK6172055,Dikhera,324,323,647,15
LK6172060,Ilukhena,324,323,647,15
LK6172065,Kumbalwala,324,323,647,15
LK6172070,Pallewela,324,323,647,15
LK6172075,Pahala Weerambuwa,324,323,647,15
LK6172080,Ihala Weerambuwa,324,323,647,15
LK6172085,Kurudelpotha,324,323,647,15
LK6172090,Thabbomulla,324,323,647,15
LK6172095,Meegahakotuwa,324,323,647,15
LK6172100,Kuliyapitiya Town,324,323,647,15
LK6172105,Embawa,324,323,647,15
LK6172110,Pahala Embawa,324,323,647,15
LK6172115,Pahala Piduma,324,323,647,15
LK6172120,Esseddama,324,323,647,15
LK6172125,Kongahagedara,324,323,647,15
LK6172130,Thummodara,324,323,647,15
LK6172135,Ihala Piduma,324,323,647,15
LK6172140,Henegedara,324,323,647,15
LK6172145,Delana,324,323,647,15
LK6172150,Mookalanyaya,324,323,647,15
LK6172155,Kirindawa,324,323,647,15
LK6172160,Anukkane,324,323,647,15
LK6172165,Beminigalla,324,323,647,15
LK6172170,Kumbukkotuwa,324,323,647,15
LK6172175,Wahumuwa,324,323,647,15
LK6172180,Unaleeya,324,323,647,15
LK6172185,Kithalawa,324,323,647,15
LK6172190,Yakarawatta,324,323,647,15
LK6172195,Bohingamuwa,324,323,647,15
LK6172200,Haggamuwa,324,323,647,15
LK6172205,Galahitiyawa,324,323,647,15
LK6172210,Dandagamuwa East,324,323,647,15
LK6172215,Dandagamuwa West,324,323,647,15
LK6172220,Pahala Kalugamuwa,324,323,647,15
LK6172225,Mahimpitiya,324,323,647,15
LK6172230,Madakumburumulla,324,323,647,15
LK6172235,Thalahitimulla,324,323,647,15
LK6172240,Weralugama,324,323,647,15
LK6172245,Ihala Kalugamuwa,324,323,647,15
LK6172250,Hammalawa,324,323,647,15
LK6172255,Galagedara,324,323,647,15
LK6172260,Pitadeniya,324,323,647,15
LK6172265,Diyadora,324,323,647,15
LK6172270,Inguruwatta,324,323,647,15
LK6172275,Diyadora Ihala Watta,324,323,647,15
LK6172280,Narangalla,324,323,647,15
LK6172285,Wadugedara,324,323,647,15
LK6172290,Kongolla,324,323,647,15
LK6172295,Ihala Ennaruwa,324,323,647,15
LK6172300,Deeyawala,324,323,647,15
LK6172305,Udihitimulla,324,323,647,15
LK6172310,Ketawalegedara,324,323,647,15
LK6172315,Eluwapola,324,323,647,15
LK6172320,Kandegedara,324,323,647,15
LK6172325,Katuwattewela,324,323,647,15
LK6172330,Edandewela,324,323,647,15
LK6172335,Wewagama,324,323,647,15
LK6172340,Degammeda,324,323,647,15
LK6175,Udubaddawa,22000,22000,44000,15
LK6175005,Ihala Weerakodiyana,512,512,1024,15
LK6175010,Kovulwewa,512,511,1023,15
LK6175015,Pahala Weerakodiyana,512,511,1023,15
LK6175020,Rantetiyawa,512,511,1023,15
LK6175025,Wathuwatta,512,511,1023,15
LK6175030,Habarawewa,512,511,1023,15
LK6175035,Kekunawala,512,511,1023,15
LK6175040,Kandayaya,512,511,1023,15
LK6175045,Kappangamuwa,512,511,1023,15
LK6175050,Kahadenigama,512,511,1023,15
LK6175055,Divurumpola,512,511,1023,15
LK6175060,Pahala Yagamwela,512,511,1023,15
LK6175065,Ihala Yagamwela,512,511,1023,15
LK6175070,Gahalagaswala,512,511,1023,15
LK6175075,Siyambalagasruppa East,512,511,1023,15
LK6175080,Siyambalagasruppa West,512,511,1023,15
LK6175085,Dummalasooriya,512,511,1023,15
LK6175090,Thunthota,512,511,1023,15
LK6175095,Kattimahana,512,511,1023,15
LK6175100,Palugamuwa,512,511,1023,15
LK6175105,Karandavila,512,511,1023,15
LK6175110,Bunnehepola,512,511,1023,15
LK6175115,Ihalagama North,512,511,1023,15
LK6175120,Paranagama,512,511,1023,15
LK6175125,Pahalagama,512,511,1023,15
LK6175130,Ihalagama South,512,511,1023,15
LK6175135,Mahaagara,512,511,1023,15
LK6175140,Henegedara,512,511,1023,15
LK6175145,Kanubichchiya,512,511,1023,15
LK6175150,Polgaha Agara,512,511,1023,15
LK6175155,Dunakadeniya North,512,511,1023,15
LK6175160,Udadeniya,512,511,1023,15
LK6175165,Meegahapelessa,512,511,1023,15
LK6175170,Bibiladeniya,512,511,1023,15
LK6175175,Ammanamulla,512,511,1023,15
LK6175180,Walpitagama,512,511,1023,15
LK6175185,Horathepola,512,511,1023,15
LK6175190,Nawasigahawatta,512,511,1023,15
LK6175195,Kootharippuwa,512,511,1023,15
LK6175200,Dunakadeniya South,512,511,1023,15
LK6175205,Kumbukgahamulla,512,511,1023,15
LK6175210,Ilippugamuwa,512,511,1023,15
LK6175215,Kumara Udawela,512,511,1023,15
LK6178,Pannala,22000,22000,44000,15
LK6178005,Gallehemulla,253,253,506,15
LK6178010,Nabirittankadawara,253,252,505,15
LK6178015,Udugama,253,252,505,15
LK6178020,Pethigodagedara,253,252,505,15
LK6178025,Eriyagolla,253,252,505,15
LK6178030,Yatattawala,253,252,505,15
LK6178035,Thelambugammana,253,252,505,15
LK6178040,Ingaradavula,253,252,505,15
LK6178045,Mohottawa,253,252,505,15
LK6178050,Batapotha Ela,253,252,505,15
LK6178055,Katugampala,253,252,505,15
LK6178060,Hamanagoda,253,252,505,15
LK6178065,Mummana,253,252,505,15
LK6178070,Wattegedara,253,252,505,15
LK6178075,Wettewa,253,252,505,15
LK6178080,Kavudumunna,253,252,505,15
LK6178085,Hamangalla,253,252,505,15
LK6178090,Narangoda South,253,252,505,15
LK6178095,Narangoda North,253,252,505,15
LK6178100,Erepola,253,252,505,15
LK6178105,Madigepola,253,252,505,15
LK6178110,Hengawa,253,252,505,15
LK6178115,Paragammana,253,252,505,15
LK6178120,Nedalagamuwa North,253,252,505,15
LK6178125,Nedalagamuwa South,253,252,505,15
LK6178130,Yayamulla,253,252,505,15
LK6178135,Raddalana,253,252,505,15
LK6178140,Waguruwela,253,252,505,15
LK6178145,Muthugalayagama,253,252,505,15
LK6178150,Kandepola,253,252,505,15
LK6178155,Hundirapola,253,252,505,15
LK6178160,Welpalla,253,252,505,15
LK6178165,Daraluwa,253,252,505,15
LK6178170,Hunuvila,253,252,505,15
LK6178175,Kongoda,253,252,505,15
LK6178180,Werahera,253,252,505,15
LK6178185,Bowatta,253,252,505,15
LK6178190,Koodalupotta,253,252,505,15
LK6178195,Bammanna,253,252,505,15
LK6178200,Kadirapola,253,252,505,15
LK6178205,Mahingamuwa,253,252,505,15
LK6178210,Dodampotta,253,252,505,15
LK6178215,Konduruwawela,253,252,505,15
LK6178220,Meddepola Pahala,253,252,505,15
LK6178225,Maharagama,253,252,505,15
LK6178230,Meddepola Ihala,253,252,505,15
LK6178235,Siyambalawalana,253,252,505,15
LK6178240,Ihala Labbala,253,252,505,15
LK6178245,Ihala Kotuwella,253,252,505,15
LK6178250,Horawadunna,253,252,505,15
LK6178255,Elabadagama East,253,252,505,15
LK6178260,Elabadagama North,253,252,505,15
LK6178265,Elabadagama West,253,252,505,15
LK6178270,Mookalana,253,252,505,15
LK6178275,Makandura Ihala,253,252,505,15
LK6178280,Elivila,253,252,505,15
LK6178285,Gonulla East,253,252,505,15
LK6178290,Indivinna,253,252,505,15
LK6178295,Hettirippuwa,253,252,505,15
LK6178300,Villiyagama,253,252,505,15
LK6178305,Gonulla West,253,252,505,15
LK6178310,Irabadagama,253,252,505,15
LK6178315,Wetakeyawa,253,252,505,15
LK6178320,Makandura Pahala,253,252,505,15
LK6178325,Panwalakumbura,253,252,505,15
LK6178330,Hendiyagala,253,252,505,15
LK6178335,Sandalankawa,253,252,505,15
LK6178340,Thambakanda,253,252,505,15
LK6178345,Nalawalana,253,252,505,15
LK6178350,Medirivila,253,252,505,15
LK6178355,Pahala Galayaya,253,252,505,15
LK6178360,Ihala Galayaya,253,252,505,15
LK6178365,Pannala,253,252,505,15
LK6178370,Kekillapitiya,253,252,505,15
LK6178375,Maholawa,253,252,505,15
LK6178380,Thalammehera,253,252,505,15
LK6178385,Badabedda,253,252,505,15
LK6178390,Kohombapola,253,252,505,15
LK6178395,Elibichchiya,253,252,505,15
LK6178400,Mellawalana,253,252,505,15
LK6178405,Pahala Labbala,253,252,505,15
LK6178410,Bopitiya,253,252,505,15
LK6178415,Balawala,253,252,505,15
LK6178420,Mattegama,253,252,505,15
LK6178425,Wellewa,253,252,505,15
LK6178430,Narangamuwa,253,252,505,15
LK6178435,Malgamuwa,253,252,505,15
LK6181,Narammala,22000,22000,44000,15
LK6181005,Pahamune,408,407,815,15
LK6181010,Kadahapola,407,407,814,15
LK6181015,Penthenigoda,407,407,814,15
LK6181020,Ganegoda,407,407,814,15
LK6181025,Meewewa,407,407,814,15
LK6181030,Dangolla,407,407,814,15
LK6181035,Meewewa/ Bemmullegedara,407,407,814,15
LK6181040,Puwakgahakotuwa,407,407,814,15
LK6181045,Polgahayaya,407,407,814,15
LK6181050,Ginigathpitiya,407,407,814,15
LK6181055,Dambagirigama East,407,407,814,15
LK6181060,Medagoda,407,407,814,15
LK6181065,Dambagirigama West,407,407,814,15
LK6181070,Narammala,407,407,814,15
LK6181075,Ranawatta,407,407,814,15
LK6181080,Senanayaka Colony,407,407,814,15
LK6181085,Kottapitiya,407,407,814,15
LK6181090,Ambagammana,407,407,814,15
LK6181095,Yakkavita,407,407,814,15
LK6181100,Halwella,407,407,814,15
LK6181105,Rammuthugala,407,407,814,15
LK6181110,Welikumbura,407,407,814,15
LK6181115,Dampelessa,407,407,814,15
LK6181120,Kivulegedara,407,407,814,15
LK6181125,Polwattegedara,407,407,814,15
LK6181130,Karalappala,407,407,814,15
LK6181135,Embalapola,407,407,814,15
LK6181140,Weragala,407,407,814,15
LK6181145,Rangallepola,407,407,814,15
LK6181150,Nakalagamuwa,407,407,814,15
LK6181155,Godakooruwa,407,407,814,15
LK6181160,Kivulgalla,407,407,814,15
LK6181165,Eriyagolla,407,407,814,15
LK6181170,Metiyagane West,407,407,814,15
LK6181175,Maravita,407,407,814,15
LK6181180,Muthugala East,407,407,814,15
LK6181185,Metiyagane East,407,407,814,15
LK6181190,Kasungama,407,407,814,15
LK6181195,Pelawatta,407,407,814,15
LK6181200,Pothupitiya,407,407,814,15
LK6181205,Muthugala West,407,407,814,15
LK6181210,Dambadeniya South,407,407,814,15
LK6181215,Dambadeniya North,407,407,814,15
LK6181220,Udawelawatta,407,407,814,15
LK6181225,Riligala,407,407,814,15
LK6181230,Athuruwala,407,407,814,15
LK6181235,Puskoladeniya,407,407,814,15
LK6181240,Delikanu Anga,407,407,814,15
LK6181245,Kudagammana,407,407,814,15
LK6181250,Riloluwa,407,407,814,15
LK6181255,Handapangala,407,407,814,15
LK6181260,Paranagama,407,407,814,15
LK6181265,Marandagolla,407,407,814,15
LK6181270,Epaladeniya,407,407,814,15
LK6184,Alawwa,22000,22000,44000,15
LK6184005,Vilgamuwa,334,333,667,15
LK6184010,Vilgamuwa Watta,333,333,666,15
LK6184015,Wennoruwa West,333,333,666,15
LK6184020,Wennoruwa East,333,333,666,15
LK6184025,Damunupola,333,333,666,15
LK6184030,Pannala,333,333,666,15
LK6184035,Nungamuwa Pahala,333,333,666,15
LK6184040,Wadawa,333,333,666,15
LK6184045,Nungamuwa Ihala,333,333,666,15
LK6184050,Dehelgamuwa,333,333,666,15
LK6184055,Ihala Wettewa,333,333,666,15
LK6184060,Kiriwanapola,333,333,666,15
LK6184065,Kandegedara South,333,333,666,15
LK6184070,Welikare,333,333,666,15
LK6184075,Galgamuwa North,333,333,666,15
LK6184080,Galgamuwa South,333,333,666,15
LK6184085,Pangolla,333,333,666,15
LK6184090,Kandegedara North,333,333,666,15
LK6184095,Divulgahakotuwa,333,333,666,15
LK6184100,Waduwawa,333,333,666,15
LK6184105,Lewdeniya,333,333,666,15
LK6184110,Poramadala,333,333,666,15
LK6184115,Galatharaya,333,333,666,15
LK6184120,Hinnarapola,333,333,666,15
LK6184125,Nugawela,333,333,666,15
LK6184130,Maharachchimulla,333,333,666,15
LK6184135,Pahala Kalalpitiya,333,333,666,15
LK6184140,Henduwawa,333,333,666,15
LK6184145,Kendagolla,333,333,666,15
LK6184150,Boyawalana,333,333,666,15
LK6184155,Henduwawa Colony,333,333,666,15
LK6184160,Ihala Kalalpitiya,333,333,666,15
LK6184165,Medagampola,333,333,666,15
LK6184170,Maldeniya,333,333,666,15
LK6184175,Koholana,333,333,666,15
LK6184180,Ihala Walakumbura,333,333,666,15
LK6184185,Yatigaloluwa,333,333,666,15
LK6184190,Pahala Walakumbura,333,333,666,15
LK6184195,Alawwa South,333,333,666,15
LK6184200,Alawwa North,333,333,666,15
LK6184205,Kebellavita,333,333,666,15
LK6184210,Humbuluwa East,333,333,666,15
LK6184215,Humbuluwa West,333,333,666,15
LK6184220,Imbulgoda,333,333,666,15
LK6184225,Keppitiwalana,333,333,666,15
LK6184230,Madawala,333,333,666,15
LK6184235,Othara Kiruwampola,333,333,666,15
LK6184240,Nebadawathura,333,333,666,15
LK6184245,Galdeniya,333,333,666,15
LK6184250,Kanameewala,333,333,666,15
LK6184255,Wedeniya,333,333,666,15
LK6184260,Nawathalwatta,333,333,666,15
LK6184265,Thumbulla,333,333,666,15
LK6184270,Abbowa,333,333,666,15
LK6184275,Paramaulla,333,333,666,15
LK6184280,Galpottepola,333,333,666,15
LK6184285,Miriheliya,333,333,666,15
LK6184290,Pallemorugama,333,333,666,15
LK6184295,Udakekulawala,333,333,666,15
LK6184300,Udagankanda,333,333,666,15
LK6184305,Wewala,333,333,666,15
LK6184310,Pallekekulawala,333,333,666,15
LK6184315,Yattalgoda,333,333,666,15
LK6184320,Bowala,333,333,666,15
LK6184325,Bujjomuwa,333,333,666,15
LK6184330,Kendahena,333,333,666,15
LK6187,Polgahawela,22000,22000,44000,15
LK6187005,Ahugoda East,262,262,524,15
LK6187010,Amunugama,262,261,523,15
LK6187015,Gammana,262,261,523,15
LK6187020,Pothuhera East,262,261,523,15
LK6187025,Pothuhera West,262,261,523,15
LK6187030,Ahugoda Meda,262,261,523,15
LK6187035,Ahugoda West,262,261,523,15
LK6187040,Mahapitiya,262,261,523,15
LK6187045,Dewategedara,262,261,523,15
LK6187050,Hiripathwella,262,261,523,15
LK6187055,Ginneriya,262,261,523,15
LK6187060,Wadakada,262,261,523,15
LK6187065,Habarawa,262,261,523,15
LK6187070,Embalawatta,262,261,523,15
LK6187075,Lihinigiriya,262,261,523,15
LK6187080,Medalassa Kalugamuwa,262,261,523,15
LK6187085,Yatihena,262,261,523,15
LK6187090,Maningamuwa,262,261,523,15
LK6187095,Mawathagama,262,261,523,15
LK6187100,Mandawela,262,261,523,15
LK6187105,Kureepotta,262,261,523,15
LK6187110,Arambepola,262,261,523,15
LK6187115,Handugala,262,261,523,15
LK6187120,Bevilgamuwa East,262,261,523,15
LK6187125,Bevilgamuwa West,262,261,523,15
LK6187130,Thiyador Watta,262,261,523,15
LK6187135,Dembegoda,262,261,523,15
LK6187140,Imbulana,262,261,523,15
LK6187145,Kebilittawala,262,261,523,15
LK6187150,Egalla,262,261,523,15
LK6187155,Gallenamulla,262,261,523,15
LK6187160,Udapola,262,261,523,15
LK6187165,Kaluhendiwala,262,261,523,15
LK6187170,Thalawattegedara,262,261,523,15
LK6187175,Kolambalamulla,262,261,523,15
LK6187180,Parabevila,262,261,523,15
LK6187185,Koradoluwa,262,261,523,15
LK6187190,Walagammulla,262,261,523,15
LK6187195,Kendahena,262,261,523,15
LK6187200,Polpitiya North,262,261,523,15
LK6187205,Poojapitiya,262,261,523,15
LK6187210,Polambe,262,261,523,15
LK6187215,Hondella,262,261,523,15
LK6187220,Imbulgoda,262,261,523,15
LK6187225,Barahelagamuwa,262,261,523,15
LK6187230,Dewalepola,262,261,523,15
LK6187235,Ihala Udapola,262,261,523,15
LK6187240,Divulkumbura,262,261,523,15
LK6187245,Bandawa,262,261,523,15
LK6187250,Hathalispahuwa,262,261,523,15
LK6187255,Rathmalgoda,262,261,523,15
LK6187260,Kollura,262,261,523,15
LK6187265,Wellewa,262,261,523,15
LK6187270,Polpitiya South,262,261,523,15
LK6187275,Nahakotamada,262,261,523,15
LK6187280,Aragoda,262,261,523,15
LK6187285,Sunilagama,262,261,523,15
LK6187290,Denagamuwa,262,261,523,15
LK6187295,Madalagama,262,261,523,15
LK6187300,Godawela,262,261,523,15
LK6187305,Kotambule,262,261,523,15
LK6187310,Mawatta,262,261,523,15
LK6187315,Weeragala,262,261,523,15
LK6187320,Yogamuwakanda,262,261,523,15
LK6187325,Epakanda,262,261,523,15
LK6187330,Ganegoda North,262,261,523,15
LK6187335,Delgolla,262,261,523,15
LK6187340,Gorokgahapotta,262,261,523,15
LK6187345,Godigamuwa,262,261,523,15
LK6187350,Udukedeniya,262,261,523,15
LK6187355,Panaliya North,262,261,523,15
LK6187360,Tenpana,262,261,523,15
LK6187365,Kuleepitiya North,262,261,523,15
LK6187370,Ganegoda South,262,261,523,15
LK6187375,Polgahawela North,262,261,523,15
LK6187380,Meddalanda,262,261,523,15
LK6187385,Morugama,262,261,523,15
LK6187390,Galbadagama,262,261,523,15
LK6187395,Weligodapitiya,262,261,523,15
LK6187400,Polgahawela South,262,261,523,15
LK6187405,Kuleepitiya South,262,261,523,15
LK6187410,Serapees Watta,262,261,523,15
LK6187415,Panaliya South,262,261,523,15
LK6187420,Oruliyadda,262,261,523,15
LK62,Puttalam,660000,660000,1320000,15
LK6203,Kalpitiya,41250,41250,82500,15
LK6203005,Duechbay,1331,1331,2662,15
LK6203010,Palliyawatta,1331,1330,2661,15
LK6203015,Anawasala,1331,1330,2661,15
LK6203020,Sinnakudirippu,1331,1330,2661,15
LK6203025,Wanni Mundalama,1331,1330,2661,15
LK6203030,Mandalakudawa,1331,1330,2661,15
LK6203035,Periyakudirippu,1331,1330,2661,15
LK6203040,Pudukudirippuwa,1331,1330,2661,15
LK6203045,Kandakuliya Kudawa,1331,1330,2661,15
LK6203050,Kurinjipitiya North,1331,1330,2661,15
LK6203055,Kurinjipitiya South,1331,1330,2661,15
LK6203060,Kandakuliya,1331,1330,2661,15
LK6203065,Palliwasalthure,1331,1330,2661,15
LK6203070,Musalpitiya,1331,1330,2661,15
LK6203075,Mudalappaliya,1331,1330,2661,15
LK6203080,Thalavila East,1331,1330,2661,15
LK6203085,Thalavila West,1331,1330,2661,15
LK6203090,Palakudawa,1331,1330,2661,15
LK6203095,Thigali,1331,1330,2661,15
LK6203100,Ettala,1331,1330,2661,15
LK6203105,Andankanniya,1331,1330,2661,15
LK6203110,Alankudawa,1331,1330,2661,15
LK6203115,Norochchola,1331,1330,2661,15
LK6203120,Paniyadiya,1331,1330,2661,15
LK6203125,Narakkalliya,1331,1330,2661,15
LK6203130,Mampuriya,1331,1330,2661,15
LK6203135,Nawakkaduwa,1331,1330,2661,15
LK6203140,Nirmalapura,1331,1330,2661,15
LK6203145,Daluwa,1331,1330,2661,15
LK6203150,Thethapola,1331,1330,2661,15
LK6203155,Karamba,1331,1330,2661,15
LK6206,Vanathavilluwa,41250,41250,82500,15
LK6206005,Pukkulama,2427,2426,4853,15
LK6206010,Ralmaduwa,2426,2426,4852,15
LK6206015,Parana Eluwankulama,2426,2426,4852,15
LK6206020,Aluth Eluwankulama,2426,2426,4852,15
LK6206025,Serakkuliya,2426,2426,4852,15
LK6206030,Karathivu North,2426,2426,4852,15
LK6206035,Karathivu South,2426,2426,4852,15
LK6206040,Mangala Pura,2426,2426,4852,15
LK6206045,Bandaranayakapura,2426,2426,4852,15
LK6206050,Vanathavilluwa North,2426,2426,4852,15
LK6206055,Vanathavilluwa South,2426,2426,4852,15
LK6206060,Wijayapura West,2426,2426,4852,15
LK6206065,Wijayapura East,2426,2426,4852,15
LK6206070,Karadipuwal,2426,2426,4852,15
LK6206075,Samagipura,2426,2426,4852,15
LK6206080,Vattakandal,2426,2426,4852,15
LK6206085,Mailankulama,2426,2426,4852,15
LK6209,Karuwalagaswewa,41250,41250,82500,15
LK6209005,Pahala Puliyankulama,1587,1587,3174,15
LK6209010,Moonamalgaswewa,1587,1586,3173,15
LK6209015,Saliyawewa,1587,1586,3173,15
LK6209020,Ranawarapitiya,1587,1586,3173,15
LK6209025,Saliyawewa C,1587,1586,3173,15
LK6209030,Saliyawewa B,1587,1586,3173,15
LK6209035,Palugassegama,1587,1586,3173,15
LK6209040,Ihala Puliyankulama,1587,1586,3173,15
LK6209045,Thambapanniya,1587,1586,3173,15
LK6209050,Medagama,1587,1586,3173,15
LK6209055,Aluthgama,1587,1586,3173,15
LK6209060,Weerapura,1587,1586,3173,15
LK6209065,Dangaswewa,1587,1586,3173,15
LK6209070,Ipalogama,1587,1586,3173,15
LK6209075,Kumbukwewa,1587,1586,3173,15
LK6209080,Rambawewa,1587,1586,3173,15
LK6209085,Pahariya,1587,1586,3173,15
LK6209090,Murukkuwatawana,1587,1586,3173,15
LK6209095,Thabbowa South,1587,1586,3173,15
LK6209100,Thabbowa North,1587,1586,3173,15
LK6209105,Thewanuwara,1587,1586,3173,15
LK6209110,Pawattamaduwa,1587,1586,3173,15
LK6209115,Karuwalagaswewa,1587,1586,3173,15
LK6209120,Kuda Medawachchiya,1587,1586,3173,15
LK6209125,Paleegama,1587,1586,3173,15
LK6209130,Egodapitiya,1587,1586,3173,15
LK6212,Nawagattegama,41250,41250,82500,15
LK6212005,Mahameddewa,2172,2171,4343,15
LK6212010,Moragahawewa,2171,2171,4342,15
LK6212015,Maha Andarawewa,2171,2171,4342,15
LK6212020,Kirimetiyawa,2171,2171,4342,15
LK6212025,Miyellewa,2171,2171,4342,15
LK6212030,Thammennawetiya,2171,2171,4342,15
LK6212035,Samurdhigama,2171,2171,4342,15
LK6212040,Amunuwewa,2171,2171,4342,15
LK6212045,Kuruluwewa,2171,2171,4342,15
LK6212050,Tharanagahawewa,2171,2171,4342,15
LK6212055,Kelewewa,2171,2171,4342,15
LK6212060,Welewewa North,2171,2171,4342,15
LK6212065,Mullegama,2171,2171,4342,15
LK6212070,Welewewa South,2171,2171,4342,15
LK6212075,Gedarawewa,2171,2171,4342,15
LK6212080,Rambakanayagama,2171,2171,4342,15
LK6212085,Inginimitiya East,2171,2171,4342,15
LK6212090,Inginimitiya West,2171,2171,4342,15
LK6212095,Konkadawala,2171,2171,4342,15
LK6215,Puttalam,41250,41250,82500,15
LK6215005,Manalthivu,1875,1875,3750,15
LK6215010,Sirambiadiya,1875,1875,3750,15
LK6215015,Sella Kandal,1875,1875,3750,15
LK6215020,Nelumwewa,1875,1875,3750,15
LK6215025,Marikkar Street,1875,1875,3750,15
LK6215030,Mullipuram,1875,1875,3750,15
LK6215035,Pudukudirippuwa,1875,1875,3750,15
LK6215040,Puttalam East,1875,1875,3750,15
LK6215045,Senakudirippuwa,1875,1875,3750,15
LK6215050,Thiladiya,1875,1875,3750,15
LK6215055,Puttalam South,1875,1875,3750,15
LK6215060,Parana Jumma Palli,1875,1875,3750,15
LK6215065,Puttalam North,1875,1875,3750,15
LK6215070,Periyapalli Kudiyiruppuwa,1875,1875,3750,15
LK6215075,Rathmalyaya,1875,1875,3750,15
LK6215080,Thammennagama,1875,1875,3750,15
LK6215085,Kaladiya,1875,1875,3750,15
LK6215090,Bodhirajapura,1875,1875,3750,15
LK6215095,Attavilluwa,1875,1875,3750,15
LK6215100,Palaviya,1875,1875,3750,15
LK6215105,Pottuvilluwa,1875,1875,3750,15
LK6215110,Attavilluwa Central,1875,1875,3750,15
LK6218,Mundel,41250,41250,82500,15
LK6218005,Puludiviyal,1331,1331,2662,15
LK6218010,Viruthodai,1331,1330,2661,15
LK6218015,Weerapura,1331,1330,2661,15
LK6218020,Welusumanapura,1331,1330,2661,15
LK6218025,Madurankuliya,1331,1330,2661,15
LK6218030,Kanamulla North,1331,1330,2661,15
LK6218035,Kadayamotte,1331,1330,2661,15
LK6218040,Nallandaluwa,1331,1330,2661,15
LK6218045,Palasola,1331,1330,2661,15
LK6218050,Mukkuthoduwawa,1331,1330,2661,15
LK6218055,Kandathoduwawa,1331,1330,2661,15
LK6218060,Kanamulla South,1331,1330,2661,15
LK6218065,Pubudugama,1331,1330,2661,15
LK6218070,Sameeragama,1331,1330,2661,15
LK6218075,Palliwasalpaduwa,1331,1330,2661,15
LK6218080,Perukkuvattan,1331,1330,2661,15
LK6218085,Kottanthievu,1331,1330,2661,15
LK6218090,Mangalaeliya,1331,1330,2661,15
LK6218095,Nawadankulama,1331,1330,2661,15
LK6218100,Mundalama,1331,1330,2661,15
LK6218105,Kudirippuwa,1331,1330,2661,15
LK6218110,Kattakaduwa,1331,1330,2661,15
LK6218115,Sinnapaduwa,1331,1330,2661,15
LK6218120,Poonapitiya,1331,1330,2661,15
LK6218125,Andimunai,1331,1330,2661,15
LK6218130,Udappuwa,1331,1330,2661,15
LK6218135,Udappuwa,1331,1330,2661,15
LK6218140,Pulichchakulama,1331,1330,2661,15
LK6218145,Karathanvilluwa,1331,1330,2661,15
LK6218150,Tharakudivilluwa,1331,1330,2661,15
LK6218155,Angunavila,1331,1330,2661,15
LK6221,Mahakumbukkadawala,41250,41250,82500,15
LK6221005,Kivula No. 4-2,1650,1650,3300,15
LK6221010,Dangahawala,1650,1650,3300,15
LK6221015,Kivula No. 4-1,1650,1650,3300,15
LK6221020,Kivula Youth Project,1650,1650,3300,15
LK6221025,Kivula No. 1,1650,1650,3300,15
LK6221030,Kivulagoda Govi Janapadaya,1650,1650,3300,15
LK6221035,Rathmalgaswewa,1650,1650,3300,15
LK6221040,Dangaswewa,1650,1650,3300,15
LK6221045,Kawayankulama,1650,1650,3300,15
LK6221050,Jayarajapura,1650,1650,3300,15
LK6221055,Karuwalabedda,1650,1650,3300,15
LK6221060,Maha Kumbukkadawala,1650,1650,3300,15
LK6221065,Sembukuliya,1650,1650,3300,15
LK6221070,Walpaluwa,1650,1650,3300,15
LK6221075,Kakupandiyawa,1650,1650,3300,15
LK6221080,Punavitiya,1650,1650,3300,15
LK6221085,Garayakgama,1650,1650,3300,15
LK6221090,Daluwegama,1650,1650,3300,15
LK6221095,Mohoriya,1650,1650,3300,15
LK6221100,Baranankattuwa,1650,1650,3300,15
LK6221105,Karungalichole,1650,1650,3300,15
LK6221110,Mahasembukuliya,1650,1650,3300,15
LK6221115,Galkuliya West,1650,1650,3300,15
LK6221120,Galkuliya East,1650,1650,3300,15
LK6221125,Andigama,1650,1650,3300,15
LK6224,Anamaduwa,41250,41250,82500,15
LK6224005,Kottukachchiya Colony 2,1179,1179,2358,15
LK6224010,Kottukachchiya Colony 1,1179,1178,2357,15
LK6224015,Mellankulama,1179,1178,2357,15
LK6224020,Kottukachchiya,1179,1178,2357,15
LK6224025,Paliyagama,1179,1178,2357,15
LK6224030,Uriyawa,1179,1178,2357,15
LK6224035,Koilandigama,1179,1178,2357,15
LK6224040,07 Gammanaya,1179,1178,2357,15
LK6224045,Maha Uswewa South,1179,1178,2357,15
LK6224050,Maha Uswewa North,1179,1178,2357,15
LK6224055,Alankulama,1179,1178,2357,15
LK6224060,Merungoda,1179,1178,2357,15
LK6224065,Labugala,1179,1178,2357,15
LK6224070,Karambewa,1179,1178,2357,15
LK6224075,Thalgaswewa,1179,1178,2357,15
LK6224080,Periyakulama,1179,1178,2357,15
LK6224085,Paramakandagama,1179,1178,2357,15
LK6224090,Thonigala,1179,1178,2357,15
LK6224095,Wadatta,1179,1178,2357,15
LK6224100,Viharagama,1179,1178,2357,15
LK6224105,Siyambalagashena,1179,1178,2357,15
LK6224110,Thattewa,1179,1178,2357,15
LK6224115,Thammennagama,1179,1178,2357,15
LK6224120,Bammannegama,1179,1178,2357,15
LK6224125,Kothalakemiyawa,1179,1178,2357,15
LK6224130,Gallewa,1179,1178,2357,15
LK6224135,Thalakolawewa,1179,1178,2357,15
LK6224140,Anamaduwa,1179,1178,2357,15
LK6224145,Peramakuttuwa,1179,1178,2357,15
LK6224150,Divulwewa,1179,1178,2357,15
LK6224155,Wadigamangawa,1179,1178,2357,15
LK6224160,Dharmapalaya,1179,1178,2357,15
LK6224165,Uppalawatta,1179,1178,2357,15
LK6224170,Sangattikulama,1179,1178,2357,15
LK6224175,Mudalakkuliya,1179,1178,2357,15
LK6227,Pallama,41250,41250,82500,15
LK6227005,Dewala Handiya,2292,2292,4584,15
LK6227010,Wilpatha East,2292,2291,4583,15
LK6227015,Siyambalagaswewa,2292,2291,4583,15
LK6227020,Nagavila,2292,2291,4583,15
LK6227025,Periyamaduwa,2292,2291,4583,15
LK6227030,Kammanadaluwa,2292,2291,4583,15
LK6227035,Wilpatha West,2292,2291,4583,15
LK6227040,Thamarakkulama,2292,2291,4583,15
LK6227045,Serukele,2292,2291,4583,15
LK6227050,Katupotha,2292,2291,4583,15
LK6227055,Madawakkulama,2292,2291,4583,15
LK6227060,Wetiya,2292,2291,4583,15
LK6227065,Nandimithrapura,2292,2291,4583,15
LK6227070,Wendakaduwa,2292,2291,4583,15
LK6227075,Pallama,2292,2291,4583,15
LK6227080,Wathupola,2292,2291,4583,15
LK6227085,Puliyankulama,2292,2291,4583,15
LK6227090,Thammana,2292,2291,4583,15
LK6230,Arachchikattuwa,41250,41250,82500,15
LK6230005,Battaluoya,1250,1250,2500,15
LK6230010,Mahamaeliya,1250,1250,2500,15
LK6230015,Buruthakele,1250,1250,2500,15
LK6230020,Wijayakatupatha Elen Megoda,1250,1250,2500,15
LK6230025,Pahala Attanganaya,1250,1250,2500,15
LK6230030,Wijayakatupatha Elen Egoda,1250,1250,2500,15
LK6230035,Anavilundawa,1250,1250,2500,15
LK6230040,Suruvila,1250,1250,2500,15
LK6230045,Ilakkattuwa,1250,1250,2500,15
LK6230050,Pankulawa,1250,1250,2500,15
LK6230055,Ihala Attanganaya,1250,1250,2500,15
LK6230060,Ambakele,1250,1250,2500,15
LK6230065,Welipelessa,1250,1250,2500,15
LK6230070,Nalladarankattuwa,1250,1250,2500,15
LK6230075,Karukupane,1250,1250,2500,15
LK6230080,Wairankattuwa,1250,1250,2500,15
LK6230085,Sengaloya,1250,1250,2500,15
LK6230090,Arachchikattuwa West,1250,1250,2500,15
LK6230095,Arachchikattuwa East,1250,1250,2500,15
LK6230100,Bandarahena,1250,1250,2500,15
LK6230105,Adippala,1250,1250,2500,15
LK6230110,Andanan Kattuwa,1250,1250,2500,15
LK6230115,Kumarakattuwa,1250,1250,2500,15
LK6230120,Elivitiya,1250,1250,2500,15
LK6230125,Diganwewa,1250,1250,2500,15
LK6230130,Rajakadaluwa,1250,1250,2500,15
LK6230135,Kusala,1250,1250,2500,15
LK6230140,Kottapitiya,1250,1250,2500,15
LK6230145,Bangadeniya,1250,1250,2500,15
LK6230150,Weerakumandaluwa,1250,1250,2500,15
LK6230155,Karukkuliya,1250,1250,2500,15
LK6230160,Mukkandaluwa,1250,1250,2500,15
LK6230165,Dematapitiya,1250,1250,2500,15
LK6233,Chilaw,41250,41250,82500,15
LK6233005,Kurusapaduwa,842,842,1684,15
LK6233010,Deduruoya,842,841,1683,15
LK6233015,Manuwangama West,842,841,1683,15
LK6233020,Manuwangama East,842,841,1683,15
LK6233025,Nariyagama North,842,841,1683,15
LK6233030,Parappanmulla,842,841,1683,15
LK6233035,Weerapandiyana,842,841,1683,15
LK6233040,Maha Vilattawa,842,841,1683,15
LK6233045,Kanattawa,842,841,1683,15
LK6233050,Nariyagama South,842,841,1683,15
LK6233055,Urudayandaluwa,842,841,1683,15
LK6233060,Thissogama,842,841,1683,15
LK6233065,Thimbilla,842,841,1683,15
LK6233070,Wattakkaliya,842,841,1683,15
LK6233075,Weralabada South,842,841,1683,15
LK6233080,Weralabada North,842,841,1683,15
LK6233085,Egodawatta,842,841,1683,15
LK6233090,Aluthwatta,842,841,1683,15
LK6233095,Aluthwatta,842,841,1683,15
LK6233100,Ichchampitiya,842,841,1683,15
LK6233105,Munneshwarama,842,841,1683,15
LK6233110,Thittakade,842,841,1683,15
LK6233115,Mugunuwatawana,842,841,1683,15
LK6233120,Kokkavila,842,841,1683,15
LK6233125,Puliyankadawara,842,841,1683,15
LK6233130,Punchi Vilattawa,842,841,1683,15
LK6233135,Karavitagara West,842,841,1683,15
LK6233140,Karavitagara East,842,841,1683,15
LK6233145,Dambakele,842,841,1683,15
LK6233150,Weerakelewatta,842,841,1683,15
LK6233155,Karavita,842,841,1683,15
LK6233160,Mungandaluwa East,842,841,1683,15
LK6233165,Mungandaluwa West,842,841,1683,15
LK6233170,Ilippadeniya,842,841,1683,15
LK6233175,Sawarana,842,841,1683,15
LK6233180,Maikkulama,842,841,1683,15
LK6233185,Pitipana East,842,841,1683,15
LK6233190,Melpura,842,841,1683,15
LK6233195,Pitipana North,842,841,1683,15
LK6233200,Pitipana South,842,841,1683,15
LK6233205,Weralabada,842,841,1683,15
LK6233210,Welihena,842,841,1683,15
LK6233215,Merawala,842,841,1683,15
LK6233220,Inigodawela,842,841,1683,15
LK6233225,Ihala Olidaluwa,842,841,1683,15
LK6233230,Maradankulama,842,841,1683,15
LK6233235,Olidaluwa,842,841,1683,15
LK6233240,Ambakandavila,842,841,1683,15
LK6233245,Kakkapalliya,842,841,1683,15
LK6236,Madampe,41250,41250,82500,15
LK6236005,Athuwana,842,842,1684,15
LK6236010,Mahagama North,842,841,1683,15
LK6236015,Mahagama South,842,841,1683,15
LK6236020,Kongasyaya,842,841,1683,15
LK6236025,Ponnankanniya,842,841,1683,15
LK6236030,Manakkulama,842,841,1683,15
LK6236035,Dematapitiya,842,841,1683,15
LK6236040,Thambagalla West,842,841,1683,15
LK6236045,Thambagalla,842,841,1683,15
LK6236050,Thambagalla Watta,842,841,1683,15
LK6236055,Medagama,842,841,1683,15
LK6236060,Panirendawa,842,841,1683,15
LK6236065,Rathmal Agara,842,841,1683,15
LK6236070,Rathnagiriya,842,841,1683,15
LK6236075,Nankadawara,842,841,1683,15
LK6236080,Kuda Bingiriya,842,841,1683,15
LK6236085,Indigasvila,842,841,1683,15
LK6236090,Walahena,842,841,1683,15
LK6236095,Pambala,842,841,1683,15
LK6236100,Pambala South,842,841,1683,15
LK6236105,Hareendragama,842,841,1683,15
LK6236110,Sembukattiya,842,841,1683,15
LK6236115,Uraliya,842,841,1683,15
LK6236120,Heen Agara,842,841,1683,15
LK6236125,Kachchakaduwa,842,841,1683,15
LK6236130,Galmuruwa North,842,841,1683,15
LK6236135,Kudirippuwa,842,841,1683,15
LK6236140,Karukkuwatawana,842,841,1683,15
LK6236145,Erunvila,842,841,1683,15
LK6236150,Karukkuwa,842,841,1683,15
LK6236155,Galahitiyawa,842,841,1683,15
LK6236160,Maraggalagama,842,841,1683,15
LK6236165,Irattakulama North,842,841,1683,15
LK6236170,Irattakulama South,842,841,1683,15
LK6236175,Egodayagama,842,841,1683,15
LK6236180,Pattiyagama,842,841,1683,15
LK6236185,Ihalagama,842,841,1683,15
LK6236190,Uraliyagara,842,841,1683,15
LK6236195,Mellawagara,842,841,1683,15
LK6236200,Suduwella,842,841,1683,15
LK6236205,Pothuvila,842,841,1683,15
LK6236210,Pallakele,842,841,1683,15
LK6236215,Galmuruwa South,842,841,1683,15
LK6236220,Henapola,842,841,1683,15
LK6236225,Mugunuwatawana,842,841,1683,15
LK6236230,Pookulama,842,841,1683,15
LK6236235,Nelumpokuna,842,841,1683,15
LK6236240,Mahabaddegama,842,841,1683,15
LK6236245,Thaniwellagama,842,841,1683,15
LK6239,Mahawewa,41250,41250,82500,15
LK6239005,Iranavila West,878,878,1756,15
LK6239010,Iranavila East,878,877,1755,15
LK6239015,Thoduwawa North,878,877,1755,15
LK6239020,Meda Thoduwawa,878,877,1755,15
LK6239025,Thoduwawa South,878,877,1755,15
LK6239030,Mattakotuwa,878,877,1755,15
LK6239035,Pahala Mahawewa,878,877,1755,15
LK6239040,Adapparagama,878,877,1755,15
LK6239045,Ihala Kudawewa,878,877,1755,15
LK6239050,Puruduwella,878,877,1755,15
LK6239055,Galamuna,878,877,1755,15
LK6239060,Medagoda,878,877,1755,15
LK6239065,Hewana,878,877,1755,15
LK6239070,Yatakalana,878,877,1755,15
LK6239075,Muttibendivila,878,877,1755,15
LK6239080,Ihala Walahapitiya,878,877,1755,15
LK6239085,Meda Walahapitiya,878,877,1755,15
LK6239090,Pahala Kudawewa,878,877,1755,15
LK6239095,Maligawatta,878,877,1755,15
LK6239100,Meda Mahawewa,878,877,1755,15
LK6239105,Veehena,878,877,1755,15
LK6239110,Mattakotuwella,878,877,1755,15
LK6239115,Barudelpola,878,877,1755,15
LK6239120,Ihala Mahawewa,878,877,1755,15
LK6239125,Pahala Koswadiya,878,877,1755,15
LK6239130,Meda Koswadiya,878,877,1755,15
LK6239135,Ihala Koswadiya,878,877,1755,15
LK6239140,Pahala Walahapitiya,878,877,1755,15
LK6239145,Panangoda,878,877,1755,15
LK6239150,Sagaragama,878,877,1755,15
LK6239155,Egodagoda,878,877,1755,15
LK6239160,Puhulhena,878,877,1755,15
LK6239165,Halpanvila East,878,877,1755,15
LK6239170,Meda Hattiniya,878,877,1755,15
LK6239175,Halpanvila West,878,877,1755,15
LK6239180,Thalvila,878,877,1755,15
LK6239185,Modarawella,878,877,1755,15
LK6239190,Pahala Hattiniya,878,877,1755,15
LK6239195,Maravila North,878,877,1755,15
LK6239200,Ihala Hattiniya,878,877,1755,15
LK6239205,Maranda North,878,877,1755,15
LK6239210,Maranda South,878,877,1755,15
LK6239215,Horagolla North,878,877,1755,15
LK6239220,Horagolla South,878,877,1755,15
LK6239225,Maravila Town,878,877,1755,15
LK6239230,Maravila South,878,877,1755,15
LK6239235,Maravila Wella,878,877,1755,15
LK6242,Nattandiya,41250,41250,82500,15
LK6242005,Pahala Nattandiya,878,878,1756,15
LK6242010,Mailawa,878,877,1755,15
LK6242015,Pilakatumulla,878,877,1755,15
LK6242020,Dunkannawa,878,877,1755,15
LK6242025,Maningala,878,877,1755,15
LK6242030,Sandanangama,878,877,1755,15
LK6242035,Ihala Thabbowa,878,877,1755,15
LK6242040,Meda Thabbowa,878,877,1755,15
LK6242045,Pahala Thabbowa,878,877,1755,15
LK6242050,Weerahena East,878,877,1755,15
LK6242055,Ihala Nattandiya,878,877,1755,15
LK6242060,Meda Nattandiya,878,877,1755,15
LK6242065,Weerahena West,878,877,1755,15
LK6242070,Mudukatuwa North,878,877,1755,15
LK6242075,Mudukatuwa South,878,877,1755,15
LK6242080,Mudukatuwa East,878,877,1755,15
LK6242085,Pahala Mavila,878,877,1755,15
LK6242090,Meda Mavila,878,877,1755,15
LK6242095,Ihala Mavila,878,877,1755,15
LK6242100,Pahala Kottaramulla,878,877,1755,15
LK6242105,Paluwelgala North,878,877,1755,15
LK6242110,Kachchirawa,878,877,1755,15
LK6242115,Paluwelgala South,878,877,1755,15
LK6242120,Naravila,878,877,1755,15
LK6242125,Kuddetiyawa,878,877,1755,15
LK6242130,Yakdessawa,878,877,1755,15
LK6242135,Koswatta North,878,877,1755,15
LK6242140,Meegahawela,878,877,1755,15
LK6242145,Koswatta South,878,877,1755,15
LK6242150,Morakele South,878,877,1755,15
LK6242155,Meda Kottaramulla,878,877,1755,15
LK6242160,Morakele North,878,877,1755,15
LK6242165,Ihala Kottaramulla,878,877,1755,15
LK6242170,Thummodara East,878,877,1755,15
LK6242175,Thummodara West,878,877,1755,15
LK6242180,Nakele,878,877,1755,15
LK6242185,Ihala Katuneriya,878,877,1755,15
LK6242190,Bulugahawewa,878,877,1755,15
LK6242195,Nebadagahayaya,878,877,1755,15
LK6242200,Lansigama,878,877,1755,15
LK6242205,Pahala Katuneriya North,878,877,1755,15
LK6242210,Meda Pahala Katuneriya,878,877,1755,15
LK6242215,Pahala Katuneriya South,878,877,1755,15
LK6242220,Meda Katuneriya,878,877,1755,15
LK6242225,Meegahawewa,878,877,1755,15
LK6242230,Dematapitiya,878,877,1755,15
LK6242235,Dhammikagama,878,877,1755,15
LK6245,Wennappuwa,41250,41250,82500,15
LK6245005,Kolinjadiya West,794,793,1587,15
LK6245010,Kolinjadiya North,793,793,1586,15
LK6245015,Udasirigama,793,793,1586,15
LK6245020,Sirigampala North,793,793,1586,15
LK6245025,Lunuvila East,793,793,1586,15
LK6245030,Sirigampala South,793,793,1586,15
LK6245035,Meda Lunuvila,793,793,1586,15
LK6245040,Lunuvila West,793,793,1586,15
LK6245045,Wennappuwa North,793,793,1586,15
LK6245050,Kolinjadiya East,793,793,1586,15
LK6245055,Kolinjadiya South,793,793,1586,15
LK6245060,Ulhitiyawa West,793,793,1586,15
LK6245065,Ulhitiyawa North,793,793,1586,15
LK6245070,Meda Ulhitiyawa,793,793,1586,15
LK6245075,Wennappuwa West,793,793,1586,15
LK6245080,Meda Wennappuwa,793,793,1586,15
LK6245085,Wennappuwa East,793,793,1586,15
LK6245090,Lunuvila South,793,793,1586,15
LK6245095,Bandirippuwa North,793,793,1586,15
LK6245100,Bandirippuwa West,793,793,1586,15
LK6245105,Wennappuwa South,793,793,1586,15
LK6245110,Ulhitiyawa South,793,793,1586,15
LK6245115,Kadawatha,793,793,1586,15
LK6245120,Dummaladeniya West,793,793,1586,15
LK6245125,Meda Dummaladeniya,793,793,1586,15
LK6245130,Dummaladeniya North,793,793,1586,15
LK6245135,Bandirippuwa East,793,793,1586,15
LK6245140,Dummaladeniya East,793,793,1586,15
LK6245145,Dummaladeniya South,793,793,1586,15
LK6245150,Wellamankaraya,793,793,1586,15
LK6245155,Meda Nainamadama,793,793,1586,15
LK6245160,Hanathotupola,793,793,1586,15
LK6245165,Boralessa West,793,793,1586,15
LK6245170,Boralessa North,793,793,1586,15
LK6245175,Boralessa East,793,793,1586,15
LK6245180,Boralessa South,793,793,1586,15
LK6245185,Nainamadama West,793,793,1586,15
LK6245190,Nainamadama East,793,793,1586,15
LK6245195,Mirissankotuwa North,793,793,1586,15
LK6245200,Mirissankotuwa South,793,793,1586,15
LK6245205,Bolawatta,793,793,1586,15
LK6245210,Rangammulla,793,793,1586,15
LK6245215,Kammala,793,793,1586,15
LK6245220,Angampitiya East,793,793,1586,15
LK6245225,Angampitiya West,793,793,1586,15
LK6245230,Aluttota,793,793,1586,15
LK6245235,Sindathriya,793,793,1586,15
LK6245240,Waikkala North,793,793,1586,15
LK6245245,Waikkala South,793,793,1586,15
LK6245250,Bolana,793,793,1586,15
LK6245255,Thambaravila,793,793,1586,15
LK6245260,Thopputhota,793,793,1586,15
LK6248,Dankotuwa,41250,41250,82500,15
LK6248005,Bothalegama,878,878,1756,15
LK6248010,Kirimetiyana East,878,877,1755,15
LK6248015,Thulawala,878,877,1755,15
LK6248020,Hundirapola,878,877,1755,15
LK6248025,Pothuwatawana,878,877,1755,15
LK6248030,Lihiriyagama,878,877,1755,15
LK6248035,Kahatavila Part,878,877,1755,15
LK6248040,Kahatavila West,878,877,1755,15
LK6248045,Meda Kirimetiyana,878,877,1755,15
LK6248050,Kirimetiyana North,878,877,1755,15
LK6248055,Kirimetiyana West,878,877,1755,15
LK6248060,Kirimetiyana South,878,877,1755,15
LK6248065,Pansal Handiya,878,877,1755,15
LK6248070,Haldanduwana North,878,877,1755,15
LK6248075,Mellawa,878,877,1755,15
LK6248080,Ihala Bujjampola,878,877,1755,15
LK6248085,Pahala Bujjampola,878,877,1755,15
LK6248090,Haldanduwana West,878,877,1755,15
LK6248095,Meda Haldanduwana,878,877,1755,15
LK6248100,Katukenda East,878,877,1755,15
LK6248105,Meda Katukenda,878,877,1755,15
LK6248110,Gonavila North,878,877,1755,15
LK6248115,Meda Gonavila,878,877,1755,15
LK6248120,Katukenda West,878,877,1755,15
LK6248125,Dankotuwa West,878,877,1755,15
LK6248130,Dankotuwa North,878,877,1755,15
LK6248135,Ihala Dummalakotuwa,878,877,1755,15
LK6248140,Haldanduwana South,878,877,1755,15
LK6248145,Pahala Mohottimulla,878,877,1755,15
LK6248150,Ihala Mohottimulla,878,877,1755,15
LK6248155,Sendiriyamulla,878,877,1755,15
LK6248160,Singakkuliya,878,877,1755,15
LK6248165,Kaluwachchimulla,878,877,1755,15
LK6248170,Motemulla,878,877,1755,15
LK6248175,Etiyawala North,878,877,1755,15
LK6248180,Pahala Dummalakotuwa,878,877,1755,15
LK6248185,Dankotuwa East,878,877,1755,15
LK6248190,Dankotuwa South,878,877,1755,15
LK6248195,Gonavila South,878,877,1755,15
LK6248200,Godella,878,877,1755,15
LK6248205,Morukkuliya,878,877,1755,15
LK6248210,Metikotuwa,878,877,1755,15
LK6248215,Thamarakuliya,878,877,1755,15
LK6248220,Etiyawala South,878,877,1755,15
LK6248225,Jankurawela,878,877,1755,15
LK6248230,Yogiyana,878,877,1755,15
LK6248235,Dikwela,878,877,1755,15
LK7,North Central,660000,660000,1320000,15
LK71,Anuradhapura,330000,330000,660000,15
LK7103,Padaviya,15000,15000,30000,15
LK7103005,Buddhangala,1000,1000,2000,15
LK7103010,Elikimbulagala,1000,1000,2000,15
LK7103015,Abhayapura,1000,1000,2000,15
LK7103020,Maithreepura,1000,1000,2000,15
LK7103025,Parakramapura,1000,1000,2000,15
LK7103030,Track B,1000,1000,2000,15
LK7103035,Bisokotuwa,1000,1000,2000,15
LK7103040,Sudarshanagama,1000,1000,2000,15
LK7103045,Balayawewa,1000,1000,2000,15
LK7103050,Mahasenpura,1000,1000,2000,15
LK7103055,Urewa,1000,1000,2000,15
LK7103060,Kumbukwewa,1000,1000,2000,15
LK7103065,Ruwanpura,1000,1000,2000,15
LK7103070,Bogahawewa,1000,1000,2000,15
LK7103075,Padaviya,1000,1000,2000,15
LK7106,Kebithigollewa,15000,15000,30000,15
LK7106005,Halmillawetiya,577,577,1154,15
LK7106010,Kanugahawewa,577,576,1153,15
LK7106015,Herathhalmillewa,577,576,1153,15
LK7106020,Bellankadawala,577,576,1153,15
LK7106025,Punchimudagama,577,576,1153,15
LK7106030,D 06 Wahalkada,577,576,1153,15
LK7106035,D 05 Wahalkada,577,576,1153,15
LK7106040,D 04 Wahalkada,577,576,1153,15
LK7106045,Kahatagollewa,577,576,1153,15
LK7106050,Thammennawa,577,576,1153,15
LK7106055,Kunchuttuwa,577,576,1153,15
LK7106060,Galawewa,577,576,1153,15
LK7106065,Thittagonewa,577,576,1153,15
LK7106070,Kurulugama,577,576,1153,15
LK7106075,Sinhalaetaweerawewa,577,576,1153,15
LK7106080,Ethalvidda Wewa,577,576,1153,15
LK7106085,Gonumeriyawa,577,576,1153,15
LK7106090,Kebithigollewa,577,576,1153,15
LK7106095,Ihala Usgollewa,577,576,1153,15
LK7106100,Aiyathigewewa,577,576,1153,15
LK7106105,Bandaraulpatha,577,576,1153,15
LK7106110,Kiriketuwewa,577,576,1153,15
LK7106115,Gonahathdenawa,577,576,1153,15
LK7106120,Thimbiriwewa,577,576,1153,15
LK7106125,Handagala Kirimetiyawa,577,576,1153,15
LK7106130,Wattewewa,577,576,1153,15
LK7109,Medawachchiya,15000,15000,30000,15
LK7109005,Prabodhagama,406,405,811,15
LK7109010,Paranahalmillewa,405,405,810,15
LK7109015,Lolugaswewa,405,405,810,15
LK7109020,Puhudivula,405,405,810,15
LK7109025,Heerallugama,405,405,810,15
LK7109030,Ethakada,405,405,810,15
LK7109035,Etaweeragollewa,405,405,810,15
LK7109040,Kadawath Rambewa,405,405,810,15
LK7109045,Maha Kumbukgollewa,405,405,810,15
LK7109050,Kidawarankulama,405,405,810,15
LK7109055,Anekattiya,405,405,810,15
LK7109060,Periyakulama,405,405,810,15
LK7109065,Poonewa,405,405,810,15
LK7109070,Isinbessagama,405,405,810,15
LK7109075,Mahadivulwewa,405,405,810,15
LK7109080,Kidagalegama,405,405,810,15
LK7109085,Moragoda,405,405,810,15
LK7109090,Unagaswewa,405,405,810,15
LK7109095,Kirigalwewa,405,405,810,15
LK7109100,Angunochchiya,405,405,810,15
LK7109105,Ekirikanda,405,405,810,15
LK7109110,Railway Town,405,405,810,15
LK7109115,Kadawathgama,405,405,810,15
LK7109120,Kuda Kumbukgollewa,405,405,810,15
LK7109125,Yakawewa,405,405,810,15
LK7109130,Thammenna Elawaka,405,405,810,15
LK7109135,Puleliya,405,405,810,15
LK7109140,Viralmurippuwa,405,405,810,15
LK7109145,Walpola,405,405,810,15
LK7109150,Katuwela,405,405,810,15
LK7109155,Medawachchiya West,405,405,810,15
LK7109160,Medawachchiya East,405,405,810,15
LK7109165,Kanadara Divulwewa,405,405,810,15
LK7109170,Helambagaswewa,405,405,810,15
LK7109175,Sangilikanadarawa,405,405,810,15
LK7109180,Lindawewa,405,405,810,15
LK7109185,Karambankulama,405,405,810,15
LK7112,Mahawilachchiya,15000,15000,30000,15
LK7112005,Dematamalgama,883,882,1765,15
LK7112010,Thanthirimale,882,882,1764,15
LK7112015,Nelumvila,882,882,1764,15
LK7112020,Sandamaleliya,882,882,1764,15
LK7112025,Thuppitiyawa,882,882,1764,15
LK7112030,Ethdathkalla,882,882,1764,15
LK7112035,Randoowa,882,882,1764,15
LK7112040,Palugaswewa,882,882,1764,15
LK7112045,Mannaram Junction,882,882,1764,15
LK7112050,Kuda Vilachchiya,882,882,1764,15
LK7112055,Mahavillachchiya,882,882,1764,15
LK7112060,Pemaduwa,882,882,1764,15
LK7112065,Kiralpetiyawa,882,882,1764,15
LK7112070,Navodagama,882,882,1764,15
LK7112075,Oyamaduwa,882,882,1764,15
LK7112080,Helambawewa,882,882,1764,15
LK7112085,Dunumadalawa,882,882,1764,15
LK7115,Nuwaragam Palatha Central,15000,15000,30000,15
LK7115005,Helambagaswewa,375,375,750,15
LK7115010,Asirikgama,375,375,750,15
LK7115015,Gambirigaswewa,375,375,750,15
LK7115020,Aluthgama,375,375,750,15
LK7115025,Galpottegama,375,375,750,15
LK7115030,Maha Ehetuwewa,375,375,750,15
LK7115035,Maningamuwa,375,375,750,15
LK7115040,Elayapattuwa,375,375,750,15
LK7115045,Diganegama,375,375,750,15
LK7115050,Karambewa,375,375,750,15
LK7115055,Galkadawala,375,375,750,15
LK7115060,Poowarsankulama,375,375,750,15
LK7115065,Paniyankadawala,375,375,750,15
LK7115070,Parasangaswewa,375,375,750,15
LK7115075,Mankadawala,375,375,750,15
LK7115080,Saliyapura,375,375,750,15
LK7115085,Ashokaramaya,375,375,750,15
LK7115090,Perimiyankulama,375,375,750,15
LK7115095,Katukeliyawa,375,375,750,15
LK7115100,Pusiyankulama,375,375,750,15
LK7115105,Mahamankadawala,375,375,750,15
LK7115110,Ilandagahawewa,375,375,750,15
LK7115115,Vihara Kallanchiya,375,375,750,15
LK7115120,Vihara Palugama,375,375,750,15
LK7115125,Devanampiyathissapura,375,375,750,15
LK7115130,Abhayawewa,375,375,750,15
LK7115135,Pethispura,375,375,750,15
LK7115140,Bandara Puliyankulama,375,375,750,15
LK7115145,Jayanthi Gramaya,375,375,750,15
LK7115150,Theppankulama,375,375,750,15
LK7115155,Thannayamkulama,375,375,750,15
LK7115160,Saliya Mawatha,375,375,750,15
LK7115165,Shuddha Nagaraya,375,375,750,15
LK7115170,Thisawewa,375,375,750,15
LK7115175,Wessagiriya,375,375,750,15
LK7115180,Isurumuniya,375,375,750,15
LK7115185,Pandulagama,375,375,750,15
LK7115190,Pahalagama,375,375,750,15
LK7115195,Mahabulankulama,375,375,750,15
LK7115200,Ulukkulama,375,375,750,15
LK7118,Rambewa,15000,15000,30000,15
LK7118005,Kolibendawewa,395,395,790,15
LK7118010,Medagama,395,394,789,15
LK7118015,Kadurugasdamana,395,394,789,15
LK7118020,Siyambalagaswewa,395,394,789,15
LK7118025,Katukeliyawa,395,394,789,15
LK7118030,Wahamalgollewa Track 05,395,394,789,15
LK7118035,Sangilikanadarawa,395,394,789,15
LK7118040,Diviyaudabendawewa,395,394,789,15
LK7118045,Thalgahawewa,395,394,789,15
LK7118050,Galkandegama,395,394,789,15
LK7118055,Balahondawewa,395,394,789,15
LK7118060,Pihimbiyagollewa,395,394,789,15
LK7118065,Galweeragollewa,395,394,789,15
LK7118070,Ambagahawewa,395,394,789,15
LK7118075,Thamarahalmillewa,395,394,789,15
LK7118080,Wewelketiya,395,394,789,15
LK7118085,Ihala Kolongaswewa,395,394,789,15
LK7118090,Konakumbukwewa,395,394,789,15
LK7118095,Kedewa,395,394,789,15
LK7118100,Kallanchiya,395,394,789,15
LK7118105,Gonewa,395,394,789,15
LK7118110,Ikirigollewa,395,394,789,15
LK7118115,Wahamalgollewa,395,394,789,15
LK7118120,Wahamalgollewa Track 03,395,394,789,15
LK7118125,Pallankulama,395,394,789,15
LK7118130,Mahawewa,395,394,789,15
LK7118135,Pandukabhayapura,395,394,789,15
LK7118140,Katupuliyankulama,395,394,789,15
LK7118145,Sandamalgama,395,394,789,15
LK7118150,Rambewa,395,394,789,15
LK7118155,Nabadagaswewa,395,394,789,15
LK7118160,Mahakanadarawa R. B. Track 02,395,394,789,15
LK7118165,Kapiriggama,395,394,789,15
LK7118170,Peenagama,395,394,789,15
LK7118175,Meemalwewa,395,394,789,15
LK7118180,Rotawewa,395,394,789,15
LK7118185,Kudagama,395,394,789,15
LK7118190,Mahakanadarawa R. B. Track 01,395,394,789,15
LK7121,Kahatagasdigiliya,15000,15000,30000,15
LK7121005,Kirigallewa,375,375,750,15
LK7121010,Rathmalgahawewa,375,375,750,15
LK7121015,Kudapattiya,375,375,750,15
LK7121020,Mahakumbukwewa,375,375,750,15
LK7121025,Palippothana,375,375,750,15
LK7121030,Gonumeruwewa,375,375,750,15
LK7121035,Thurukkuragama,375,375,750,15
LK7121040,Maha Kiribbewa,375,375,750,15
LK7121045,Maha Galkandegama,375,375,750,15
LK7121050,Dachchihalmillawewa,375,375,750,15
LK7121055,Maha Hammillawewa,375,375,750,15
LK7121060,Kumbukgollewa,375,375,750,15
LK7121065,Pandarellewa,375,375,750,15
LK7121070,Sampathgama,375,375,750,15
LK7121075,Thallattewa,375,375,750,15
LK7121080,Mahawewa,375,375,750,15
LK7121085,Kahatagasdigiliya East,375,375,750,15
LK7121090,Kahatagasdigiliya West,375,375,750,15
LK7121095,Kokmaduwa,375,375,750,15
LK7121100,Moragahawela,375,375,750,15
LK7121105,Samadhigama,375,375,750,15
LK7121110,Mekichchawa,375,375,750,15
LK7121115,Ranpathvila,375,375,750,15
LK7121120,Bethkewa - Thulana,375,375,750,15
LK7121125,Maha Messalewa,375,375,750,15
LK7121130,Kohombagaskada,375,375,750,15
LK7121135,Konwewa,375,375,750,15
LK7121140,Ambagahawewa,375,375,750,15
LK7121145,Panwella,375,375,750,15
LK7121150,Mee - Kumbukwewa,375,375,750,15
LK7121155,Tikkanpothana,375,375,750,15
LK7121160,Punchi Halmillewa,375,375,750,15
LK7121165,Weligollewa,375,375,750,15
LK7121170,Divulwewa,375,375,750,15
LK7121175,Diganhalmillawewa,375,375,750,15
LK7121180,Kelenikawewa,375,375,750,15
LK7121185,Nelugollakada,375,375,750,15
LK7121190,Ellawewa,375,375,750,15
LK7121195,Nekutunu Wewa,375,375,750,15
LK7121200,Kanadara Rathmale,375,375,750,15
LK7124,Horowpathana,15000,15000,30000,15
LK7124005,Wahalkada D 2,395,395,790,15
LK7124010,Wahalkada D 1,395,394,789,15
LK7124015,Maradanmaduwa,395,394,789,15
LK7124020,Pahala Divulwewa,395,394,789,15
LK7124025,Weerasole,395,394,789,15
LK7124030,Anaolondewa,395,394,789,15
LK7124035,Kapugollewa,395,394,789,15
LK7124040,Wagollakada,395,394,789,15
LK7124045,Dutuwewa,395,394,789,15
LK7124050,Morawewa,395,394,789,15
LK7124055,Thawalanhalmillewa,395,394,789,15
LK7124060,Thimbiriattawala,395,394,789,15
LK7124065,Nikawewa,395,394,789,15
LK7124070,Welimuwapothana,395,394,789,15
LK7124075,Kivulekada,395,394,789,15
LK7124080,Puhulewewa,395,394,789,15
LK7124085,Rathmale,395,394,789,15
LK7124090,Welangahaulpatha,395,394,789,15
LK7124095,Maradankadawala,395,394,789,15
LK7124100,Horowpothana,395,394,789,15
LK7124105,Medawachchi Handiya,395,394,789,15
LK7124110,Mukkarawewa,395,394,789,15
LK7124115,Ihala Angunachchiya,395,394,789,15
LK7124120,Rasnakawewa,395,394,789,15
LK7124125,Walahaviddawewa,395,394,789,15
LK7124130,Gammahegewewa,395,394,789,15
LK7124135,Morakewa,395,394,789,15
LK7124140,Nanumillawewa,395,394,789,15
LK7124145,Thirappankadawala,395,394,789,15
LK7124150,Parangiyawadiya,395,394,789,15
LK7124155,Nabadawewa,395,394,789,15
LK7124160,Puliyankadawala,395,394,789,15
LK7124165,Vilewewa,395,394,789,15
LK7124170,Wadigawewa,395,394,789,15
LK7124175,Kalpe,395,394,789,15
LK7124180,Dekethipothana,395,394,789,15
LK7124185,Dematawewa,395,394,789,15
LK7124190,Diyatittawewa,395,394,789,15
LK7127,Galenbidunuwewa,15000,15000,30000,15
LK7127005,Konwewa,366,366,732,15
LK7127010,Ellawewa,366,365,731,15
LK7127015,Kataranpuraya,366,365,731,15
LK7127020,Dutuwewa,366,365,731,15
LK7127025,Perettupalagama,366,365,731,15
LK7127030,Kokawewa,366,365,731,15
LK7127035,Dutuwewa Paranagama,366,365,731,15
LK7127040,21 Colony East,366,365,731,15
LK7127045,21 Colony West,366,365,731,15
LK7127050,Ulpathgama,366,365,731,15
LK7127055,Upuldeniya,366,365,731,15
LK7127060,Himbutugollewa,366,365,731,15
LK7127065,Mailagaswewa,366,365,731,15
LK7127070,Ihalagama,366,365,731,15
LK7127075,Galenbindunuwewa,366,365,731,15
LK7127080,Karuwalagaswewa,366,365,731,15
LK7127085,Palugollagama,366,365,731,15
LK7127090,Aluth Divulwewa,366,365,731,15
LK7127095,Getalawa,366,365,731,15
LK7127100,Hurulunikawewa Track-04,366,365,731,15
LK7127105,Ilukbadayagama,366,365,731,15
LK7127110,Kudagalenbidunuwewa,366,365,731,15
LK7127115,Thammennagama,366,365,731,15
LK7127120,Sivalakulama,366,365,731,15
LK7127125,Gomarankalla,366,365,731,15
LK7127130,Hurulunikawewa Track-03,366,365,731,15
LK7127135,Kumbukwewa,366,365,731,15
LK7127140,Janasirigama,366,365,731,15
LK7127145,Kurunegala Colony,366,365,731,15
LK7127150,Nuwaragam Colony,366,365,731,15
LK7127155,Hurulu Jayapura,366,365,731,15
LK7127160,Sunanda Mawatha,366,365,731,15
LK7127165,Galwaduwagama,366,365,731,15
LK7127170,Muriyakadawala,366,365,731,15
LK7127175,Ihala Galkulama,366,365,731,15
LK7127180,Hurulumeegahapattiya,366,365,731,15
LK7127185,Nuwaraeli Colony,366,365,731,15
LK7127190,Pandikaramaduwa,366,365,731,15
LK7127195,Yakalla,366,365,731,15
LK7127200,Manankattiya,366,365,731,15
LK7127205,Wannamkulama,366,365,731,15
LK7130,Mihinthale,15000,15000,30000,15
LK7130005,Ukkulankulama,600,600,1200,15
LK7130010,Mahakanadarawa L.B. Track 03,600,600,1200,15
LK7130015,Mahakanadarawa L.B. Track 02,600,600,1200,15
LK7130020,Mahakanadarawa L.B. Track 01,600,600,1200,15
LK7130025,Maradankulama,600,600,1200,15
LK7130030,Doramadalawa,600,600,1200,15
LK7130035,Kunchikulama,600,600,1200,15
LK7130040,Henewatta,600,600,1200,15
LK7130045,Nuwarawewa,600,600,1200,15
LK7130050,Kurundankulama,600,600,1200,15
LK7130055,Kannattiya,600,600,1200,15
LK7130060,Mihinthale,600,600,1200,15
LK7130065,Ruwangama,600,600,1200,15
LK7130070,Namalwewa,600,600,1200,15
LK7130075,Bogahayaya,600,600,1200,15
LK7130080,Pothana,600,600,1200,15
LK7130085,Seeppukulama,600,600,1200,15
LK7130090,Thammennawa,600,600,1200,15
LK7130095,Kasamaduwa,600,600,1200,15
LK7130100,Katukeliyawa,600,600,1200,15
LK7130105,Kattaduwagama,600,600,1200,15
LK7130110,Kahapathvilagama,600,600,1200,15
LK7130115,Ihalagama,600,600,1200,15
LK7130120,Maradankalla,600,600,1200,15
LK7130125,Wellaragama,600,600,1200,15
LK7133,Nuwaragam Palatha East,15000,15000,30000,15
LK7133005,Nuwara Wewa,518,517,1035,15
LK7133010,Step1 Part 1,517,517,1034,15
LK7133015,Mahakalattewa,517,517,1034,15
LK7133020,Thariyankulama,517,517,1034,15
LK7133025,Nelumkanniya,517,517,1034,15
LK7133030,Kuda Nelumkulama,517,517,1034,15
LK7133035,Keerikkulama,517,517,1034,15
LK7133040,Thammennapura,517,517,1034,15
LK7133045,Wannithammennawa,517,517,1034,15
LK7133050,Thammennakulama,517,517,1034,15
LK7133055,Step 1 Part 2,517,517,1034,15
LK7133060,Step 2 Part 3,517,517,1034,15
LK7133065,Step 2 Part 2,517,517,1034,15
LK7133070,Pothanegama,517,517,1034,15
LK7133075,Step 3 Part 3,517,517,1034,15
LK7133080,Step 2 Part 1,517,517,1034,15
LK7133085,Step 2 Part 4,517,517,1034,15
LK7133090,Wanniyankulama Kotasa 4,517,517,1034,15
LK7133095,Wanniyankulama Kotasa 5,517,517,1034,15
LK7133100,Wanniyankulama Kotasa 6,517,517,1034,15
LK7133105,Gnanikulama,517,517,1034,15
LK7133110,Kawarakkulama,517,517,1034,15
LK7133115,Mahapaladikulama,517,517,1034,15
LK7133120,Step 3 Part 1,517,517,1034,15
LK7133125,Step 3 Part 2,517,517,1034,15
LK7133130,Wanniyankulama Kotasa 3,517,517,1034,15
LK7133135,Wanniyankulama Kotasa 1,517,517,1034,15
LK7133140,Wanniyankulama Kotasa 2,517,517,1034,15
LK7133145,Sucharithagama,517,517,1034,15
LK7136,Nachchaduwa,15000,15000,30000,15
LK7136005,Kimbulakada,790,789,1579,15
LK7136010,Shrawasthipura,789,789,1578,15
LK7136015,Kuda Nelubewa,789,789,1578,15
LK7136020,Shrawasthiwatta,789,789,1578,15
LK7136025,Aluthwewa,789,789,1578,15
LK7136030,Amane,789,789,1578,15
LK7136035,Maha Nelubewa,789,789,1578,15
LK7136040,Divulwewa,789,789,1578,15
LK7136045,Hidogama,789,789,1578,15
LK7136050,Pawakkulama,789,789,1578,15
LK7136055,Kaluvila North,789,789,1578,15
LK7136060,Madawalagama,789,789,1578,15
LK7136065,Nachchadoowa,789,789,1578,15
LK7136070,Nachchadoowa New Town,789,789,1578,15
LK7136075,Palayakulama,789,789,1578,15
LK7136080,Suhadagama,789,789,1578,15
LK7136085,Thuruvila,789,789,1578,15
LK7136090,Kaluarachchiyagama,789,789,1578,15
LK7136095,Pahalawewa,789,789,1578,15
LK7139,Nochchiyagama,15000,15000,30000,15
LK7139005,Kukulkatuwa,417,417,834,15
LK7139010,Ittikulama,417,416,833,15
LK7139015,Ranorawa,417,416,833,15
LK7139020,Mahalindawewa,417,416,833,15
LK7139025,Bogahawewa,417,416,833,15
LK7139030,Ambagahawewa,417,416,833,15
LK7139035,Ehetuwagama,417,416,833,15
LK7139040,Thalgaswewa,417,416,833,15
LK7139045,Hunuvilagama,417,416,833,15
LK7139050,Horuvila,417,416,833,15
LK7139055,Lindawewa,417,416,833,15
LK7139060,Kusumpura,417,416,833,15
LK7139065,Mudithagama,417,416,833,15
LK7139070,Ralapanawagama,417,416,833,15
LK7139075,Adampane,417,416,833,15
LK7139080,Andarawewa,417,416,833,15
LK7139085,Ralapanawa Colony,417,416,833,15
LK7139090,Nochchiyagama,417,416,833,15
LK7139095,Dunudambuwewa,417,416,833,15
LK7139100,Thimbiriwewa,417,416,833,15
LK7139105,Katupathwewa,417,416,833,15
LK7139110,Pahala Maragahawewa,417,416,833,15
LK7139115,Nelawagama,417,416,833,15
LK7139120,Pahala Halmillewa,417,416,833,15
LK7139125,Halmillakulama,417,416,833,15
LK7139130,Dunupothagama,417,416,833,15
LK7139135,Dombawalagama,417,416,833,15
LK7139140,Pahamunegama,417,416,833,15
LK7139145,Navakkulama,417,416,833,15
LK7139150,Galadivulwewa,417,416,833,15
LK7139155,Jayagama,417,416,833,15
LK7139160,Amunukole,417,416,833,15
LK7139165,Mihiripura,417,416,833,15
LK7139170,Pahala Kedithokkuwa,417,416,833,15
LK7139175,Rankethgama,417,416,833,15
LK7139180,Ottappuwa,417,416,833,15
LK7142,Rajanganaya,15000,15000,30000,15
LK7142005,"Track 13,18",715,714,1429,15
LK7142010,"Track 16,17",714,714,1428,15
LK7142015,Veheragala,714,714,1428,15
LK7142020,Yaya 12,714,714,1428,15
LK7142025,Track 09 - 10,714,714,1428,15
LK7142030,Track 11,714,714,1428,15
LK7142035,Track 15,714,714,1428,15
LK7142040,Gemunupura,714,714,1428,15
LK7142045,Track 07,714,714,1428,15
LK7142050,Thumbullegama,714,714,1428,15
LK7142055,Randenigama,714,714,1428,15
LK7142060,Track 04,714,714,1428,15
LK7142065,Track 03,714,714,1428,15
LK7142070,Naigala,714,714,1428,15
LK7142075,Thissapura,714,714,1428,15
LK7142080,Maha Thimbirikalla,714,714,1428,15
LK7142085,Angamuwa,714,714,1428,15
LK7142090,04 1/2 Kanuwa,714,714,1428,15
LK7142095,Sirimapura,714,714,1428,15
LK7142100,Panthiyawa,714,714,1428,15
LK7142105,Kalundegama,714,714,1428,15
LK7145,Thambuththegama,15000,15000,30000,15
LK7145005,Kongollewa,577,577,1154,15
LK7145010,Kelegama,577,576,1153,15
LK7145015,Pahalagama,577,576,1153,15
LK7145020,Solama,577,576,1153,15
LK7145025,Maha Bellankadawala,577,576,1153,15
LK7145030,Eriyagama,577,576,1153,15
LK7145035,Delnegama,577,576,1153,15
LK7145040,Kuda Bellankadawala,577,576,1153,15
LK7145045,Konwewa,577,576,1153,15
LK7145050,Jayasirigama,577,576,1153,15
LK7145055,Lunuwewa,577,576,1153,15
LK7145060,Veheragala,577,576,1153,15
LK7145065,Thammennagama,577,576,1153,15
LK7145070,Nallachchiya,577,576,1153,15
LK7145075,Galviharawewa,577,576,1153,15
LK7145080,Thelhiriyawa,577,576,1153,15
LK7145085,Ikiriwewa,577,576,1153,15
LK7145090,Musalpitiya,577,576,1153,15
LK7145095,Thambuttegama,577,576,1153,15
LK7145100,Thispanepura,577,576,1153,15
LK7145105,Makulewa,577,576,1153,15
LK7145110,Thammennawa,577,576,1153,15
LK7145115,Mudungoda,577,576,1153,15
LK7145120,Helambawewa,577,576,1153,15
LK7145125,Hureegaswewa,577,576,1153,15
LK7145130,Weliyawa,577,576,1153,15
LK7148,Thalawa,15000,15000,30000,15
LK7148005,Daladapura,385,385,770,15
LK7148010,Pahala Thalawa,385,384,769,15
LK7148015,Moragoda,385,384,769,15
LK7148020,Kumbukgahawewa,385,384,769,15
LK7148025,Nawa Hanguranketha,385,384,769,15
LK7148030,Hirigollegama,385,384,769,15
LK7148035,Karagahawewa,385,384,769,15
LK7148040,Ihala Thalawa,385,384,769,15
LK7148045,Hinguruwewa,385,384,769,15
LK7148050,Korakahawewa,385,384,769,15
LK7148055,Kurunduwewa,385,384,769,15
LK7148060,Meegassegama,385,384,769,15
LK7148065,Kiralogama,385,384,769,15
LK7148070,Kadurugaswewa,385,384,769,15
LK7148075,Palugaswewa,385,384,769,15
LK7148080,Ketakale,385,384,769,15
LK7148085,Rajjallegama,385,384,769,15
LK7148090,Eliyadivulwewa,385,384,769,15
LK7148095,Ihala Siyambalewa,385,384,769,15
LK7148100,Eppawala,385,384,769,15
LK7148105,Mawathawewa,385,384,769,15
LK7148110,Nallamudawa,385,384,769,15
LK7148115,Medagama,385,384,769,15
LK7148120,Kiriamunukole,385,384,769,15
LK7148125,Kadigawa,385,384,769,15
LK7148130,Mediyawa,385,384,769,15
LK7148135,Katiyawa Track 02,385,384,769,15
LK7148140,Galwaduwagama,385,384,769,15
LK7148145,Ihala Halmillewa,385,384,769,15
LK7148150,Adhiranigama,385,384,769,15
LK7148155,Katiyawa Track 10,385,384,769,15
LK7148160,Katiyawa Track 09,385,384,769,15
LK7148165,Katiyawa Track 01,385,384,769,15
LK7148170,Endagala,385,384,769,15
LK7148175,Kelesiyambalewa,385,384,769,15
LK7148180,Galmaduwa,385,384,769,15
LK7148185,Ihalagama,385,384,769,15
LK7148190,Keledivulwewa,385,384,769,15
LK7148195,Katiyawa Track 06,385,384,769,15
LK7151,Thirappane,15000,15000,30000,15
LK7151005,Karuwalagaswewa,366,366,732,15
LK7151010,Galkulama,366,365,731,15
LK7151015,Gnanikkulama,366,365,731,15
LK7151020,Perimiyankulama,366,365,731,15
LK7151025,Wannamkulama,366,365,731,15
LK7151030,Uttimaduwa,366,365,731,15
LK7151035,Dematawewa,366,365,731,15
LK7151040,Pairimaduwa,366,365,731,15
LK7151045,Kuttikulama,366,365,731,15
LK7151050,Puliyankulama,366,365,731,15
LK7151055,Mawathawewa,366,365,731,15
LK7151060,Periyakulama,366,365,731,15
LK7151065,Ethungama South,366,365,731,15
LK7151070,Meewellewa,366,365,731,15
LK7151075,Ethungama North,366,365,731,15
LK7151080,Aluth Punchikulama,366,365,731,15
LK7151085,Wannammaduwa,366,365,731,15
LK7151090,Thirappane Kadaweediya,366,365,731,15
LK7151095,Thirappanegama,366,365,731,15
LK7151100,Sembukulama,366,365,731,15
LK7151105,Wellamudawa,366,365,731,15
LK7151110,Selesthimaduwa,366,365,731,15
LK7151115,Idigahawewa,366,365,731,15
LK7151120,Paindikulama,366,365,731,15
LK7151125,Walagambahuwa,366,365,731,15
LK7151130,Mahakanumulla,366,365,731,15
LK7151135,Alisthana,366,365,731,15
LK7151140,Dayagama,366,365,731,15
LK7151145,Wanamal Uyana,366,365,731,15
LK7151150,Manakkulama,366,365,731,15
LK7151155,Pethis Rambewa,366,365,731,15
LK7151160,Kattamurichchana,366,365,731,15
LK7151165,Kandupagama,366,365,731,15
LK7151170,Labunoruwa,366,365,731,15
LK7151175,Pahala Ambathale,366,365,731,15
LK7151180,Ihala Ambathale,366,365,731,15
LK7151185,Alagollewa,366,365,731,15
LK7151190,Muriyakadawala,366,365,731,15
LK7151195,Amunichchiya,366,365,731,15
LK7151200,Sandapagama,366,365,731,15
LK7151205,Uttupitiya,366,365,731,15
LK7154,Kekirawa,15000,15000,30000,15
LK7154005,Navakkulama,284,283,567,15
LK7154010,Moragoda,283,283,566,15
LK7154015,Mahadivulwewa,283,283,566,15
LK7154020,Keeriyagaswewa,283,283,566,15
LK7154025,Ihala Puliyankulama,283,283,566,15
LK7154030,Kelepuliyankulama,283,283,566,15
LK7154035,Maradankadawala,283,283,566,15
LK7154040,Thoruwewa,283,283,566,15
LK7154045,Maminiyawa,283,283,566,15
LK7154050,Maminiya Rambewa,283,283,566,15
LK7154055,Ganewalpola,283,283,566,15
LK7154060,Heenukkiriyawa,283,283,566,15
LK7154065,Embulgaswewa,283,283,566,15
LK7154070,Olukarada,283,283,566,15
LK7154075,Kollankuttigama,283,283,566,15
LK7154080,Mudaperumagama,283,283,566,15
LK7154085,Ihalagama,283,283,566,15
LK7154090,Shasthrawelliya,283,283,566,15
LK7154095,Railway Town,283,283,566,15
LK7154100,Maradankadawala Road,283,283,566,15
LK7154105,Maldenipura,283,283,566,15
LK7154110,Mankadawala,283,283,566,15
LK7154115,Medawewa,283,283,566,15
LK7154120,Pothanegama,283,283,566,15
LK7154125,Kuda Kekirawa,283,283,566,15
LK7154130,Kekirawa Town,283,283,566,15
LK7154135,Malawa,283,283,566,15
LK7154140,Neekiniyawa,283,283,566,15
LK7154145,Mailagaswewa,283,283,566,15
LK7154150,Karukkankulama,283,283,566,15
LK7154155,Olombewa,283,283,566,15
LK7154160,Maha Kekirawa,283,283,566,15
LK7154165,Kumbukwewa,283,283,566,15
LK7154170,Rathmallewa,283,283,566,15
LK7154175,Medagama,283,283,566,15
LK7154180,Korasagalla,283,283,566,15
LK7154185,Unagollewa,283,283,566,15
LK7154190,Horapola,283,283,566,15
LK7154195,Dambewatana,283,283,566,15
LK7154200,Uduruwa,283,283,566,15
LK7154205,Nidigama,283,283,566,15
LK7154210,Maha Elagamuwa,283,283,566,15
LK7154215,Pallehingura,283,283,566,15
LK7154220,Nelbegama,283,283,566,15
LK7154225,Murungahitikanda,283,283,566,15
LK7154230,Baravila,283,283,566,15
LK7154235,Bandarapothana,283,283,566,15
LK7154240,Kotagala,283,283,566,15
LK7154245,Madatugama,283,283,566,15
LK7154250,Dunumadalawa,283,283,566,15
LK7154255,Kandalama West,283,283,566,15
LK7154260,Kithulhitiyawa,283,283,566,15
LK7154265,Kandalama East,283,283,566,15
LK7157,Palugaswewa,15000,15000,30000,15
LK7157005,Maithrigama,938,937,1875,15
LK7157010,Maha Rambawewa,938,937,1875,15
LK7157015,Madawala,938,937,1875,15
LK7157020,Eppawala,938,937,1875,15
LK7157025,Galapitagala,938,937,1875,15
LK7157030,Kumbukwewa,938,937,1875,15
LK7157035,Senadhiriyagama,938,937,1875,15
LK7157040,Horivila,938,937,1875,15
LK7157045,Palugaswewa,938,937,1875,15
LK7157050,Kuda Rambawewa,938,937,1875,15
LK7157055,Habarana,938,937,1875,15
LK7157060,Demuththewa,938,937,1875,15
LK7157065,Kelewa,938,937,1875,15
LK7157070,Wayaulpatha,938,937,1875,15
LK7157075,Hiriwadunna,938,937,1875,15
LK7157080,Kashyapagama,938,937,1875,15
LK7160,Ipalogama,15000,15000,30000,15
LK7160005,Dikwewa Senapura,469,469,938,15
LK7160010,Galagedara Gama,469,468,937,15
LK7160015,Senapuragama,469,468,937,15
LK7160020,Mahailuppallama,469,468,937,15
LK7160025,Gonapathirawa,469,468,937,15
LK7160030,Sangattewa,469,468,937,15
LK7160035,Kadiyangalla,469,468,937,15
LK7160040,Ipalogama,469,468,937,15
LK7160045,Manewa,469,468,937,15
LK7160050,Heenukwegama,469,468,937,15
LK7160055,Dampelassagama,469,468,937,15
LK7160060,Ihala Kagama,469,468,937,15
LK7160065,Kunchikulama,469,468,937,15
LK7160070,Hiripitiyagama,469,468,937,15
LK7160075,Aswedduma,469,468,937,15
LK7160080,Ganthiriyagama,469,468,937,15
LK7160085,Galwanguwa,469,468,937,15
LK7160090,Wedinigama,469,468,937,15
LK7160095,Narangallegama,469,468,937,15
LK7160100,Kallanchiyagama,469,468,937,15
LK7160105,Aluth Dambewatana,469,468,937,15
LK7160110,Kagama 5 Ela,469,468,937,15
LK7160115,2 Ela - Kagama,469,468,937,15
LK7160120,Akkara 500,469,468,937,15
LK7160125,Amunuwetiya,469,468,937,15
LK7160130,Puliyankulama,469,468,937,15
LK7160135,Vijithapura,469,468,937,15
LK7160140,Amanakkattuwa,469,468,937,15
LK7160145,Kalawewa,469,468,937,15
LK7160150,Kusalanagama,469,468,937,15
LK7160155,Palugaswewa Farm,469,468,937,15
LK7160160,Walawwegama,469,468,937,15
LK7163,Galnewa,15000,15000,30000,15
LK7163005,Namalgamuwa,500,500,1000,15
LK7163010,Obadayagama,500,500,1000,15
LK7163015,Otunupelandigama,500,500,1000,15
LK7163020,Karuwalagaswewa,500,500,1000,15
LK7163025,Usgala Halmillawewa,500,500,1000,15
LK7163030,Helabodugama,500,500,1000,15
LK7163035,Kattaragama,500,500,1000,15
LK7163040,Bulnewa,500,500,1000,15
LK7163045,Thorane Gama,500,500,1000,15
LK7163050,Midellewa,500,500,1000,15
LK7163055,Ihala Kalankuttiya,500,500,1000,15
LK7163060,Pahala Kalankuttiya,500,500,1000,15
LK7163065,Siyambalewa,500,500,1000,15
LK7163070,Lolugaswewa,500,500,1000,15
LK7163075,Pitiye Yaya,500,500,1000,15
LK7163080,Galnewagama,500,500,1000,15
LK7163085,Galnewa Town,500,500,1000,15
LK7163090,Malbaligala,500,500,1000,15
LK7163095,Hadungama,500,500,1000,15
LK7163100,Musnawa,500,500,1000,15
LK7163105,Kala - Medawachchiya,500,500,1000,15
LK7163110,Kumbukwewa,500,500,1000,15
LK7163115,Kallanchiya,500,500,1000,15
LK7163120,Negama,500,500,1000,15
LK7163125,Verunkulama,500,500,1000,15
LK7163130,Walaswewa,500,500,1000,15
LK7163135,Kandegama,500,500,1000,15
LK7163140,Kandulegama,500,500,1000,15
LK7163145,Kandulugamuwa,500,500,1000,15
LK7163150,Siyambalangamuwa South,500,500,1000,15
LK7166,Palagala,15000,15000,30000,15
LK7166005,Nelliyagama,429,429,858,15
LK7166010,Balaluwewa 2,429,428,857,15
LK7166015,Balaluwewa1,429,428,857,15
LK7166020,Pahalagama,429,428,857,15
LK7166025,Karavilagala,429,428,857,15
LK7166030,Gam Sabha Halmilla Wewa,429,428,857,15
LK7166035,Gonadeniyagama,429,428,857,15
LK7166040,Meewewa,429,428,857,15
LK7166045,Ambagaswewa,429,428,857,15
LK7166050,Wambatuwewa,429,428,857,15
LK7166055,Hinguruwewa,429,428,857,15
LK7166060,Kirindiwatta,429,428,857,15
LK7166065,Aluth Galkiriyagama,429,428,857,15
LK7166070,Daniyagama,429,428,857,15
LK7166075,Undurawa Halmilla Wewa,429,428,857,15
LK7166080,Katukeliyawa,429,428,857,15
LK7166085,Aluth Kadadugama,429,428,857,15
LK7166090,Ranawa,429,428,857,15
LK7166095,Hinguruwelpitiya,429,428,857,15
LK7166100,Anakatawewa,429,428,857,15
LK7166105,Giranegama,429,428,857,15
LK7166110,Dambulu Halmilla Wewa,429,428,857,15
LK7166115,Narangaswewa,429,428,857,15
LK7166120,Ulpathagama,429,428,857,15
LK7166125,Ellawewa,429,428,857,15
LK7166130,Andiyagala,429,428,857,15
LK7166135,Maneruwa,429,428,857,15
LK7166140,Ipulwehera,429,428,857,15
LK7166145,Gambirigaswewa,429,428,857,15
LK7166150,Parawahagama,429,428,857,15
LK7166155,Kalugala,429,428,857,15
LK7166160,Pelbendiyawa,429,428,857,15
LK7166165,Morotte Gama,429,428,857,15
LK7166170,Dematagollagama,429,428,857,15
LK7166175,Budugehinna,429,428,857,15
LK72,Polonnaruwa,330000,330000,660000,15
LK7203,Higurakgoda,47143,47143,94286,15
LK7203005,Sinhagama,890,889,1779,15
LK7203010,Galoya,889,889,1778,15
LK7203015,Rotawewa,889,889,1778,15
LK7203020,Rathmale,889,889,1778,15
LK7203025,Paluwaddana,889,889,1778,15
LK7203030,Yodha Ela,889,889,1778,15
LK7203035,Yatiyalpathana,889,889,1778,15
LK7203040,Rankothgama,889,889,1778,15
LK7203045,Siriketha,889,889,1778,15
LK7203050,Kumaragama,889,889,1778,15
LK7203055,Samapura,889,889,1778,15
LK7203060,Kimbulawala,889,889,1778,15
LK7203065,Ulpathwewa,889,889,1778,15
LK7203070,Minihirigama,889,889,1778,15
LK7203075,Moragaswewa,889,889,1778,15
LK7203080,Mahasengama,889,889,1778,15
LK7203085,Bathgampattuwa,889,889,1778,15
LK7203090,Samagipura,889,889,1778,15
LK7203095,Minneriya,889,889,1778,15
LK7203100,Pasiyawewa,889,889,1778,15
LK7203105,Akkara 70,889,889,1778,15
LK7203110,R.B. 01,889,889,1778,15
LK7203115,Pulathisigama,889,889,1778,15
LK7203120,Ulkatupotha,889,889,1778,15
LK7203125,Bopura,889,889,1778,15
LK7203130,Jayapura,889,889,1778,15
LK7203135,Hinguraka Bandaragama,889,889,1778,15
LK7203140,Hinguraka,889,889,1778,15
LK7203145,Hathamuna,889,889,1778,15
LK7203150,Hingurakgoda,889,889,1778,15
LK7203155,Bubula,889,889,1778,15
LK7203160,Raja Ela,889,889,1778,15
LK7203165,Rajaelagama,889,889,1778,15
LK7203170,Muwanpelessa,889,889,1778,15
LK7203175,C.P.Pura,889,889,1778,15
LK7203180,Girithale,889,889,1778,15
LK7203185,Girithale Puranagama,889,889,1778,15
LK7203190,Girithale Colony,889,889,1778,15
LK7203195,Henkolawela,889,889,1778,15
LK7203200,Jayanthipura,889,889,1778,15
LK7203205,Unagalavehera West,889,889,1778,15
LK7203210,Unagalavehera East,889,889,1778,15
LK7203215,Chandanapokuna,889,889,1778,15
LK7203220,Nagapokuna,889,889,1778,15
LK7203225,Yaya 12 Pedesa,889,889,1778,15
LK7203230,Chethiyagirigama,889,889,1778,15
LK7203235,Weeragama,889,889,1778,15
LK7203240,Yaya 05 Pedesa,889,889,1778,15
LK7203245,Wijayarajawewa,889,889,1778,15
LK7203250,Agbopura,889,889,1778,15
LK7203255,Katukeliyawa,889,889,1778,15
LK7203260,Sudukanda - Nikawewa,889,889,1778,15
LK7203265,Thambalawewa,889,889,1778,15
LK7206,Medirigiriya,47143,47142,94285,15
LK7206005,Wedikachchiya,1048,1048,2096,15
LK7206010,Jayathugama,1048,1047,2095,15
LK7206015,Ekamuthugama,1048,1047,2095,15
LK7206020,Meegaswewa,1048,1047,2095,15
LK7206025,Palliyagodella,1048,1047,2095,15
LK7206030,Wadigawewa,1048,1047,2095,15
LK7206035,Senarathpura,1048,1047,2095,15
LK7206040,Etambaoya,1048,1047,2095,15
LK7206045,Kavuduluwewa,1048,1047,2095,15
LK7206050,Meniksorowwa,1048,1047,2095,15
LK7206055,Bisobandara,1048,1047,2095,15
LK7206060,Thissapura,1048,1047,2095,15
LK7206065,Abhayapuragama,1048,1047,2095,15
LK7206070,New Town,1048,1047,2095,15
LK7206075,Diggalpura,1048,1047,2095,15
LK7206080,Wedehapura,1048,1047,2095,15
LK7206085,Bisobandaragama,1048,1047,2095,15
LK7206090,Ambagaswewa,1048,1047,2095,15
LK7206095,Jayagampura,1048,1047,2095,15
LK7206100,Nagarapura,1048,1047,2095,15
LK7206105,Kumudupura,1048,1047,2095,15
LK7206110,Damsopura,1048,1047,2095,15
LK7206115,Aluthwewa,1048,1047,2095,15
LK7206120,Thalakolawewa,1048,1047,2095,15
LK7206125,Ihalagama,1048,1047,2095,15
LK7206130,Wijayapura,1048,1047,2095,15
LK7206135,Bisouyana,1048,1047,2095,15
LK7206140,Diyasenpura,1048,1047,2095,15
LK7206145,Gajabapura,1048,1047,2095,15
LK7206150,Kavudulugama,1048,1047,2095,15
LK7206155,Mandalagiriya,1048,1047,2095,15
LK7206160,Medirigiriya,1048,1047,2095,15
LK7206165,Viharagama,1048,1047,2095,15
LK7206170,Divulankadawala,1048,1047,2095,15
LK7206175,Nelumpokuna,1048,1047,2095,15
LK7206180,Thissa Amuna,1048,1047,2095,15
LK7206185,Kusumpokuna,1048,1047,2095,15
LK7206190,Wijayarajapura,1048,1047,2095,15
LK7206195,Perakumpura,1048,1047,2095,15
LK7206200,Kahambiliyawa,1048,1047,2095,15
LK7206205,Akbarpura,1048,1047,2095,15
LK7206210,Sansungama,1048,1047,2095,15
LK7206215,Veheragala,1048,1047,2095,15
LK7206220,Mahasenpura,1048,1047,2095,15
LK7206225,Yudhaganawa,1048,1047,2095,15
LK7209,Lankapura,47143,47142,94285,15
LK7209005,Weli Ela,1684,1684,3368,15
LK7209010,Mahakirimetiya,1684,1683,3367,15
LK7209015,Buddhayaya,1684,1683,3367,15
LK7209020,Sungavila,1684,1683,3367,15
LK7209025,Jayabima,1684,1683,3367,15
LK7209030,Jayapura,1684,1683,3367,15
LK7209035,Nelumpura,1684,1683,3367,15
LK7209040,Patunugama,1684,1683,3367,15
LK7209045,Munisirigama,1684,1683,3367,15
LK7209050,Pansalgodella,1684,1683,3367,15
LK7209055,Galamuna,1684,1683,3367,15
LK7209060,Hingurakdamana,1684,1683,3367,15
LK7209065,Gemunupura,1684,1683,3367,15
LK7209070,Senanayakapura,1684,1683,3367,15
LK7209075,Debarella,1684,1683,3367,15
LK7209080,Somapura,1684,1683,3367,15
LK7209085,Abhayapura,1684,1683,3367,15
LK7209090,Sanghabodhi Gama,1684,1683,3367,15
LK7209095,Pulasthigama,1684,1683,3367,15
LK7209100,Kegalugama,1684,1683,3367,15
LK7209105,Thalpotha,1684,1683,3367,15
LK7209110,Bauddhartha Gama,1684,1683,3367,15
LK7209115,Lankapura,1684,1683,3367,15
LK7209120,Rifaipura,1684,1683,3367,15
LK7209125,Alhilalpura,1684,1683,3367,15
LK7209130,Thambala,1684,1683,3367,15
LK7209135,Onegama Muslimgama,1684,1683,3367,15
LK7209140,Weerapura,1684,1683,3367,15
LK7210,Welikanda,47143,47142,94285,15
LK7210005,Sinhapura,1572,1571,3143,15
LK7210010,Kandakaduwa,1571,1571,3142,15
LK7210015,Katuwanvila West,1571,1571,3142,15
LK7210020,Katuwanvila East,1571,1571,3142,15
LK7210025,Kudapokuna,1571,1571,3142,15
LK7210030,Muthuwella,1571,1571,3142,15
LK7210035,Mahindagama,1571,1571,3142,15
LK7210040,Mangulpokuna,1571,1571,3142,15
LK7210045,Ruhunuketha,1571,1571,3142,15
LK7210050,Malvila,1571,1571,3142,15
LK7210055,Nawasenapura,1571,1571,3142,15
LK7210060,Muthugala,1571,1571,3142,15
LK7210065,Alinchipothana,1571,1571,3142,15
LK7210070,Madurangala,1571,1571,3142,15
LK7210075,Malinda,1571,1571,3142,15
LK7210080,Sandunpitiya,1571,1571,3142,15
LK7210085,Susirigama,1571,1571,3142,15
LK7210090,Monarathenna,1571,1571,3142,15
LK7210095,Welikanda,1571,1571,3142,15
LK7210100,Kadawathmaduwa,1571,1571,3142,15
LK7210105,Bo-Atta,1571,1571,3142,15
LK7210110,Menikwela,1571,1571,3142,15
LK7210115,Sevanapitiya,1571,1571,3142,15
LK7210120,Mahawewa,1571,1571,3142,15
LK7210125,Karapola,1571,1571,3142,15
LK7210130,Ginidamana,1571,1571,3142,15
LK7210135,Borawewa,1571,1571,3142,15
LK7210140,Nelumwewa,1571,1571,3142,15
LK7210145,Rideepokuna,1571,1571,3142,15
LK7210150,Aluthwewa,1571,1571,3142,15
LK7212,Dimbulagala,47143,47142,94285,15
LK7212005,Manampitiya,842,842,1684,15
LK7212010,Manampitiya East,842,841,1683,15
LK7212015,Dalukana,842,841,1683,15
LK7212020,Kudawewa,842,841,1683,15
LK7212025,Medagama,842,841,1683,15
LK7212030,Jayapura,842,841,1683,15
LK7212035,Wijayabapura,842,841,1683,15
LK7212040,Veheragama,842,841,1683,15
LK7212045,Millana,842,841,1683,15
LK7212050,Dimbulagala,842,841,1683,15
LK7212055,Yakkure,842,841,1683,15
LK7212060,Damanewewa,842,841,1683,15
LK7212065,Pihitiwewa,842,841,1683,15
LK7212070,Pahala Yakkure,842,841,1683,15
LK7212075,Maguldamana,842,841,1683,15
LK7212080,Pelatiyawa,842,841,1683,15
LK7212085,Mahaulpatha,842,841,1683,15
LK7212090,Bogaswewa,842,841,1683,15
LK7212095,Rathmalthenna,842,841,1683,15
LK7212100,Track 05 Aralaganvila,842,841,1683,15
LK7212105,Gomathiyaya,842,841,1683,15
LK7212110,Arunapura,842,841,1683,15
LK7212115,Aralaganwila East,842,841,1683,15
LK7212120,Aralaganvila West,842,841,1683,15
LK7212125,Weerana,842,841,1683,15
LK7212130,Bimpokuna,842,841,1683,15
LK7212135,Pahala Ellewewa,842,841,1683,15
LK7212140,Kalukele,842,841,1683,15
LK7212145,Navagaha Ela,842,841,1683,15
LK7212150,Nuwaragala,842,841,1683,15
LK7212155,Bandanagala,842,841,1683,15
LK7212160,Ellewewa,842,841,1683,15
LK7212165,Ihala Ellewewa,842,841,1683,15
LK7212170,Mahadamana,842,841,1683,15
LK7212175,Pimburattewa West,842,841,1683,15
LK7212180,Divuldamana,842,841,1683,15
LK7212185,Nidanwala,842,841,1683,15
LK7212190,Ihalawewa,842,841,1683,15
LK7212195,Pimburattewa East,842,841,1683,15
LK7212200,Aluthoya,842,841,1683,15
LK7212205,Veheragala,842,841,1683,15
LK7212210,Warapitiya,842,841,1683,15
LK7212215,Gal Eliya,842,841,1683,15
LK7212220,Weeralanda,842,841,1683,15
LK7212225,Sandagalathenna,842,841,1683,15
LK7212230,Ulpathwewa,842,841,1683,15
LK7212235,Alawakumbura,842,841,1683,15
LK7212240,Kandegama,842,841,1683,15
LK7212245,Kanichchagala,842,841,1683,15
LK7212250,Kekuluwela,842,841,1683,15
LK7212255,Maldeniya,842,841,1683,15
LK7212260,Meewathpura,842,841,1683,15
LK7212265,Rankethgama,842,841,1683,15
LK7212270,Mudungama,842,841,1683,15
LK7212275,Siripura,842,841,1683,15
LK7212280,Selasumgama,842,841,1683,15
LK7215,Thamankaduwa,47143,47142,94285,15
LK7215005,Shanthipura,858,857,1715,15
LK7215010,Sinhapura,857,857,1714,15
LK7215015,Wijayabahupura,857,857,1714,15
LK7215020,Unagalavehera South,857,857,1714,15
LK7215025,Laksha Uyana,857,857,1714,15
LK7215030,Sevagama,857,857,1714,15
LK7215035,Wewethenna,857,857,1714,15
LK7215040,Monarathenna,857,857,1714,15
LK7215045,Damana Gemunupura,857,857,1714,15
LK7215050,Kalinga Ela,857,857,1714,15
LK7215055,Onegama,857,857,1714,15
LK7215060,Sinharajapura,857,857,1714,15
LK7215065,Pudur,857,857,1714,15
LK7215070,Medamaluwa,857,857,1714,15
LK7215075,Wijayarajapura,857,857,1714,15
LK7215080,Palugasdamana 03 Ela,857,857,1714,15
LK7215085,Palugasdamana 02 Ela,857,857,1714,15
LK7215090,Palugasdamana 01 Ela,857,857,1714,15
LK7215095,Palugasdamana South,857,857,1714,15
LK7215100,Palugasdamana North,857,857,1714,15
LK7215105,Nishshankamallapura,857,857,1714,15
LK7215110,Ethumalpitiya,857,857,1714,15
LK7215115,Nikawewa,857,857,1714,15
LK7215120,Kadawalawewa,857,857,1714,15
LK7215125,Samudragama,857,857,1714,15
LK7215130,Sirisangabo Pedesa,857,857,1714,15
LK7215135,Bendiwewa,857,857,1714,15
LK7215140,Galthambarawa,857,857,1714,15
LK7215145,Kuruppu Junction,857,857,1714,15
LK7215150,Mahasen Pedesa,857,857,1714,15
LK7215155,Kaduruwela West,857,857,1714,15
LK7215160,Kaduruwela East,857,857,1714,15
LK7215165,Divulana,857,857,1714,15
LK7215170,Gallalla East,857,857,1714,15
LK7215175,Manikkampattiya,857,857,1714,15
LK7215180,Gallella West,857,857,1714,15
LK7215185,Nelumvila,857,857,1714,15
LK7215190,Kaduruwela South,857,857,1714,15
LK7215195,Perakum Pedesa,857,857,1714,15
LK7215200,Weera Pedesa,857,857,1714,15
LK7215205,Pulathisi Pedesa,857,857,1714,15
LK7215210,Polonnaruwa Town,857,857,1714,15
LK7215215,Thopawewa,857,857,1714,15
LK7215220,Sinha Udagama,857,857,1714,15
LK7215225,Pothgul Pedesa,857,857,1714,15
LK7215230,Udawela,857,857,1714,15
LK7215235,Ganangolla,857,857,1714,15
LK7215240,Nishshankamalla Pedesa,857,857,1714,15
LK7215245,Mahaweli Pedesa,857,857,1714,15
LK7215250,Kotaleeya,857,857,1714,15
LK7215255,Aluthwewa East,857,857,1714,15
LK7215260,Aluthwewa West,857,857,1714,15
LK7215265,Parakrama Samudraya,857,857,1714,15
LK7215270,Ambanganga,857,857,1714,15
LK7215275,Kalahagala,857,857,1714,15
LK7218,Elahera,47143,47142,94285,15
LK7218005,Ihakuluwewa,1684,1684,3368,15
LK7218010,Katukeliyawa,1684,1683,3367,15
LK7218015,Diyabeduma,1684,1683,3367,15
LK7218020,Konduruwawa,1684,1683,3367,15
LK7218025,Attanakadawala West,1684,1683,3367,15
LK7218030,Radavigeoya,1684,1683,3367,15
LK7218035,Madudamana,1684,1683,3367,15
LK7218040,Attanakadawala North,1684,1683,3367,15
LK7218045,Attanakadawala South,1684,1683,3367,15
LK7218050,Ikiriwewa,1684,1683,3367,15
LK7218055,Kahatagahapitiya,1684,1683,3367,15
LK7218060,Nikapitiya,1684,1683,3367,15
LK7218065,Sarubima,1684,1683,3367,15
LK7218070,Segala,1684,1683,3367,15
LK7218075,Kottapitiya South,1684,1683,3367,15
LK7218080,Somils,1684,1683,3367,15
LK7218085,Gangeyaya,1684,1683,3367,15
LK7218090,Kottapitiya North,1684,1683,3367,15
LK7218095,Damanayaya,1684,1683,3367,15
LK7218100,Elahera,1684,1683,3367,15
LK7218105,Heeratiya,1684,1683,3367,15
LK7218110,Bakamoona,1684,1683,3367,15
LK7218115,Sirikaduyaya,1684,1683,3367,15
LK7218120,Atharagallewa,1684,1683,3367,15
LK7218125,Maluweyaya,1684,1683,3367,15
LK7218130,Orubendi Siyambalawa,1684,1683,3367,15
LK7218135,Kumaraella,1684,1683,3367,15
LK7218140,Kirioya,1684,1683,3367,15
LK8,Uva,880000,880000,1760000,15
LK81,Badulla,440000,440000,880000,15
LK8103,Mahiyanganaya,29334,29333,58667,15
LK8103005,Rotalawela,839,838,1677,15
LK8103010,Divulapelessa,838,838,1676,15
LK8103015,Aluyatawela,838,838,1676,15
LK8103020,Theldeniyaya,838,838,1676,15
LK8103025,Hebarawa,838,838,1676,15
LK8103030,Ginnoruwa,838,838,1676,15
LK8103035,Belaganwewa,838,838,1676,15
LK8103040,Ulhitiya,838,838,1676,15
LK8103045,Pahala Rathkinda,838,838,1676,15
LK8103050,Hobariyawa,838,838,1676,15
LK8103055,Millattawa,838,838,1676,15
LK8103060,Viranegama,838,838,1676,15
LK8103065,Aluttarama,838,838,1676,15
LK8103070,Girandurukotte,838,838,1676,15
LK8103075,Bathalayaya,838,838,1676,15
LK8103080,Haddattawa,838,838,1676,15
LK8103085,Meegahahena,838,838,1676,15
LK8103090,Galporuyaya,838,838,1676,15
LK8103095,Beligalla,838,838,1676,15
LK8103100,Dambana,838,838,1676,15
LK8103105,Kukulapola,838,838,1676,15
LK8103110,Wewatta,838,838,1676,15
LK8103115,Thalangamuwa,838,838,1676,15
LK8103120,Sorabora,838,838,1676,15
LK8103125,Wewgampaha,838,838,1676,15
LK8103130,Dehigolla,838,838,1676,15
LK8103135,Elewela,838,838,1676,15
LK8103140,Mahiyanganaya Town,838,838,1676,15
LK8103145,Poojanagaraya,838,838,1676,15
LK8103150,Dambarawa,838,838,1676,15
LK8103155,Senanigama,838,838,1676,15
LK8103160,Mapakadawewa,838,838,1676,15
LK8103165,Pangaragammana,838,838,1676,15
LK8103170,Dambagolla,838,838,1676,15
LK8103175,Medayaya,838,838,1676,15
LK8106,Rideemaliyadda,29333,29333,58666,15
LK8106005,Orubendiwewa,699,698,1397,15
LK8106010,Sangabopura,698,698,1396,15
LK8106015,Welampele,698,698,1396,15
LK8106020,Keselpotha North,698,698,1396,15
LK8106025,Ikiriyagoda,698,698,1396,15
LK8106030,Kandubedda,698,698,1396,15
LK8106035,Aralupitiya,698,698,1396,15
LK8106040,Ekiriyankumbura,698,698,1396,15
LK8106045,Dehigama,698,698,1396,15
LK8106050,Morana,698,698,1396,15
LK8106055,Kudalunuka,698,698,1396,15
LK8106060,Aluketiyawa,698,698,1396,15
LK8106065,Keselpotha South,698,698,1396,15
LK8106070,Serana,698,698,1396,15
LK8106075,Arawatta,698,698,1396,15
LK8106080,Uva Gemunupura,698,698,1396,15
LK8106085,Senevigama,698,698,1396,15
LK8106090,Uva Thissapura,698,698,1396,15
LK8106095,Gamakumbura North,698,698,1396,15
LK8106100,Kuralewela,698,698,1396,15
LK8106105,Nagadeepa,698,698,1396,15
LK8106110,Mahalunuka,698,698,1396,15
LK8106115,Pethiyagoda,698,698,1396,15
LK8106120,Rideemaliyadda South,698,698,1396,15
LK8106125,Rideemaliyadda North,698,698,1396,15
LK8106130,Uraniya,698,698,1396,15
LK8106135,Kotathalawa,698,698,1396,15
LK8106140,Andaulpatha,698,698,1396,15
LK8106145,Gamakumbura South,698,698,1396,15
LK8106150,Abhayapura,698,698,1396,15
LK8106155,Dikkendayaya,698,698,1396,15
LK8106160,Pahalaoyagama,698,698,1396,15
LK8106165,Bubula,698,698,1396,15
LK8106170,Ritigahaarawa,698,698,1396,15
LK8106175,Kandegama,698,698,1396,15
LK8106180,Mahagama,698,698,1396,15
LK8106185,Kuruvithenna,698,698,1396,15
LK8106190,Deekirigolla,698,698,1396,15
LK8106195,Pinnagolla,698,698,1396,15
LK8106200,Arawa,698,698,1396,15
LK8106205,Dikyaya,698,698,1396,15
LK8106210,Diyakombala,698,698,1396,15
LK8109,Meegahakiula,29333,29333,58666,15
LK8109005,Karametiya,1467,1467,2934,15
LK8109010,Balagolla,1467,1466,2933,15
LK8109015,Aggalaulpatha,1467,1466,2933,15
LK8109020,Karandagahamada,1467,1466,2933,15
LK8109025,Polgaha Arawa,1467,1466,2933,15
LK8109030,Polwatta,1467,1466,2933,15
LK8109035,Watagommana,1467,1466,2933,15
LK8109040,Roberiya,1467,1466,2933,15
LK8109045,Pitamaruwa,1467,1466,2933,15
LK8109050,Wewathenna,1467,1466,2933,15
LK8109055,Ellanda,1467,1466,2933,15
LK8109060,Kalugahakandura,1467,1466,2933,15
LK8109065,Komarika,1467,1466,2933,15
LK8109070,Akurukaduwa,1467,1466,2933,15
LK8109075,Meegahakivula,1467,1466,2933,15
LK8109080,Thaldena,1467,1466,2933,15
LK8109085,Kohana,1467,1466,2933,15
LK8109090,Ketawatta,1467,1466,2933,15
LK8109095,Morahela,1467,1466,2933,15
LK8109100,Hunuketapitiya,1467,1466,2933,15
LK8112,Kandeketiya,29333,29333,58666,15
LK8112005,Mahakele,1129,1128,2257,15
LK8112010,Baduluoya West,1128,1128,2256,15
LK8112015,Kandakepoo Ulpotha,1128,1128,2256,15
LK8112020,Hevandana,1128,1128,2256,15
LK8112025,Mahathenna,1128,1128,2256,15
LK8112030,Baduluoya East,1128,1128,2256,15
LK8112035,Kandaketiya,1128,1128,2256,15
LK8112040,Welaoya,1128,1128,2256,15
LK8112045,Kivulegedara,1128,1128,2256,15
LK8112050,Kirivehera,1128,1128,2256,15
LK8112055,Wewathenna,1128,1128,2256,15
LK8112060,Maliyadda,1128,1128,2256,15
LK8112065,Pallewela,1128,1128,2256,15
LK8112070,Mudagamuwa,1128,1128,2256,15
LK8112075,Dikkumbura,1128,1128,2256,15
LK8112080,Hapathgamuwa,1128,1128,2256,15
LK8112085,Bopitiya,1128,1128,2256,15
LK8112090,Bogahakumbura,1128,1128,2256,15
LK8112095,Beramada,1128,1128,2256,15
LK8112100,Godunna,1128,1128,2256,15
LK8112105,Wasanagama,1128,1128,2256,15
LK8112110,Thetilla,1128,1128,2256,15
LK8112115,Thalakumbura,1128,1128,2256,15
LK8112120,Galauda,1128,1128,2256,15
LK8112125,Bokanoruwa,1128,1128,2256,15
LK8112130,Narangala,1128,1128,2256,15
LK8115,Soranathota,29333,29333,58666,15
LK8115005,Idamepanguwa,1174,1173,2347,15
LK8115010,Budugekanda,1173,1173,2346,15
LK8115015,Pallekanda,1173,1173,2346,15
LK8115020,Boliyadda,1173,1173,2346,15
LK8115025,Pathanegedara,1173,1173,2346,15
LK8115030,Egodawela,1173,1173,2346,15
LK8115035,Wattekele,1173,1173,2346,15
LK8115040,Pussellawa,1173,1173,2346,15
LK8115045,Pussellakanda,1173,1173,2346,15
LK8115050,Moragolla,1173,1173,2346,15
LK8115055,Dikpitiya,1173,1173,2346,15
LK8115060,Ledgerwatta,1173,1173,2346,15
LK8115065,Idamegama,1173,1173,2346,15
LK8115070,Soranathota,1173,1173,2346,15
LK8115075,Yatilellagama,1173,1173,2346,15
LK8115080,Ambagasdowa,1173,1173,2346,15
LK8115085,Ketakellagama,1173,1173,2346,15
LK8115090,Kuttiyagolla,1173,1173,2346,15
LK8115095,Angoda,1173,1173,2346,15
LK8115100,Kosgolla,1173,1173,2346,15
LK8115105,Rideepana,1173,1173,2346,15
LK8115110,Kohovila,1173,1173,2346,15
LK8115115,Kithulwattagama,1173,1173,2346,15
LK8115120,Kirioruwa,1173,1173,2346,15
LK8115125,Kandegedara Town,1173,1173,2346,15
LK8118,Passara,29333,29333,58666,15
LK8118005,Demodara,716,715,1431,15
LK8118010,Palawatta,715,715,1430,15
LK8118015,Kahataruppa,715,715,1430,15
LK8118020,Dambakote,715,715,1430,15
LK8118025,Madugasthalawa North,715,715,1430,15
LK8118030,Thalagahagedara,715,715,1430,15
LK8118035,Welgolla,715,715,1430,15
LK8118040,Madugasthalawa South,715,715,1430,15
LK8118045,Gerandiella,715,715,1430,15
LK8118050,Maligathenna,715,715,1430,15
LK8118055,Medawelagama,715,715,1430,15
LK8118060,Paramahankada,715,715,1430,15
LK8118065,Nikebedda,715,715,1430,15
LK8118070,Udagama,715,715,1430,15
LK8118075,Pelgahathenna,715,715,1430,15
LK8118080,Sapuroda,715,715,1430,15
LK8118085,Palagolla,715,715,1430,15
LK8118090,Gonagala West,715,715,1430,15
LK8118095,Gonagala East,715,715,1430,15
LK8118100,Kanahela,715,715,1430,15
LK8118105,Pallegama,715,715,1430,15
LK8118110,Passara Town North,715,715,1430,15
LK8118115,Passara Town South,715,715,1430,15
LK8118120,Passara Town East,715,715,1430,15
LK8118125,Ambathenna West,715,715,1430,15
LK8118130,Thennuge,715,715,1430,15
LK8118135,Meedumpitiya,715,715,1430,15
LK8118140,Kudugala Pathana,715,715,1430,15
LK8118145,Tholabowatta,715,715,1430,15
LK8118150,Ambathenna,715,715,1430,15
LK8118155,Meeriyabedda,715,715,1430,15
LK8118160,Puhulwatta,715,715,1430,15
LK8118165,Maussagolla West,715,715,1430,15
LK8118170,Kanawerella West,715,715,1430,15
LK8118175,Kanawerella,715,715,1430,15
LK8118180,Kanawerella East,715,715,1430,15
LK8118185,Bibilegama West,715,715,1430,15
LK8118190,Wewekele,715,715,1430,15
LK8118195,Bibilegama East,715,715,1430,15
LK8118200,Maussagolla East,715,715,1430,15
LK8118205,Dambewela,715,715,1430,15
LK8119,Lunugala,29333,29333,58666,15
LK8119005,Ekiriya,1048,1048,2096,15
LK8119010,Metigahathenna,1048,1047,2095,15
LK8119015,Galwelagama,1048,1047,2095,15
LK8119020,Wewabedda,1048,1047,2095,15
LK8119025,Janathapura North,1048,1047,2095,15
LK8119030,Arawakumbura,1048,1047,2095,15
LK8119035,Udakiruwa,1048,1047,2095,15
LK8119040,Alakolagala,1048,1047,2095,15
LK8119045,Udapanguwa,1048,1047,2095,15
LK8119050,Lunugala Town,1048,1047,2095,15
LK8119055,Janathapura South,1048,1047,2095,15
LK8119060,Janathapura,1048,1047,2095,15
LK8119065,Batawatta,1048,1047,2095,15
LK8119070,Gallulla,1048,1047,2095,15
LK8119075,Madulsima,1048,1047,2095,15
LK8119080,Sumudugama,1048,1047,2095,15
LK8119085,Attanagolla,1048,1047,2095,15
LK8119090,Sooriyagoda,1048,1047,2095,15
LK8119095,Weragoda,1048,1047,2095,15
LK8119100,Pallekiruwa,1048,1047,2095,15
LK8119105,Kottalbedda,1048,1047,2095,15
LK8119110,Mahadowa,1048,1047,2095,15
LK8119115,Yapamma,1048,1047,2095,15
LK8119120,Peessagama,1048,1047,2095,15
LK8119125,Rendapola,1048,1047,2095,15
LK8119130,Hopton,1048,1047,2095,15
LK8119135,Maduwatta,1048,1047,2095,15
LK8119140,Millabedda,1048,1047,2095,15
LK8121,Badulla,29333,29333,58666,15
LK8121005,Pitawelagama,1012,1011,2023,15
LK8121010,Badulla North,1011,1011,2022,15
LK8121015,Medapathana,1011,1011,2022,15
LK8121020,Kailagoda,1011,1011,2022,15
LK8121025,Andeniya,1011,1011,2022,15
LK8121030,Sirimalgoda,1011,1011,2022,15
LK8121035,Damanwara,1011,1011,2022,15
LK8121040,Hinnarangolla,1011,1011,2022,15
LK8121045,Kendagolla,1011,1011,2022,15
LK8121050,Thelbedda Estate,1011,1011,2022,15
LK8121055,Ilukthenna,1011,1011,2022,15
LK8121060,Hegoda,1011,1011,2022,15
LK8121065,Badulupitiya,1011,1011,2022,15
LK8121070,Badulla Central,1011,1011,2022,15
LK8121075,Badulla West,1011,1011,2022,15
LK8121080,Katupelella,1011,1011,2022,15
LK8121085,Badulla South,1011,1011,2022,15
LK8121090,Badulla East,1011,1011,2022,15
LK8121095,Hindagoda,1011,1011,2022,15
LK8121100,Rambukpotha,1011,1011,2022,15
LK8121105,Malangamuwa,1011,1011,2022,15
LK8121110,Viyadiguna,1011,1011,2022,15
LK8121115,Vineethagama,1011,1011,2022,15
LK8121120,Wewessa,1011,1011,2022,15
LK8121125,Welibissa,1011,1011,2022,15
LK8121130,Glen Alpin Estate,1011,1011,2022,15
LK8121135,Udawela,1011,1011,2022,15
LK8121140,Hingurugamuwa,1011,1011,2022,15
LK8121145,Kanupelella,1011,1011,2022,15
LK8124,Hali-Ela,29333,29333,58666,15
LK8124005,Kokatiyamaluwa,515,515,1030,15
LK8124010,Wegama,515,514,1029,15
LK8124015,Jangulla,515,514,1029,15
LK8124020,Landewela,515,514,1029,15
LK8124025,Bogoda,515,514,1029,15
LK8124030,Panakanniya,515,514,1029,15
LK8124035,Ketawala,515,514,1029,15
LK8124040,Udakohovila,515,514,1029,15
LK8124045,Hethekma,515,514,1029,15
LK8124050,Deegalla,515,514,1029,15
LK8124055,Pattipola,515,514,1029,15
LK8124060,Anthuduwawela,515,514,1029,15
LK8124065,Bogahamaditta,515,514,1029,15
LK8124070,Mahawattagama,515,514,1029,15
LK8124075,Dematawelhinna,515,514,1029,15
LK8124080,Welikemulla,515,514,1029,15
LK8124085,Unagolla,515,514,1029,15
LK8124090,Medapitigama,515,514,1029,15
LK8124095,Dickwella,515,514,1029,15
LK8124100,Hali-Ela,515,514,1029,15
LK8124105,Samagipura,515,514,1029,15
LK8124110,Udagama,515,514,1029,15
LK8124115,Gawela,515,514,1029,15
LK8124120,Pahamunuthota,515,514,1029,15
LK8124125,Neludanda,515,514,1029,15
LK8124130,Hinnarangolla,515,514,1029,15
LK8124135,Mugunumatha West,515,514,1029,15
LK8124140,Mugunumatha East,515,514,1029,15
LK8124145,Godegama,515,514,1029,15
LK8124150,Medagama,515,514,1029,15
LK8124155,Imbulgoda,515,514,1029,15
LK8124160,Imbulgoda,515,514,1029,15
LK8124165,Kandana,515,514,1029,15
LK8124170,Bulathwatta,515,514,1029,15
LK8124175,Springvalley Estate,515,514,1029,15
LK8124180,Springvalley,515,514,1029,15
LK8124185,Beddegama,515,514,1029,15
LK8124190,Wewelhinna,515,514,1029,15
LK8124195,Uduwara,515,514,1029,15
LK8124200,Hapuwalakumbura,515,514,1029,15
LK8124205,Kirinda,515,514,1029,15
LK8124210,Morethota,515,514,1029,15
LK8124215,Uva Mahawela,515,514,1029,15
LK8124220,Etampitiya,515,514,1029,15
LK8124225,Pallegama,515,514,1029,15
LK8124230,Dehivinna,515,514,1029,15
LK8124235,Niliathugoda,515,514,1029,15
LK8124240,Neluwa,515,514,1029,15
LK8124245,Kudumahuwela,515,514,1029,15
LK8124250,Wepassawela,515,514,1029,15
LK8124255,Maligathenna,515,514,1029,15
LK8124260,Perahettiya,515,514,1029,15
LK8124265,Katugaha,515,514,1029,15
LK8124270,Mahathenna,515,514,1029,15
LK8124275,Malitta,515,514,1029,15
LK8124280,Kurukude,515,514,1029,15
LK8124285,Warakadanda,515,514,1029,15
LK8127,Uvaparanagama,29333,29333,58666,15
LK8127005,Yalagamuwa,432,431,863,15
LK8127010,Ritikumbura,431,431,862,15
LK8127015,Wethalawa,431,431,862,15
LK8127020,Maspanna,431,431,862,15
LK8127025,Kohilegama,431,431,862,15
LK8127030,Ellanda,431,431,862,15
LK8127035,Kindigoda,431,431,862,15
LK8127040,Hathkinda,431,431,862,15
LK8127045,Dimbulana,431,431,862,15
LK8127050,Ilukwela,431,431,862,15
LK8127055,Gampaha,431,431,862,15
LK8127060,Wewegama,431,431,862,15
LK8127065,Kerklis,431,431,862,15
LK8127070,Malwattegama,431,431,862,15
LK8127075,Medipokuna,431,431,862,15
LK8127080,Thuppitiya,431,431,862,15
LK8127085,Panagoda,431,431,862,15
LK8127090,Pitiyakumbura,431,431,862,15
LK8127095,Bambarapana,431,431,862,15
LK8127100,Alagolla,431,431,862,15
LK8127105,Voldemar,431,431,862,15
LK8127110,Thawalampola,431,431,862,15
LK8127115,Kodakumbura,431,431,862,15
LK8127120,Koradekumbura,431,431,862,15
LK8127125,Malapolagama,431,431,862,15
LK8127130,Welamedagama,431,431,862,15
LK8127135,Uduhawara,431,431,862,15
LK8127140,Hangunnawa,431,431,862,15
LK8127145,Ranhawadigama,431,431,862,15
LK8127150,Idamegama,431,431,862,15
LK8127155,Paranagama,431,431,862,15
LK8127160,Mudanawa,431,431,862,15
LK8127165,Sapugolla,431,431,862,15
LK8127170,Ethkandawaka,431,431,862,15
LK8127175,Kirawanagama,431,431,862,15
LK8127180,Beraliyapola,431,431,862,15
LK8127185,Pannalawela,431,431,862,15
LK8127190,Rahupola,431,431,862,15
LK8127195,Udaperuwa,431,431,862,15
LK8127200,Weliulla,431,431,862,15
LK8127205,Metiwalalanda,431,431,862,15
LK8127210,Unapana,431,431,862,15
LK8127215,Lunuwatta,431,431,862,15
LK8127220,Pallewela,431,431,862,15
LK8127225,Busdulla,431,431,862,15
LK8127230,Kurundugolla,431,431,862,15
LK8127235,Ambagasdowa,431,431,862,15
LK8127240,Pannalagama,431,431,862,15
LK8127245,Uma Ela,431,431,862,15
LK8127250,Karagahaulpatha,431,431,862,15
LK8127255,Medawela,431,431,862,15
LK8127260,Perawella,431,431,862,15
LK8127265,Galahagama,431,431,862,15
LK8127270,Medagodagama,431,431,862,15
LK8127275,Thelhawadigama,431,431,862,15
LK8127280,Ketagoda,431,431,862,15
LK8127285,Dangamuwa,431,431,862,15
LK8127290,Rathamba,431,431,862,15
LK8127295,Kumarapattiya,431,431,862,15
LK8127300,Balagala,431,431,862,15
LK8127305,Downside,431,431,862,15
LK8127310,Kendagolla,431,431,862,15
LK8127315,Yahala Arawa,431,431,862,15
LK8127320,Ulugala,431,431,862,15
LK8127325,Hangiliella,431,431,862,15
LK8127330,Kotawera Udagama,431,431,862,15
LK8127335,Kotawera Pahalagama,431,431,862,15
LK8127340,Daragala,431,431,862,15
LK8130,Welimada,29333,29333,58666,15
LK8130005,Alakolagala,459,458,917,15
LK8130010,Hulankapolla,458,458,916,15
LK8130015,Silmiyapura,458,458,916,15
LK8130020,Boragas,458,458,916,15
LK8130025,Vidurupola,458,458,916,15
LK8130030,Gavarammana,458,458,916,15
LK8130035,Palugama Town,458,458,916,15
LK8130040,Puranwela,458,458,916,15
LK8130045,Girambe,458,458,916,15
LK8130050,Divurumgama,458,458,916,15
LK8130055,Palugama Ella,458,458,916,15
LK8130060,Welimada Watta,458,458,916,15
LK8130065,Ambagahakumbura,458,458,916,15
LK8130070,Dimuthugama,458,458,916,15
LK8130075,Welimada Town,458,458,916,15
LK8130080,Landegama,458,458,916,15
LK8130085,Divithotawela,458,458,916,15
LK8130090,Puhulpola,458,458,916,15
LK8130095,Dikkapitiya,458,458,916,15
LK8130100,Koskanuwegama,458,458,916,15
LK8130105,Dayaraba Watta,458,458,916,15
LK8130110,Ketakella,458,458,916,15
LK8130115,Yalpathwela,458,458,916,15
LK8130120,Dambavinna,458,458,916,15
LK8130125,Kabillegama,458,458,916,15
LK8130130,Idamegama,458,458,916,15
LK8130135,Erabadda,458,458,916,15
LK8130140,Keppetipola,458,458,916,15
LK8130145,Hewanakumbura,458,458,916,15
LK8130150,Ambewela,458,458,916,15
LK8130155,Himbiliyagolla,458,458,916,15
LK8130160,Thennakonwela,458,458,916,15
LK8130165,Kalubululanda,458,458,916,15
LK8130170,Mavithikumbura,458,458,916,15
LK8130175,Nedungamuwa,458,458,916,15
LK8130180,Medagedaragama,458,458,916,15
LK8130185,Nawela,458,458,916,15
LK8130190,Pahalayalkumbura,458,458,916,15
LK8130195,Welikadagama,458,458,916,15
LK8130200,Mirahawatta,458,458,916,15
LK8130205,Udupeella,458,458,916,15
LK8130210,Kotakithula,458,458,916,15
LK8130215,Malpotha,458,458,916,15
LK8130220,Karagasthenna,458,458,916,15
LK8130225,Alugolla,458,458,916,15
LK8130230,Bogahakumbura,458,458,916,15
LK8130235,Bibiligamuwa,458,458,916,15
LK8130240,Alawathugoda,458,458,916,15
LK8130245,Kandepuhulpola,458,458,916,15
LK8130250,Helayalkumbura,458,458,916,15
LK8130255,Guruthalawa,458,458,916,15
LK8130260,Mahathenna,458,458,916,15
LK8130265,Hingurugamuwa,458,458,916,15
LK8130270,Galedanda,458,458,916,15
LK8130275,Boralanda,458,458,916,15
LK8130280,Wangiyakumbura,458,458,916,15
LK8130285,Ohiya,458,458,916,15
LK8130290,Rahangala,458,458,916,15
LK8130295,Hinnarangolla,458,458,916,15
LK8130300,Udakendagolla,458,458,916,15
LK8130305,Rathkarawwa,458,458,916,15
LK8130310,Pitapola,458,458,916,15
LK8130315,Ohiya Estate,458,458,916,15
LK8130320,Maligathenna,458,458,916,15
LK8133,Bandarawela,29333,29333,58666,15
LK8133005,Mathetilla,839,838,1677,15
LK8133010,Konthahela,838,838,1676,15
LK8133015,Icelab Watta,838,838,1676,15
LK8133020,Kirioruwa,838,838,1676,15
LK8133025,Ettalapitiya,838,838,1676,15
LK8133030,Diganathenna,838,838,1676,15
LK8133035,Ambegoda,838,838,1676,15
LK8133040,Wewathenna,838,838,1676,15
LK8133045,Watagamuwa,838,838,1676,15
LK8133050,Bindunuwewa,838,838,1676,15
LK8133055,Kebillewela North,838,838,1676,15
LK8133060,Gediyaroda,838,838,1676,15
LK8133065,Bandarawela West,838,838,1676,15
LK8133070,Bandarawela East,838,838,1676,15
LK8133075,Thanthiriya,838,838,1676,15
LK8133080,Udaperuwa,838,838,1676,15
LK8133085,Egodagama,838,838,1676,15
LK8133090,Weheragalathenna,838,838,1676,15
LK8133095,Bambaragama,838,838,1676,15
LK8133100,Makulella,838,838,1676,15
LK8133105,Kinigama,838,838,1676,15
LK8133110,Inikambedda,838,838,1676,15
LK8133115,Karagahawela,838,838,1676,15
LK8133120,Obadella,838,838,1676,15
LK8133125,Beddekumbura,838,838,1676,15
LK8133130,Kebillewela South,838,838,1676,15
LK8133135,Mahaulpatha,838,838,1676,15
LK8133140,Darahitawanagoda,838,838,1676,15
LK8133145,Doolgolla,838,838,1676,15
LK8133150,Creig Watta,838,838,1676,15
LK8133155,Liyangahawela Watta,838,838,1676,15
LK8133160,Ambadandegama,838,838,1676,15
LK8133165,Beddearawa,838,838,1676,15
LK8133170,Liyangahawela,838,838,1676,15
LK8133175,Nayabedda Estate,838,838,1676,15
LK8136,Ella,29333,29333,58666,15
LK8136005,Piyarapandowa,917,917,1834,15
LK8136010,Halpe,917,916,1833,15
LK8136015,Kirinda,917,916,1833,15
LK8136020,Demodara,917,916,1833,15
LK8136025,Navulla,917,916,1833,15
LK8136030,Gawarawela,917,916,1833,15
LK8136035,Beddewela,917,916,1833,15
LK8136040,Pupula West,917,916,1833,15
LK8136045,Pupula,917,916,1833,15
LK8136050,Galtenhena,917,916,1833,15
LK8136055,Nawela East,917,916,1833,15
LK8136060,Nawela West,917,916,1833,15
LK8136065,Medawela West,917,916,1833,15
LK8136070,Yahalewela,917,916,1833,15
LK8136075,Newberg,917,916,1833,15
LK8136080,Ella,917,916,1833,15
LK8136085,Madhuragama,917,916,1833,15
LK8136090,Idamegama,917,916,1833,15
LK8136095,Hettipola,917,916,1833,15
LK8136100,Millagama,917,916,1833,15
LK8136105,Udukumbalwela,917,916,1833,15
LK8136110,Dowa,917,916,1833,15
LK8136115,Palleperuwa,917,916,1833,15
LK8136120,Heeloya,917,916,1833,15
LK8136125,Kithalella,917,916,1833,15
LK8136130,Rawanaella,917,916,1833,15
LK8136135,Karandagolla,917,916,1833,15
LK8136140,Govussa,917,916,1833,15
LK8136145,Ilukpelessa,917,916,1833,15
LK8136150,Ballaketuwa,917,916,1833,15
LK8136155,Namunukula,917,916,1833,15
LK8136160,Dodamgolla,917,916,1833,15
LK8139,Haputale,29333,29333,58666,15
LK8139005,Ellagama,1129,1128,2257,15
LK8139010,Kahattewela,1128,1128,2256,15
LK8139015,Erenawela,1128,1128,2256,15
LK8139020,Ranjallawa,1128,1128,2256,15
LK8139025,Bingethenna,1128,1128,2256,15
LK8139030,Kahagolla,1128,1128,2256,15
LK8139035,Dodamwatta,1128,1128,2256,15
LK8139040,Diyathalawa,1128,1128,2256,15
LK8139045,Jayaminipura,1128,1128,2256,15
LK8139050,Aluthwela,1128,1128,2256,15
LK8139055,Welanhinna,1128,1128,2256,15
LK8139060,Pahala Kadurugamuwa,1128,1128,2256,15
LK8139065,Viharakele,1128,1128,2256,15
LK8139070,Umankandura,1128,1128,2256,15
LK8139075,Panketiya,1128,1128,2256,15
LK8139080,Hela Kadurugamuwa,1128,1128,2256,15
LK8139085,Haputhalegama,1128,1128,2256,15
LK8139090,Glenanore,1128,1128,2256,15
LK8139095,Horadorowwa,1128,1128,2256,15
LK8139100,Magiripura,1128,1128,2256,15
LK8139105,Kolathenna,1128,1128,2256,15
LK8139110,Haputhale Town,1128,1128,2256,15
LK8139115,Pitarathmale,1128,1128,2256,15
LK8139120,Dambethenna,1128,1128,2256,15
LK8139125,Thotalagala,1128,1128,2256,15
LK8139130,Galkanda,1128,1128,2256,15
LK8142,Haldummulla,29333,29333,58666,15
LK8142005,Weerakongama,753,752,1505,15
LK8142010,Kalupahana,752,752,1504,15
LK8142015,Haldummulla,752,752,1504,15
LK8142020,Beragala,752,752,1504,15
LK8142025,Viharagala,752,752,1504,15
LK8142030,Nikapotha West,752,752,1504,15
LK8142035,Nikapotha East,752,752,1504,15
LK8142040,Lemasthota,752,752,1504,15
LK8142045,Ranasinghegama,752,752,1504,15
LK8142050,Kotabakma,752,752,1504,15
LK8142055,Koslanda,752,752,1504,15
LK8142060,Mahakanda,752,752,1504,15
LK8142065,Poonagala,752,752,1504,15
LK8142070,Divulgasmulla,752,752,1504,15
LK8142075,Gampaha,752,752,1504,15
LK8142080,Ampitithenna,752,752,1504,15
LK8142085,Kelipanawela,752,752,1504,15
LK8142090,Moraketiya,752,752,1504,15
LK8142095,Kirawanagama,752,752,1504,15
LK8142100,Manthenna,752,752,1504,15
LK8142105,Amilagama,752,752,1504,15
LK8142110,Soragune,752,752,1504,15
LK8142115,Kithulgahaarawa,752,752,1504,15
LK8142120,Watagamuwa,752,752,1504,15
LK8142125,Walhaputhenna,752,752,1504,15
LK8142130,Uvathenna,752,752,1504,15
LK8142135,Marangahawela,752,752,1504,15
LK8142140,Seelathenna,752,752,1504,15
LK8142145,Harankahawa,752,752,1504,15
LK8142150,Medawela,752,752,1504,15
LK8142155,Welibissa,752,752,1504,15
LK8142160,We Eliya,752,752,1504,15
LK8142165,Kosgama,752,752,1504,15
LK8142170,Ranwanguhawa,752,752,1504,15
LK8142175,Akkara Seeya,752,752,1504,15
LK8142180,Welanvita,752,752,1504,15
LK8142185,Kolongasthenna,752,752,1504,15
LK8142190,Bambara Pokuna,752,752,1504,15
LK8142195,Mahalanda,752,752,1504,15
LK82,Monaragala,440000,440000,880000,15
LK8203,Bibile,40000,40000,80000,15
LK8203005,Uravula,1000,1000,2000,15
LK8203010,Karandugala,1000,1000,2000,15
LK8203015,Bulupitiya,1000,1000,2000,15
LK8203020,Nilgala,1000,1000,2000,15
LK8203025,Kanawegalla,1000,1000,2000,15
LK8203030,Ussagala,1000,1000,2000,15
LK8203035,Bokagonna,1000,1000,2000,15
LK8203040,Pitakumbura,1000,1000,2000,15
LK8203045,Hamapola,1000,1000,2000,15
LK8203050,Thotillaketiya,1000,1000,2000,15
LK8203055,Kokunnewa,1000,1000,2000,15
LK8203060,Morattamulla,1000,1000,2000,15
LK8203065,Nagala,1000,1000,2000,15
LK8203070,Radaliyadda,1000,1000,2000,15
LK8203075,Ambagolla,1000,1000,2000,15
LK8203080,Wegama,1000,1000,2000,15
LK8203085,Wegama South,1000,1000,2000,15
LK8203090,Mallehewa,1000,1000,2000,15
LK8203095,Karagahawela East,1000,1000,2000,15
LK8203100,Kehel Attawala,1000,1000,2000,15
LK8203105,Karagahawela West,1000,1000,2000,15
LK8203110,Udamallehewa,1000,1000,2000,15
LK8203115,Egoda Kotagama,1000,1000,2000,15
LK8203120,Kotagama,1000,1000,2000,15
LK8203125,Badullagammana,1000,1000,2000,15
LK8203130,Kavudella,1000,1000,2000,15
LK8203135,Rathupasketiya,1000,1000,2000,15
LK8203140,Lindakumbura,1000,1000,2000,15
LK8203145,Bibila,1000,1000,2000,15
LK8203150,Ambelanda,1000,1000,2000,15
LK8203155,Dodamgolla,1000,1000,2000,15
LK8203160,Dehiattawela,1000,1000,2000,15
LK8203165,Kanulwela,1000,1000,2000,15
LK8203170,Ethanawatta,1000,1000,2000,15
LK8203175,Kuruwamba,1000,1000,2000,15
LK8203180,Hewelwela,1000,1000,2000,15
LK8203185,Mudiyala,1000,1000,2000,15
LK8203190,Yalkumbura,1000,1000,2000,15
LK8203195,Thanayamgama,1000,1000,2000,15
LK8203200,Medipitiya,1000,1000,2000,15
LK8206,Madulla,40000,40000,80000,15
LK8206005,Nelliyadda,1053,1053,2106,15
LK8206010,Mullegama,1053,1052,2105,15
LK8206015,Galgamuwa,1053,1052,2105,15
LK8206020,Inginiyagala,1053,1052,2105,15
LK8206025,Baduluwela,1053,1052,2105,15
LK8206030,Bandarawadiya,1053,1052,2105,15
LK8206035,Panguwa,1053,1052,2105,15
LK8206040,Thalkotayaya,1053,1052,2105,15
LK8206045,Deliwa,1053,1052,2105,15
LK8206050,Thampalawela,1053,1052,2105,15
LK8206055,Ruwalwela,1053,1052,2105,15
LK8206060,Watawanagama,1053,1052,2105,15
LK8206065,Gangodagama,1053,1052,2105,15
LK8206070,Ritigahawatta,1053,1052,2105,15
LK8206075,Mariarawa,1053,1052,2105,15
LK8206080,Kolladeniya,1053,1052,2105,15
LK8206085,Ihawa,1053,1052,2105,15
LK8206090,Alpitiya,1053,1052,2105,15
LK8206095,Makulla,1053,1052,2105,15
LK8206100,Namaloya Colony,1053,1052,2105,15
LK8206105,Aratugaswela,1053,1052,2105,15
LK8206110,Pagura,1053,1052,2105,15
LK8206115,Galbokka,1053,1052,2105,15
LK8206120,Magandana,1053,1052,2105,15
LK8206125,Udumulla,1053,1052,2105,15
LK8206130,Kottagala,1053,1052,2105,15
LK8206135,Gangoda Arawa,1053,1052,2105,15
LK8206140,Polgahagama,1053,1052,2105,15
LK8206145,Alugalge,1053,1052,2105,15
LK8206150,Neelawa Bedda,1053,1052,2105,15
LK8206155,Kahagolla,1053,1052,2105,15
LK8206160,Magandaoya Colony,1053,1052,2105,15
LK8206165,Gonathalawa,1053,1052,2105,15
LK8206170,Dambagalla,1053,1052,2105,15
LK8206175,Ellekona,1053,1052,2105,15
LK8206180,Therela,1053,1052,2105,15
LK8206185,Iluklanda,1053,1052,2105,15
LK8206190,Obbegoda,1053,1052,2105,15
LK8209,Medagama,40000,40000,80000,15
LK8209005,Pothubandhana,1143,1143,2286,15
LK8209010,Yakunnawa,1143,1142,2285,15
LK8209015,Bendiyawa,1143,1142,2285,15
LK8209020,Kotabowa,1143,1142,2285,15
LK8209025,Godigamuwa,1143,1142,2285,15
LK8209030,Senpathigama,1143,1142,2285,15
LK8209035,Aiwela,1143,1142,2285,15
LK8209040,Senapathiya,1143,1142,2285,15
LK8209045,Bibilamulla,1143,1142,2285,15
LK8209050,Nannapurawa,1143,1142,2285,15
LK8209055,Dahamgama,1143,1142,2285,15
LK8209060,Kalugahawadiya,1143,1142,2285,15
LK8209065,Kongolla,1143,1142,2285,15
LK8209070,Diviyapola,1143,1142,2285,15
LK8209075,Kohukumbura,1143,1142,2285,15
LK8209080,Nugamura,1143,1142,2285,15
LK8209085,Ellekona,1143,1142,2285,15
LK8209090,Dahagoniya,1143,1142,2285,15
LK8209095,Monarawana,1143,1142,2285,15
LK8209100,Mellagama,1143,1142,2285,15
LK8209105,Thambana,1143,1142,2285,15
LK8209110,Thimbiriya,1143,1142,2285,15
LK8209115,Medagama,1143,1142,2285,15
LK8209120,Elhena,1143,1142,2285,15
LK8209125,Pitadeniya,1143,1142,2285,15
LK8209130,Kinnarabowa,1143,1142,2285,15
LK8209135,Ilukkumbura,1143,1142,2285,15
LK8209140,Bakinigahawela,1143,1142,2285,15
LK8209145,Pubbara,1143,1142,2285,15
LK8209150,Polgahapitiya,1143,1142,2285,15
LK8209155,Kendavinna,1143,1142,2285,15
LK8209160,Alana,1143,1142,2285,15
LK8209165,Rattanadeniya,1143,1142,2285,15
LK8209170,Amunekandura,1143,1142,2285,15
LK8209175,Keenagoda,1143,1142,2285,15
LK8212,Siyambalanduwa,40000,40000,80000,15
LK8212005,Nape,834,833,1667,15
LK8212010,Buddama,833,833,1666,15
LK8212015,Waragama,833,833,1666,15
LK8212020,Kotagoda,833,833,1666,15
LK8212025,Weragoda,833,833,1666,15
LK8212030,Newgala,833,833,1666,15
LK8212035,Govindupura,833,833,1666,15
LK8212040,Pallewela,833,833,1666,15
LK8212045,Ambagahapitiya,833,833,1666,15
LK8212050,Meeyagala,833,833,1666,15
LK8212055,Barawaya,833,833,1666,15
LK8212060,Kooragammana,833,833,1666,15
LK8212065,Kalugollayaya,833,833,1666,15
LK8212070,Samanala Bedda,833,833,1666,15
LK8212075,Muthukandiya,833,833,1666,15
LK8212080,Yakkadurawa,833,833,1666,15
LK8212085,Galamuna,833,833,1666,15
LK8212090,Helamulla,833,833,1666,15
LK8212095,Pallegama,833,833,1666,15
LK8212100,Maha Kalugolla,833,833,1666,15
LK8212105,Karambagoda,833,833,1666,15
LK8212110,Ruhunu Danawwa,833,833,1666,15
LK8212115,Sri Wijithapura,833,833,1666,15
LK8212120,Siyambalanduwa,833,833,1666,15
LK8212125,Manabharana,833,833,1666,15
LK8212130,Madugama,833,833,1666,15
LK8212135,Kivulayaya,833,833,1666,15
LK8212140,Kodayana,833,833,1666,15
LK8212145,Nugagahakivula,833,833,1666,15
LK8212150,Kotiyagoda,833,833,1666,15
LK8212155,Indigasella,833,833,1666,15
LK8212160,Dombagahawela,833,833,1666,15
LK8212165,Liyangolla,833,833,1666,15
LK8212170,Beraliyapola,833,833,1666,15
LK8212175,Kimbulawela,833,833,1666,15
LK8212180,Pahatha Arawa,833,833,1666,15
LK8212185,Ethimale,833,833,1666,15
LK8212190,Guruhela,833,833,1666,15
LK8212195,Gemunupura,833,833,1666,15
LK8212200,Perakumpura,833,833,1666,15
LK8212205,Siripura,833,833,1666,15
LK8212210,Thissapura,833,833,1666,15
LK8212215,Ethimale Colony,833,833,1666,15
LK8212220,Minipura,833,833,1666,15
LK8212225,Vilaoya,833,833,1666,15
LK8212230,Wattegama,833,833,1666,15
LK8212235,Wijayapura,833,833,1666,15
LK8212240,Kotiyagala,833,833,1666,15
LK8215,Monaragala,40000,40000,80000,15
LK8215005,Tenwatta,1600,1600,3200,15
LK8215010,Guruhela,1600,1600,3200,15
LK8215015,Batugammana,1600,1600,3200,15
LK8215020,Debeddekivula,1600,1600,3200,15
LK8215025,Weliyaya,1600,1600,3200,15
LK8215030,Rattanapitiya,1600,1600,3200,15
LK8215035,Nakkala,1600,1600,3200,15
LK8215040,Hidikivula,1600,1600,3200,15
LK8215045,Hulandawa,1600,1600,3200,15
LK8215050,Magandanamulla,1600,1600,3200,15
LK8215055,Monaragala,1600,1600,3200,15
LK8215060,Aliyawatta,1600,1600,3200,15
LK8215065,Kolonvinna,1600,1600,3200,15
LK8215070,Bohitiya,1600,1600,3200,15
LK8215075,Kawdawa,1600,1600,3200,15
LK8215080,Hulandawa Left,1600,1600,3200,15
LK8215085,Viharamulla,1600,1600,3200,15
LK8215090,Muppane,1600,1600,3200,15
LK8215095,Maduruketiya,1600,1600,3200,15
LK8215100,Kumbukkana,1600,1600,3200,15
LK8215110,Hulandawa South,1600,1600,3200,15
LK8215115,Marawa,1600,1600,3200,15
LK8215120,Veheragala,1600,1600,3200,15
LK8215125,Thenagallanda,1600,1600,3200,15
LK8215130,Kahambana,1600,1600,3200,15
LK8218,Badalkumbura,40000,40000,80000,15
LK8218005,Gedavila,1000,1000,2000,15
LK8218010,Karandagama,1000,1000,2000,15
LK8218015,Ella,1000,1000,2000,15
LK8218020,Pallegama,1000,1000,2000,15
LK8218025,Thalawagama,1000,1000,2000,15
LK8218030,Mailagasthenna,1000,1000,2000,15
LK8218035,Karavila,1000,1000,2000,15
LK8218040,Madamagama,1000,1000,2000,15
LK8218045,Wekumbura,1000,1000,2000,15
LK8218050,Maiyokka Watta,1000,1000,2000,15
LK8218055,Waradola,1000,1000,2000,15
LK8218060,Ankada,1000,1000,2000,15
LK8218065,Kotamuduna,1000,1000,2000,15
LK8218070,Alupotha,1000,1000,2000,15
LK8218075,Wasipaha,1000,1000,2000,15
LK8218080,Badalkumbura,1000,1000,2000,15
LK8218085,Maligathenna,1000,1000,2000,15
LK8218095,Madukotan Arawa,1000,1000,2000,15
LK8218100,Yakurawa,1000,1000,2000,15
LK8218105,Therappahuwa,1000,1000,2000,15
LK8218110,Punsisigama,1000,1000,2000,15
LK8218115,Madugahapattiya,1000,1000,2000,15
LK8218120,Kalagahakivula,1000,1000,2000,15
LK8218125,Madugasmulla,1000,1000,2000,15
LK8218130,Ranugalla,1000,1000,2000,15
LK8218135,Ethpattiya,1000,1000,2000,15
LK8218140,Miyanakadura,1000,1000,2000,15
LK8218145,Dewathura,1000,1000,2000,15
LK8218150,Naranwatta,1000,1000,2000,15
LK8218155,Athala,1000,1000,2000,15
LK8218160,Eththalamulla,1000,1000,2000,15
LK8218165,Muthukeliyawa,1000,1000,2000,15
LK8218170,Meegahayaya,1000,1000,2000,15
LK8218175,Bogahapelessa,1000,1000,2000,15
LK8218180,Dambagahawela,1000,1000,2000,15
LK8218185,Hingurukaduwa,1000,1000,2000,15
LK8218190,Keliwessa,1000,1000,2000,15
LK8218195,Moratuwagama,1000,1000,2000,15
LK8218200,Lunugala Colony,1000,1000,2000,15
LK8218205,Katugahagalge,1000,1000,2000,15
LK8221,Wellawaya,40000,40000,80000,15
LK8221005,Kurugama,1380,1379,2759,15
LK8221010,Randeniya,1379,1379,2758,15
LK8221015,Siyambalagunaya,1379,1379,2758,15
LK8221020,Sudupanawela,1379,1379,2758,15
LK8221025,Kotikambokka,1379,1379,2758,15
LK8221030,Galbokka,1379,1379,2758,15
LK8221035,Dimbulamure,1379,1379,2758,15
LK8221040,Wellawaya,1379,1379,2758,15
LK8221045,Yalabowa,1379,1379,2758,15
LK8221050,Nugayaya,1379,1379,2758,15
LK8221055,Warunagama,1379,1379,2758,15
LK8221060,Anapallama,1379,1379,2758,15
LK8221065,Pubuduwewa,1379,1379,2758,15
LK8221070,Neluwagala,1379,1379,2758,15
LK8221075,Buduruwagala,1379,1379,2758,15
LK8221080,Andawelayaya,1379,1379,2758,15
LK8221085,Siripuragama,1379,1379,2758,15
LK8221090,Veherayaya Colony,1379,1379,2758,15
LK8221095,Veherayaya,1379,1379,2758,15
LK8221100,Randenigodayaya,1379,1379,2758,15
LK8221105,Handapanagala,1379,1379,2758,15
LK8221110,Mahaaragama,1379,1379,2758,15
LK8221115,Thelulla Colony,1379,1379,2758,15
LK8221120,Ethiliwewa,1379,1379,2758,15
LK8221125,Thelulla,1379,1379,2758,15
LK8221130,Balaharuwa,1379,1379,2758,15
LK8221135,Debaraara,1379,1379,2758,15
LK8221140,Kithulkote,1379,1379,2758,15
LK8221145,Uva Kudaoya,1379,1379,2758,15
LK8224,Buttala,40000,40000,80000,15
LK8224005,Uda Arawa,1380,1379,2759,15
LK8224010,Horabokka,1379,1379,2758,15
LK8224015,Unawatuna,1379,1379,2758,15
LK8224020,Yudaganawa,1379,1379,2758,15
LK8224025,Dikyaya,1379,1379,2758,15
LK8224030,Udagama,1379,1379,2758,15
LK8224035,Mahagodayaya,1379,1379,2758,15
LK8224040,Gaminipura,1379,1379,2758,15
LK8224045,Okkampitiya,1379,1379,2758,15
LK8224050,Galtemmandiya,1379,1379,2758,15
LK8224055,Ulugala,1379,1379,2758,15
LK8224060,Maligavila,1379,1379,2758,15
LK8224065,Minipuragama,1379,1379,2758,15
LK8224070,Buruthagolla,1379,1379,2758,15
LK8224075,Pahalagama,1379,1379,2758,15
LK8224080,Konketiya,1379,1379,2758,15
LK8224085,Medagama,1379,1379,2758,15
LK8224090,Pettagamwela,1379,1379,2758,15
LK8224095,Puhulkotuwa,1379,1379,2758,15
LK8224100,Veheragala,1379,1379,2758,15
LK8224105,Pelwatta,1379,1379,2758,15
LK8224110,Mahasenpura,1379,1379,2758,15
LK8224115,Kumaragama,1379,1379,2758,15
LK8224120,Kukurampola,1379,1379,2758,15
LK8224125,Kumarapura,1379,1379,2758,15
LK8224130,Yatiyallathota,1379,1379,2758,15
LK8224135,Waguruwela,1379,1379,2758,15
LK8224140,Gonagan Ara,1379,1379,2758,15
LK8224145,Rahathangama,1379,1379,2758,15
LK8227,Katharagama,40000,40000,80000,15
LK8227005,Sella Katharagama,8000,8000,16000,15
LK8227010,Katharagama,8000,8000,16000,15
LK8227015,Detagamuwa,8000,8000,16000,15
LK8227020,Kandasurindugama,8000,8000,16000,15
LK8227025,Karavile,8000,8000,16000,15
LK8230,Thanamalwila,40000,40000,80000,15
LK8230005,Kandiyapitawewa,2858,2857,5715,15
LK8230010,Kotavehera Mankada,2857,2857,5714,15
LK8230015,Aluthwewa,2857,2857,5714,15
LK8230020,Hambegamuwa,2857,2857,5714,15
LK8230025,Hambegamuwa Colony,2857,2857,5714,15
LK8230030,Kahakurullan Pelessa,2857,2857,5714,15
LK8230035,Mahawewa,2857,2857,5714,15
LK8230040,Sooriyaara,2857,2857,5714,15
LK8230045,Usgala,2857,2857,5714,15
LK8230050,Nikawewa,2857,2857,5714,15
LK8230055,Bodagama,2857,2857,5714,15
LK8230060,Kivul Ara,2857,2857,5714,15
LK8230065,Sittarama,2857,2857,5714,15
LK8230070,Seenukkuwa,2857,2857,5714,15
LK8233,Sevanagala,40000,40000,80000,15
LK8233005,Katupilagama,2858,2857,5715,15
LK8233010,Habaraluwewa,2857,2857,5714,15
LK8233015,Samagipura,2857,2857,5714,15
LK8233020,Weliara,2857,2857,5714,15
LK8233025,Punchiwewa,2857,2857,5714,15
LK8233030,Kiri Ibbanwewa,2857,2857,5714,15
LK8233035,Sevanagala,2857,2857,5714,15
LK8233040,Muthuminigama,2857,2857,5714,15
LK8233045,Bahirawa,2857,2857,5714,15
LK8233050,Indikolapelessa,2857,2857,5714,15
LK8233055,Habarugala,2857,2857,5714,15
LK8233060,Nugegalayaya,2857,2857,5714,15
LK8233065,Mahagama,2857,2857,5714,15
LK8233070,Habarattawela,2857,2857,5714,15
LK9,Sabaragamuwa,880000,880000,1760000,15
LK91,Ratnapura,440000,440000,880000,15
LK9103,Eheliyagoda,24445,24444,48889,15
LK9103005,Divurumpitiya,556,556,1112,15
LK9103010,Hewainna,556,555,1111,15
LK9103015,Kalatuwawa East,556,555,1111,15
LK9103020,Getahetta,556,555,1111,15
LK9103025,Walavita,556,555,1111,15
LK9103030,Meennana,556,555,1111,15
LK9103035,Bopetta Didda,556,555,1111,15
LK9103040,Thoranakada,556,555,1111,15
LK9103045,Ganegoda,556,555,1111,15
LK9103050,Iddamalgoda,556,555,1111,15
LK9103051,Karandana South,556,555,1111,15
LK9103052,Karandana West,556,555,1111,15
LK9103055,Huladduwa,556,555,1111,15
LK9103060,Kalatuwawa West,556,555,1111,15
LK9103065,Uduwaka,556,555,1111,15
LK9103070,Napawala,556,555,1111,15
LK9103075,Pelpitiya,556,555,1111,15
LK9103080,Udumatta,556,555,1111,15
LK9103085,Vilegoda,556,555,1111,15
LK9103090,Vilegoda East,556,555,1111,15
LK9103095,Eheliyagoda Watta,556,555,1111,15
LK9103100,Asgangula North,556,555,1111,15
LK9103105,Kendangamuwa Ihalagama,556,555,1111,15
LK9103110,Moragala,556,555,1111,15
LK9103115,Bulugahapitiya,556,555,1111,15
LK9103120,Yakudagoda,556,555,1111,15
LK9103125,Kendangamuwa,556,555,1111,15
LK9103130,Asgangula South,556,555,1111,15
LK9103135,Mahara,556,555,1111,15
LK9103140,Mahingoda,556,555,1111,15
LK9103145,Nakandala,556,555,1111,15
LK9103150,Viyalagoda,556,555,1111,15
LK9103155,Kendangamuwa Pahalagama,556,555,1111,15
LK9103160,Paleegala,556,555,1111,15
LK9103165,Miyanakolathenna,556,555,1111,15
LK9103170,Mitipola,556,555,1111,15
LK9103175,Mapota,556,555,1111,15
LK9103180,Karandana North,556,555,1111,15
LK9103185,Kiriporuwa,556,555,1111,15
LK9103190,Nedurana,556,555,1111,15
LK9103195,Erepola,556,555,1111,15
LK9103200,Sirisamanpura,556,555,1111,15
LK9103205,Nugadanda,556,555,1111,15
LK9103220,Hindurangala,556,555,1111,15
LK9106,Kuruvita,24444,24444,48888,15
LK9106020,Meneripitiya,644,643,1287,15
LK9106045,Pussella,643,643,1286,15
LK9106050,Devipahala,643,643,1286,15
LK9106055,Endiriyanwala,643,643,1286,15
LK9106060,Erathna,643,643,1286,15
LK9106065,Adavikanda,643,643,1286,15
LK9106070,Lassakanda,643,643,1286,15
LK9106075,Sudagala,643,643,1286,15
LK9106085,Kiragala,643,643,1286,15
LK9106090,Kandangoda,643,643,1286,15
LK9106095,Millavitiya,643,643,1286,15
LK9106105,Ovitigama,643,643,1286,15
LK9106110,Theppanawa,643,643,1286,15
LK9106115,Theppanawa Ihalagama,643,643,1286,15
LK9106120,Pahala Kuruvita,643,643,1286,15
LK9106125,Kandangoda South,643,643,1286,15
LK9106130,Wathuyaya,643,643,1286,15
LK9106135,Udakada,643,643,1286,15
LK9106140,Ekneligoda,643,643,1286,15
LK9106141,Amuhenkanda,643,643,1286,15
LK9106142,Pathberiya West,643,643,1286,15
LK9106143,Pathberiya,643,643,1286,15
LK9106144,Parakaduwa,643,643,1286,15
LK9106145,Delgamuwa,643,643,1286,15
LK9106146,Bodhimaluwa,643,643,1286,15
LK9106147,Thalavitiya,643,643,1286,15
LK9106148,Pohorabawa,643,643,1286,15
LK9106149,Miyanadeniya,643,643,1286,15
LK9106150,Kuruvita,643,643,1286,15
LK9106155,Walandura,643,643,1286,15
LK9106160,Nadukaradeniya,643,643,1286,15
LK9106165,Kahengama,643,643,1286,15
LK9106170,Pathagama,643,643,1286,15
LK9106175,Theppanawa Pahalagama,643,643,1286,15
LK9106180,Kithulpe,643,643,1286,15
LK9106185,Kahengama West,643,643,1286,15
LK9106190,Kosgoda,643,643,1286,15
LK9106195,Galukagama,643,643,1286,15
LK9109,Kiriella,24444,24444,48888,15
LK9109005,Ellawala,1438,1438,2876,15
LK9109010,Deheragoda,1438,1437,2875,15
LK9109015,Kanuggalla,1438,1437,2875,15
LK9109020,Ellawala Pahalagama,1438,1437,2875,15
LK9109025,Mudunkotuwa,1438,1437,2875,15
LK9109030,Akurana,1438,1437,2875,15
LK9109035,Kiriella,1438,1437,2875,15
LK9109040,Handukanda,1438,1437,2875,15
LK9109045,Epitawala,1438,1437,2875,15
LK9109050,Munasinhapura,1438,1437,2875,15
LK9109055,Yatipawwa,1438,1437,2875,15
LK9109060,Ellagawa,1438,1437,2875,15
LK9109065,Idangoda,1438,1437,2875,15
LK9109070,Matuwagala,1438,1437,2875,15
LK9109075,Dodampe West,1438,1437,2875,15
LK9109080,Dodampe,1438,1437,2875,15
LK9109085,Holeepitiya,1438,1437,2875,15
LK9112,Ratnapura,24444,24444,48888,15
LK9112005,Gileemale North,462,461,923,15
LK9112010,Ketawala,461,461,922,15
LK9112015,Guruluwana,461,461,922,15
LK9112020,Siripagama,461,461,922,15
LK9112025,Sri Palabaddala,461,461,922,15
LK9112030,Mapalana,461,461,922,15
LK9112035,Kudawa,461,461,922,15
LK9112040,Dehenakanda,461,461,922,15
LK9112045,Bambarabotuwa,461,461,922,15
LK9112050,Alupola,461,461,922,15
LK9112055,Balakotunna,461,461,922,15
LK9112060,Hapugasthenna,461,461,922,15
LK9112065,Rathgama,461,461,922,15
LK9112070,Gileemale South,461,461,922,15
LK9112075,Pagoda,461,461,922,15
LK9112080,Embuldeniya,461,461,922,15
LK9112085,Malangama,461,461,922,15
LK9112090,Amuthagoda,461,461,922,15
LK9112095,Kahangama,461,461,922,15
LK9112100,Ketaliyampalla,461,461,922,15
LK9112105,New Town,461,461,922,15
LK9112110,Ellegedara,461,461,922,15
LK9112115,Malwala,461,461,922,15
LK9112120,Durekkanda,461,461,922,15
LK9112125,Galabada,461,461,922,15
LK9112130,Gallella,461,461,922,15
LK9112135,Amunuthenna,461,461,922,15
LK9112140,Kempanawatta,461,461,922,15
LK9112145,Gurubevilagama,461,461,922,15
LK9112150,Batewela,461,461,922,15
LK9112155,Hettikanda,461,461,922,15
LK9112160,Banagoda,461,461,922,15
LK9112165,Heenberenduwa,461,461,922,15
LK9112170,Egoda Malwala,461,461,922,15
LK9112175,Meehitiya,461,461,922,15
LK9112180,Kospelavinna,461,461,922,15
LK9112185,Weralupe,461,461,922,15
LK9112190,Dewalegawa,461,461,922,15
LK9112195,Muwagama,461,461,922,15
LK9112200,Ratnapura Town West,461,461,922,15
LK9112205,Ratnapura Town North,461,461,922,15
LK9112210,Mihindugama,461,461,922,15
LK9112215,Mahawala,461,461,922,15
LK9112220,Godigamuwa,461,461,922,15
LK9112225,Ratnapura Town,461,461,922,15
LK9112230,Mudduwa East,461,461,922,15
LK9112235,Samagipura,461,461,922,15
LK9112240,Ethoya,461,461,922,15
LK9112245,Mudduwa,461,461,922,15
LK9112250,Batugedara,461,461,922,15
LK9112255,Angammana,461,461,922,15
LK9112260,Thiriwanketiya,461,461,922,15
LK9112265,Kolandagala,461,461,922,15
LK9115,Imbulpe,24444,24444,48888,15
LK9115005,Rawanakanda,489,489,978,15
LK9115010,Gallenakanda,489,488,977,15
LK9115015,Kattadikanda,489,488,977,15
LK9115020,Waleboda North,489,488,977,15
LK9115025,Bellankanda,489,488,977,15
LK9115030,Bolthumbe,489,488,977,15
LK9115035,Pinnawala,489,488,977,15
LK9115040,Udagama,489,488,977,15
LK9115045,Maddegama,489,488,977,15
LK9115050,Pidaligannawela,489,488,977,15
LK9115055,Ihalagalagama,489,488,977,15
LK9115060,Viharawela,489,488,977,15
LK9115065,Kumburutheniwela,489,488,977,15
LK9115070,Belihuloya,489,488,977,15
LK9115075,Yakdehiwela,489,488,977,15
LK9115080,Muttettuwegama,489,488,977,15
LK9115085,Puwakgahawela,489,488,977,15
LK9115090,Budunwela,489,488,977,15
LK9115095,Halpe,489,488,977,15
LK9115100,Nittamaluwa,489,488,977,15
LK9115105,Kumbalgama,489,488,977,15
LK9115110,Kinchigune,489,488,977,15
LK9115115,Karagasthalawa,489,488,977,15
LK9115120,Seelogama,489,488,977,15
LK9115125,Imbulpe,489,488,977,15
LK9115130,Passaramulla,489,488,977,15
LK9115135,Alakolaella,489,488,977,15
LK9115140,Atawakwela,489,488,977,15
LK9115145,Kanathiriyanwala,489,488,977,15
LK9115150,Pallewela,489,488,977,15
LK9115155,Gurubevila,489,488,977,15
LK9115160,Pandeniya,489,488,977,15
LK9115165,Pagalovita,489,488,977,15
LK9115170,Maddethalawa,489,488,977,15
LK9115175,Amuwathugoda,489,488,977,15
LK9115180,Medagedaragoda,489,488,977,15
LK9115185,Aluthnuwara,489,488,977,15
LK9115190,Thotapalla,489,488,977,15
LK9115195,Ulupitiya,489,488,977,15
LK9115200,Mamalgaha,489,488,977,15
LK9115205,Welanhinna,489,488,977,15
LK9115210,Amupitiya,489,488,977,15
LK9115215,Naluwela,489,488,977,15
LK9115220,Wegapitiya,489,488,977,15
LK9115225,Morahela,489,488,977,15
LK9115230,Oluganthota,489,488,977,15
LK9115235,Rathmalavinna,489,488,977,15
LK9115240,Karadiyamulla,489,488,977,15
LK9115245,Hatharabage,489,488,977,15
LK9115250,Thunkinda,489,488,977,15
LK9118,Balangoda,24444,24444,48888,15
LK9118010,Welekumbura,612,611,1223,15
LK9118015,Wijanathkumbura,611,611,1222,15
LK9118020,Bulathgama,611,611,1222,15
LK9118025,Thumbagoda,611,611,1222,15
LK9118030,Kirindigala,611,611,1222,15
LK9118035,Yahalewela,611,611,1222,15
LK9118040,Batugammana,611,611,1222,15
LK9118045,Aldora,611,611,1222,15
LK9118050,Watawala,611,611,1222,15
LK9118055,Mulgama,611,611,1222,15
LK9118105,Rajawaka,611,611,1222,15
LK9118110,Bowatta,611,611,1222,15
LK9118115,Vikiliya,611,611,1222,15
LK9118120,Thotupalathenna,611,611,1222,15
LK9118125,Kirimetithenna,611,611,1222,15
LK9118130,Dehigasthalawa,611,611,1222,15
LK9118135,Balangoda Town,611,611,1222,15
LK9118140,Balangoda,611,611,1222,15
LK9118145,Jahinkanda,611,611,1222,15
LK9118150,Meddekanda,611,611,1222,15
LK9118155,Ellewatta,611,611,1222,15
LK9118160,Polwathugoda,611,611,1222,15
LK9118165,Durakanda,611,611,1222,15
LK9118170,Rassagala,611,611,1222,15
LK9118175,Ampitiyawatta,611,611,1222,15
LK9118180,Massenna,611,611,1222,15
LK9118185,Pettigala,611,611,1222,15
LK9118190,Pallekanda,611,611,1222,15
LK9118195,Ellepola,611,611,1222,15
LK9118200,Thalangama,611,611,1222,15
LK9118205,Kumara Gama,611,611,1222,15
LK9118210,Damahana,611,611,1222,15
LK9118230,Godakumbura,611,611,1222,15
LK9118235,Imbulamura,611,611,1222,15
LK9118240,Mahawalathenna,611,611,1222,15
LK9118245,Theladiriya,611,611,1222,15
LK9118250,Mawela,611,611,1222,15
LK9118255,Welage,611,611,1222,15
LK9118260,Gawaranhena,611,611,1222,15
LK9118265,Horaketiya,611,611,1222,15
LK9121,Opanayake,24444,24444,48888,15
LK9121005,Polwattahena,1223,1222,2445,15
LK9121010,Metihakwala,1222,1222,2444,15
LK9121015,Malmeekanda,1222,1222,2444,15
LK9121020,Meegahawela,1222,1222,2444,15
LK9121025,Kendaketiya,1222,1222,2444,15
LK9121030,Pelendakanda,1222,1222,2444,15
LK9121035,Madola,1222,1222,2444,15
LK9121040,Udawela,1222,1222,2444,15
LK9121045,Opanayaka,1222,1222,2444,15
LK9121050,Hunuwala North,1222,1222,2444,15
LK9121055,Hallinna,1222,1222,2444,15
LK9121060,Hunuwala South,1222,1222,2444,15
LK9121065,Dandeniya,1222,1222,2444,15
LK9121070,Wallaketiya,1222,1222,2444,15
LK9121075,Akarella,1222,1222,2444,15
LK9121080,Hattella,1222,1222,2444,15
LK9121085,Hattella Egoda,1222,1222,2444,15
LK9121090,Batadura,1222,1222,2444,15
LK9121095,Liyanagoda,1222,1222,2444,15
LK9121100,Galkanda,1222,1222,2444,15
LK9124,Pelmadulla,24444,24444,48888,15
LK9124005,Gonakumbura,661,661,1322,15
LK9124010,Bopetta,661,660,1321,15
LK9124015,Berenduwa,661,660,1321,15
LK9124020,Narangoda,661,660,1321,15
LK9124025,Kuttapitiya,661,660,1321,15
LK9124030,Ganegama,661,660,1321,15
LK9124035,Godagama,661,660,1321,15
LK9124040,Dombagasvinna,661,660,1321,15
LK9124045,Sannasgama,661,660,1321,15
LK9124050,Dippitigala,661,660,1321,15
LK9124055,Lellopitiya,661,660,1321,15
LK9124060,Welimaluwa,661,660,1321,15
LK9124065,Gallinna,661,660,1321,15
LK9124070,Maudella,661,660,1321,15
LK9124075,Marapana,661,660,1321,15
LK9124080,Pahala Hakamuwa,661,660,1321,15
LK9124085,Ihala Hakamuwa,661,660,1321,15
LK9124090,Pottakanda,661,660,1321,15
LK9124095,Niralgama,661,660,1321,15
LK9124100,Alupotha,661,660,1321,15
LK9124105,Dewalegama,661,660,1321,15
LK9124110,Denawaka Pathakada,661,660,1321,15
LK9124115,Rilhena,661,660,1321,15
LK9124120,Pahala Bopitiya,661,660,1321,15
LK9124125,Pelmadulla Town,661,660,1321,15
LK9124130,Udathula,661,660,1321,15
LK9124135,Warigama,661,660,1321,15
LK9124140,Denawaka Udakada,661,660,1321,15
LK9124145,Pelmadullagama,661,660,1321,15
LK9124150,Ihala Bopitiya,661,660,1321,15
LK9124155,Halpawala,661,660,1321,15
LK9124160,Kapuhenthota,661,660,1321,15
LK9124165,Panawenna,661,660,1321,15
LK9124170,Borala,661,660,1321,15
LK9124175,Morathota,661,660,1321,15
LK9124180,Kattange,661,660,1321,15
LK9124185,Poronuwa,661,660,1321,15
LK9127,Elapatha,24444,24444,48888,15
LK9127005,Kahawatta,1223,1222,2445,15
LK9127010,Dambuluwana,1222,1222,2444,15
LK9127015,Raddella,1222,1222,2444,15
LK9127020,Haldola,1222,1222,2444,15
LK9127025,Karangoda,1222,1222,2444,15
LK9127030,Samangama,1222,1222,2444,15
LK9127035,Kehelovitigama,1222,1222,2444,15
LK9127040,Weragama,1222,1222,2444,15
LK9127045,Dellabada,1222,1222,2444,15
LK9127050,Elapatha,1222,1222,2444,15
LK9127055,Pallegedara,1222,1222,2444,15
LK9127060,Kotamulla,1222,1222,2444,15
LK9127065,Amuwala,1222,1222,2444,15
LK9127070,Gangulvitiya,1222,1222,2444,15
LK9127075,Niriella,1222,1222,2444,15
LK9127080,Palawela,1222,1222,2444,15
LK9127085,Batakada,1222,1222,2444,15
LK9127090,Digana,1222,1222,2444,15
LK9127095,Magurugoda,1222,1222,2444,15
LK9127100,Hangamuwa,1222,1222,2444,15
LK9130,Ayagama,24444,24444,48888,15
LK9130005,Dumbara,1164,1164,2328,15
LK9130010,Ketepola,1164,1164,2328,15
LK9130015,Dethabadakanda,1164,1164,2328,15
LK9130020,Madabaddara,1164,1164,2328,15
LK9130025,Pahala Galathura,1164,1164,2328,15
LK9130030,Galathura,1164,1164,2328,15
LK9130035,Sinhalagoda,1164,1164,2328,15
LK9130040,Gangodakanda,1164,1164,2328,15
LK9130045,Dumbara Manana,1164,1164,2328,15
LK9130050,Gawaragiriya,1164,1164,2328,15
LK9130055,Pitakanda,1164,1164,2328,15
LK9130060,Pallekada,1164,1164,2328,15
LK9130065,Ellahena,1164,1164,2328,15
LK9130070,Vithanagama,1164,1164,2328,15
LK9130075,Ayagama,1164,1164,2328,15
LK9130080,Udugala North,1164,1164,2328,15
LK9130085,Kolambewa,1164,1164,2328,15
LK9130090,Udugala,1164,1164,2328,15
LK9130095,Paragala,1164,1164,2328,15
LK9130100,Pimbura,1164,1164,2328,15
LK9130105,Nikagoda,1164,1164,2328,15
LK9133,Kalawana,24444,24444,48888,15
LK9133005,Kodippilikanda,741,741,1482,15
LK9133010,Jathuwangoda,741,740,1481,15
LK9133015,Meepagama,741,740,1481,15
LK9133020,Kukulegama North,741,740,1481,15
LK9133025,Samanpura,741,740,1481,15
LK9133030,Kalawana West,741,740,1481,15
LK9133035,Thapassarakanda,741,740,1481,15
LK9133040,Koswatta,741,740,1481,15
LK9133045,Kukulegama South,741,740,1481,15
LK9133050,Pitigalakanda,741,740,1481,15
LK9133055,Wewagama,741,740,1481,15
LK9133060,Davugalagama,741,740,1481,15
LK9133065,Wembiyagoda,741,740,1481,15
LK9133070,Kalawana East,741,740,1481,15
LK9133075,Wewelkandura,741,740,1481,15
LK9133080,Hangarangala,741,740,1481,15
LK9133085,Wathurawa,741,740,1481,15
LK9133090,Delgoda East,741,740,1481,15
LK9133095,Delgoda West,741,740,1481,15
LK9133100,Weddagala West,741,740,1481,15
LK9133105,Weddagala East,741,740,1481,15
LK9133110,Kudumeeriya,741,740,1481,15
LK9133115,Thanabela,741,740,1481,15
LK9133120,Rambuka,741,740,1481,15
LK9133125,Dolekanda,741,740,1481,15
LK9133130,Kathlana,741,740,1481,15
LK9133135,Gangalagamuwa,741,740,1481,15
LK9133140,Panapola,741,740,1481,15
LK9133145,Kudawa,741,740,1481,15
LK9133150,Hapugoda,741,740,1481,15
LK9133155,Pothupitiya North,741,740,1481,15
LK9133160,Pothupitiya South,741,740,1481,15
LK9133165,Ilumbakanda,741,740,1481,15
LK9136,Nivithigala,24444,24444,48888,15
LK9136005,Pathakada,1019,1018,2037,15
LK9136010,Noragalla,1019,1018,2037,15
LK9136015,Dombagammana,1019,1018,2037,15
LK9136020,Erabadda,1019,1018,2037,15
LK9136025,Kiribathgala,1019,1018,2037,15
LK9136030,Wanniyawatta,1019,1018,2037,15
LK9136035,Watapotha,1019,1018,2037,15
LK9136040,Thuttiripitiya,1019,1018,2037,15
LK9136045,Nivithigala,1019,1018,2037,15
LK9136050,Yakdehiwatta,1019,1018,2037,15
LK9136055,Wathupitiya,1019,1018,2037,15
LK9136060,Horangala,1019,1018,2037,15
LK9136065,Pahala Karavita,1019,1018,2037,15
LK9136070,Uda Karavita,1019,1018,2037,15
LK9136075,Pinkanda,1019,1018,2037,15
LK9136080,Halkandaliya,1019,1018,2037,15
LK9136085,Sidurupitiya,1019,1018,2037,15
LK9136090,Doloswala,1019,1018,2037,15
LK9136095,Kolombugama,1019,1018,2037,15
LK9136100,Doloswalakanda,1019,1018,2037,15
LK9136105,Pebotuwa,1019,1018,2037,15
LK9136110,Horanekarakanda,1019,1018,2037,15
LK9136115,Delwala,1019,1018,2037,15
LK9136120,Panahetagala,1019,1018,2037,15
LK9139,Kahawattha,24444,24444,48888,15
LK9139005,Yainna,1164,1164,2328,15
LK9139010,Nugawela West,1164,1164,2328,15
LK9139015,Nugawela East,1164,1164,2328,15
LK9139020,Weladura,1164,1164,2328,15
LK9139025,Bungiriya,1164,1164,2328,15
LK9139030,Uda Hawpe,1164,1164,2328,15
LK9139035,Yatagare,1164,1164,2328,15
LK9139040,Madalagama Colony,1164,1164,2328,15
LK9139045,Panapitiya North,1164,1164,2328,15
LK9139050,Nambuluwa,1164,1164,2328,15
LK9139055,Atakalanpanna,1164,1164,2328,15
LK9139060,Pahamunupanna,1164,1164,2328,15
LK9139065,Kalalella,1164,1164,2328,15
LK9139070,Panapitiya South,1164,1164,2328,15
LK9139075,Gabbela,1164,1164,2328,15
LK9139080,Endana,1164,1164,2328,15
LK9139085,Madalagama,1164,1164,2328,15
LK9139090,Miyanavita West,1164,1164,2328,15
LK9139095,Miyanavita East,1164,1164,2328,15
LK9139100,Kiranodagama,1164,1164,2328,15
LK9139105,Pannila,1164,1164,2328,15
LK9142,Godakawela,24444,24444,48888,15
LK9142005,Kotakethana,556,556,1112,15
LK9142010,Dimbulwala,556,555,1111,15
LK9142015,Hapurudeniya,556,555,1111,15
LK9142020,Panawala,556,555,1111,15
LK9142025,Buluwana,556,555,1111,15
LK9142030,Makandura,556,555,1111,15
LK9142035,Ematiyagoda,556,555,1111,15
LK9142040,Ridivita,556,555,1111,15
LK9142045,Maragala,556,555,1111,15
LK9142050,Hiramadagama,556,555,1111,15
LK9142055,Madampe North,556,555,1111,15
LK9142060,Kavuduwawa,556,555,1111,15
LK9142065,Madampe South,556,555,1111,15
LK9142070,Horamula,556,555,1111,15
LK9142075,Weralugahamula,556,555,1111,15
LK9142080,Alpitiya,556,555,1111,15
LK9142085,Galahitiya,556,555,1111,15
LK9142090,Kompitiya,556,555,1111,15
LK9142095,Malwatta,556,555,1111,15
LK9142100,Werahera West,556,555,1111,15
LK9142105,Werahera East,556,555,1111,15
LK9142110,Godakawela,556,555,1111,15
LK9142115,Warayaya,556,555,1111,15
LK9142120,Niyangama,556,555,1111,15
LK9142125,Bambaragasthenna,556,555,1111,15
LK9142130,Balavinna North,556,555,1111,15
LK9142135,Balavinna West,556,555,1111,15
LK9142140,Kapuhenthenna,556,555,1111,15
LK9142145,Mawathalanda,556,555,1111,15
LK9142150,Meddegama,556,555,1111,15
LK9142155,Masimbula,556,555,1111,15
LK9142160,Rakwana Town,556,555,1111,15
LK9142165,Kottala,556,555,1111,15
LK9142170,Rakwana South,556,555,1111,15
LK9142175,Rakwana North,556,555,1111,15
LK9142180,Yahalawela,556,555,1111,15
LK9142185,Bibilegama West,556,555,1111,15
LK9142190,Bibilegama East,556,555,1111,15
LK9142195,Thambagamuwa West,556,555,1111,15
LK9142200,Dambavinna,556,555,1111,15
LK9142205,Balavinna East,556,555,1111,15
LK9142210,Thambagamuwa East,556,555,1111,15
LK9142215,Mahagama West,556,555,1111,15
LK9142220,Mahagama East,556,555,1111,15
LK9145,Weligepola,24444,24444,48888,15
LK9145005,Paragahamaditta,815,815,1630,15
LK9145010,Ilukkumbura,815,814,1629,15
LK9145015,Panana,815,814,1629,15
LK9145020,Galgodagama,815,814,1629,15
LK9145025,Kongasthenna,815,814,1629,15
LK9145030,Bopitigoda,815,814,1629,15
LK9145035,Gangodagama,815,814,1629,15
LK9145040,Medaganoya,815,814,1629,15
LK9145045,Udaranwala,815,814,1629,15
LK9145050,Weligepola,815,814,1629,15
LK9145055,Udagangoda,815,814,1629,15
LK9145060,Belimaliyadda,815,814,1629,15
LK9145065,Handagiriya,815,814,1629,15
LK9145070,Handagirigoda,815,814,1629,15
LK9145075,Palugahawela,815,814,1629,15
LK9145080,Urawala,815,814,1629,15
LK9145085,Kottimbulwala,815,814,1629,15
LK9145090,Thalagaskanda,815,814,1629,15
LK9145095,Ranwala,815,814,1629,15
LK9145100,Ammaduwa,815,814,1629,15
LK9145105,Elamalpe,815,814,1629,15
LK9145110,Thennahena,815,814,1629,15
LK9145115,Kalatuwakanda,815,814,1629,15
LK9145120,Badullegama,815,814,1629,15
LK9145125,Hatangala,815,814,1629,15
LK9145130,Bambaragala,815,814,1629,15
LK9145135,Pussathota,815,814,1629,15
LK9145140,Madawalalanda,815,814,1629,15
LK9145145,Galpaya,815,814,1629,15
LK9145150,Muttettupola,815,814,1629,15
LK9148,Embilipitiya,24444,24444,48888,15
LK9148005,Pallebedda,612,611,1223,15
LK9148010,Thittawelpotha,611,611,1222,15
LK9148015,Panahaduwa,611,611,1222,15
LK9148020,Udawalawa,611,611,1222,15
LK9148025,Thimbolketiya,611,611,1222,15
LK9148030,Kolambage Ara,611,611,1222,15
LK9148035,Sankhapala,611,611,1222,15
LK9148040,Miriswelpatha,611,611,1222,15
LK9148045,Adaluwa,611,611,1222,15
LK9148050,Maduwanwela,611,611,1222,15
LK9148055,Udawalawa Track 02,611,611,1222,15
LK9148060,Rathkarawwa,611,611,1222,15
LK9148065,Gangeyaya,611,611,1222,15
LK9148070,Ketagal Ara,611,611,1222,15
LK9148075,Nindagam Pelessa,611,611,1222,15
LK9148080,Ranchamadama,611,611,1222,15
LK9148085,Panamura,611,611,1222,15
LK9148090,Konkatuwa,611,611,1222,15
LK9148095,Embilipitiya Udagama,611,611,1222,15
LK9148100,Hingura Ara,611,611,1222,15
LK9148105,Kalagedi Ara,611,611,1222,15
LK9148110,Moraketiya,611,611,1222,15
LK9148115,Embilipitiya Pallegama,611,611,1222,15
LK9148120,Embilipitiya New Town,611,611,1222,15
LK9148125,Yodhagama,611,611,1222,15
LK9148130,Modarawana,611,611,1222,15
LK9148135,Sudugala,611,611,1222,15
LK9148140,Walalgoda,611,611,1222,15
LK9148145,Jadura,611,611,1222,15
LK9148150,Diyapota,611,611,1222,15
LK9148155,Mulendiyawala,611,611,1222,15
LK9148160,Thorakolayaya,611,611,1222,15
LK9148165,Kumbugoda Ara,611,611,1222,15
LK9148170,Hingura,611,611,1222,15
LK9148175,Halmillaketiya,611,611,1222,15
LK9148180,Thunkama,611,611,1222,15
LK9148185,Hagala,611,611,1222,15
LK9148190,Kuttigala,611,611,1222,15
LK9148195,Julangete,611,611,1222,15
LK9148200,Padalangala,611,611,1222,15
LK9151,Kolonna,24444,24444,48888,15
LK9151005,Buluthota,843,843,1686,15
LK9151010,Ranhotikanda,843,842,1685,15
LK9151015,Yakmaditta,843,842,1685,15
LK9151020,Helaudakanda,843,842,1685,15
LK9151025,Heneggegoda,843,842,1685,15
LK9151030,Kumburugamuwa,843,842,1685,15
LK9151035,Dambemada,843,842,1685,15
LK9151040,Welewathugoda,843,842,1685,15
LK9151045,Ereporuwa,843,842,1685,15
LK9151050,Wijeriya,843,842,1685,15
LK9151055,Poddana,843,842,1685,15
LK9151060,Ittakanda,843,842,1685,15
LK9151065,Buthkanda,843,842,1685,15
LK9151070,Kolonna,843,842,1685,15
LK9151075,Maduwanwela Peranigama,843,842,1685,15
LK9151080,Nandanagama,843,842,1685,15
LK9151085,Ambagahayaya,843,842,1685,15
LK9151090,Kella,843,842,1685,15
LK9151095,Boraluwageaina,843,842,1685,15
LK9151100,Ullinduwawa,843,842,1685,15
LK9151105,Pupulaketiya,843,842,1685,15
LK9151110,Habbeliara,843,842,1685,15
LK9151115,Walakada,843,842,1685,15
LK9151120,Koppakanda,843,842,1685,15
LK9151125,Dapane,843,842,1685,15
LK9151130,Dorapane,843,842,1685,15
LK9151135,Morawadiya,843,842,1685,15
LK9151140,Omalpe,843,842,1685,15
LK9151145,Kempane,843,842,1685,15
LK9154,Kalthota,24444,24444,48888,15
LK9154060,Thanjanthenna,2037,2037,4074,15
LK9154065,Kalthota,2037,2037,4074,15
LK9154070,Uggalkalthota Left Bank South,2037,2037,4074,15
LK9154075,Medabedda,2037,2037,4074,15
LK9154080,Neluyaya,2037,2037,4074,15
LK9154085,Uggalkalthota Left Bank Left,2037,2037,4074,15
LK9154090,Welipathayaya,2037,2037,4074,15
LK9154095,Kuragala,2037,2037,4074,15
LK9154100,Molamura,2037,2037,4074,15
LK9154215,Kongahamankada,2037,2037,4074,15
LK9154220,Kalupedigama,2037,2037,4074,15
LK9154225,Diyavinna,2037,2037,4074,15
LK92,Kegalle,440000,440000,880000,15
LK9203,Rambukkana,40000,40000,80000,15
LK9203005,Dombemada East,450,449,899,15
LK9203010,Dombemada West,449,449,898,15
LK9203015,Udanvita,449,449,898,15
LK9203020,Maligathenna,449,449,898,15
LK9203025,Alugolla,449,449,898,15
LK9203030,Gabbala North,449,449,898,15
LK9203035,Gabbala South,449,449,898,15
LK9203040,Mahagama,449,449,898,15
LK9203045,Halwatta,449,449,898,15
LK9203050,Hewadiwela,449,449,898,15
LK9203055,Nattambura,449,449,898,15
LK9203060,Kudagama North,449,449,898,15
LK9203065,Kudagama South,449,449,898,15
LK9203070,Medagaladeniya,449,449,898,15
LK9203075,Walgama,449,449,898,15
LK9203080,Udagaladeniya,449,449,898,15
LK9203085,Dambulla,449,449,898,15
LK9203090,Deliwala,449,449,898,15
LK9203095,Hangawela,449,449,898,15
LK9203100,Ihala Walpola,449,449,898,15
LK9203105,Kotawella,449,449,898,15
LK9203110,Kanugolla,449,449,898,15
LK9203115,Parape North,449,449,898,15
LK9203120,Parape South,449,449,898,15
LK9203125,Kossinna,449,449,898,15
LK9203130,Kansalagamuwa,449,449,898,15
LK9203135,Heenabowa,449,449,898,15
LK9203140,Walalgoda,449,449,898,15
LK9203145,Kiriwallapitiya,449,449,898,15
LK9203150,Eriyagolla,449,449,898,15
LK9203155,Werellapatha,449,449,898,15
LK9203160,Weligamuwa,449,449,898,15
LK9203165,Thaldewa,449,449,898,15
LK9203170,Wahawa,449,449,898,15
LK9203175,Padavigampala,449,449,898,15
LK9203180,Puwakmote,449,449,898,15
LK9203185,Udugama,449,449,898,15
LK9203190,Thismalpola,449,449,898,15
LK9203195,Yatagama,449,449,898,15
LK9203200,Meeduma,449,449,898,15
LK9203205,Hurimaluwa,449,449,898,15
LK9203210,Eriyawa,449,449,898,15
LK9203215,Rambukkana Town,449,449,898,15
LK9203220,Diyasunnatha,449,449,898,15
LK9203225,Madawala,449,449,898,15
LK9203230,Godagandeniya,449,449,898,15
LK9203235,Kempitiya,449,449,898,15
LK9203240,Kadigamuwa,449,449,898,15
LK9203245,Halagiriya,449,449,898,15
LK9203250,Muwapitiya,449,449,898,15
LK9203255,Beligodapitiya,449,449,898,15
LK9203260,Pinnawala,449,449,898,15
LK9203265,Daluggala,449,449,898,15
LK9203270,Mottappuliya,449,449,898,15
LK9203275,Koorempola,449,449,898,15
LK9203280,Halpitiya,449,449,898,15
LK9203285,Naranbedda East,449,449,898,15
LK9203290,Naranbedda West,449,449,898,15
LK9203295,Marukwathura,449,449,898,15
LK9203300,Imbulgasdeniya,449,449,898,15
LK9203305,Ambuwangala,449,449,898,15
LK9203310,Kehelwathugoda,449,449,898,15
LK9203315,Dunukewala,449,449,898,15
LK9203320,Waduwadeniya,449,449,898,15
LK9203325,Hiriwadunna,449,449,898,15
LK9203330,Bathambure,449,449,898,15
LK9203335,Kottana Watta,449,449,898,15
LK9203340,Kotagama,449,449,898,15
LK9203345,Kiriwandeniya,449,449,898,15
LK9203350,Netiyapana,449,449,898,15
LK9203355,Udugama Gondewala,449,449,898,15
LK9203360,Pattampitiya,449,449,898,15
LK9203365,Yatiwaldeniya,449,449,898,15
LK9203370,Henepola,449,449,898,15
LK9203375,Deegana Kanda,449,449,898,15
LK9203380,Gangoda,449,449,898,15
LK9203385,Beddawala,449,449,898,15
LK9203390,Yodhagama,449,449,898,15
LK9203395,Pitiyegama,449,449,898,15
LK9203400,Deldeniya,449,449,898,15
LK9203405,Kivulpana,449,449,898,15
LK9203410,Minwana,449,449,898,15
LK9203415,Kumbaldiwela,449,449,898,15
LK9203420,Galpala,449,449,898,15
LK9203425,Kumbaloluwa,449,449,898,15
LK9203430,Kavudaulla,449,449,898,15
LK9203435,Molagoda,449,449,898,15
LK9203440,Waragoda,449,449,898,15
LK9203445,Mangalagama,449,449,898,15
LK9206,Mawanella,40000,40000,80000,15
LK9206005,Weganthale,564,563,1127,15
LK9206010,Yatimahana,563,563,1126,15
LK9206015,Keppetipola,563,563,1126,15
LK9206020,Ihala Kotte,563,563,1126,15
LK9206025,Makehelwala,563,563,1126,15
LK9206030,Dunugama Maliyadda,563,563,1126,15
LK9206035,Karapane,563,563,1126,15
LK9206040,Kondeniya,563,563,1126,15
LK9206045,Gondiwala,563,563,1126,15
LK9206050,Uthuwankanda,563,563,1126,15
LK9206055,Ambulugala,563,563,1126,15
LK9206060,Attanagoda,563,563,1126,15
LK9206065,Panagamuwa,563,563,1126,15
LK9206070,Dehimaduwa,563,563,1126,15
LK9206075,Habbunkaduwa,563,563,1126,15
LK9206080,Mahawatta,563,563,1126,15
LK9206085,Muruthawala,563,563,1126,15
LK9206090,Randiwala,563,563,1126,15
LK9206095,Uda Makadawara,563,563,1126,15
LK9206100,Ganethenna,563,563,1126,15
LK9206105,Makadawara,563,563,1126,15
LK9206110,Batawala,563,563,1126,15
LK9206115,Hingula,563,563,1126,15
LK9206120,Owatta,563,563,1126,15
LK9206125,Hinguloya,563,563,1126,15
LK9206130,Rankothdiwala,563,563,1126,15
LK9206135,Mawanella,563,563,1126,15
LK9206140,Mawana,563,563,1126,15
LK9206145,Kiringadeniya,563,563,1126,15
LK9206150,Weligalla,563,563,1126,15
LK9206155,Dodanthale,563,563,1126,15
LK9206160,Kappagoda,563,563,1126,15
LK9206165,Nankurugama,563,563,1126,15
LK9206170,Kongamuwa,563,563,1126,15
LK9206175,Beligammana,563,563,1126,15
LK9206180,Edanduwawa,563,563,1126,15
LK9206185,Idampitiya,563,563,1126,15
LK9206190,Kekirigoda,563,563,1126,15
LK9206195,Uyanwatta,563,563,1126,15
LK9206200,Aluthnuwara,563,563,1126,15
LK9206205,Molligoda,563,563,1126,15
LK9206210,Mawela,563,563,1126,15
LK9206215,Warakapana,563,563,1126,15
LK9206220,Kahawandala,563,563,1126,15
LK9206225,Mahanthegama,563,563,1126,15
LK9206230,Heenatipana,563,563,1126,15
LK9206235,Rukulagama,563,563,1126,15
LK9206240,Daswatta,563,563,1126,15
LK9206245,Lewke,563,563,1126,15
LK9206250,Kumbalgama,563,563,1126,15
LK9206255,Balawathgama,563,563,1126,15
LK9206260,Werake,563,563,1126,15
LK9206265,Embilmeewala,563,563,1126,15
LK9206270,Thambavita,563,563,1126,15
LK9206275,Eraminigammana,563,563,1126,15
LK9206280,Ambadeniya,563,563,1126,15
LK9206285,Weragoda,563,563,1126,15
LK9206290,Kooragala,563,563,1126,15
LK9206295,Waduwawala,563,563,1126,15
LK9206300,Ginihappitiya West,563,563,1126,15
LK9206305,Ginihappitiya East,563,563,1126,15
LK9206310,Ambaruppa,563,563,1126,15
LK9206315,Madulbowa,563,563,1126,15
LK9206320,Ambalawa,563,563,1126,15
LK9206325,Balathgamuwa,563,563,1126,15
LK9206330,Kehelpannala East,563,563,1126,15
LK9206335,Wadiyathenna,563,563,1126,15
LK9206340,Hemmathagama,563,563,1126,15
LK9206345,Palliporuwa,563,563,1126,15
LK9206350,Dumbuluwawa,563,563,1126,15
LK9206355,Kehelpannala West,563,563,1126,15
LK9209,Aranayake,40000,40000,80000,15
LK9209005,Deewela Udagama,656,656,1312,15
LK9209010,Wakirigala,656,655,1311,15
LK9209015,Epalawa Watta,656,655,1311,15
LK9209020,Uduwewela,656,655,1311,15
LK9209025,Kande Watta,656,655,1311,15
LK9209030,Gal Athara,656,655,1311,15
LK9209035,Gammannagoda,656,655,1311,15
LK9209040,Katugaha,656,655,1311,15
LK9209045,Ussapitiya,656,655,1311,15
LK9209050,Waharakgoda,656,655,1311,15
LK9209055,Ruwandeniya,656,655,1311,15
LK9209060,Attapitiya,656,655,1311,15
LK9209065,Devanagala,656,655,1311,15
LK9209070,Kariyagama,656,655,1311,15
LK9209075,Godigamuwa,656,655,1311,15
LK9209080,Narangammana,656,655,1311,15
LK9209085,Lambutuwa,656,655,1311,15
LK9209090,Wattegedara,656,655,1311,15
LK9209095,Asmadala,656,655,1311,15
LK9209100,Kandamulla,656,655,1311,15
LK9209105,Kumarapura,656,655,1311,15
LK9209110,Debathgama Udabage,656,655,1311,15
LK9209115,Debathgama Pallebage,656,655,1311,15
LK9209120,Hathgampala,656,655,1311,15
LK9209125,Moragammana,656,655,1311,15
LK9209130,Gevilipitiya Town,656,655,1311,15
LK9209135,Gevilipitiya Gama,656,655,1311,15
LK9209140,Pehinipeddara,656,655,1311,15
LK9209145,Nikapitiya,656,655,1311,15
LK9209150,Thalgamuwa,656,655,1311,15
LK9209155,Dippitiya,656,655,1311,15
LK9209160,Habalakkawa,656,655,1311,15
LK9209165,Keerapana,656,655,1311,15
LK9209170,Vilpola,656,655,1311,15
LK9209175,Galbokka,656,655,1311,15
LK9209180,Elangipitiya,656,655,1311,15
LK9209185,Kalugala,656,655,1311,15
LK9209190,Kehelwatta,656,655,1311,15
LK9209195,Dampelgoda,656,655,1311,15
LK9209200,Narangala,656,655,1311,15
LK9209205,Getaberi Kanda,656,655,1311,15
LK9209210,Pannala,656,655,1311,15
LK9209215,Duldeniya,656,655,1311,15
LK9209220,Thalgaspitiya Muslimgama,656,655,1311,15
LK9209225,Thalgaspitiya,656,655,1311,15
LK9209230,Thelleka,656,655,1311,15
LK9209235,Hakurugammana,656,655,1311,15
LK9209240,Aranayaka,656,655,1311,15
LK9209245,Udagama,656,655,1311,15
LK9209250,Ambalakanda,656,655,1311,15
LK9209255,Ganthuna Udagama,656,655,1311,15
LK9209260,Ganthuna Medagama,656,655,1311,15
LK9209265,Jambugasmada,656,655,1311,15
LK9209270,Podape,656,655,1311,15
LK9209275,Deiyanwala,656,655,1311,15
LK9209280,Arama,656,655,1311,15
LK9209285,Rahala,656,655,1311,15
LK9209290,Randiligama,656,655,1311,15
LK9209295,Yodhagama,656,655,1311,15
LK9209300,Selawa East,656,655,1311,15
LK9209305,Selawa West,656,655,1311,15
LK9212,Kegalle,40000,40000,80000,15
LK9212005,Siyambalapitiya,656,656,1312,15
LK9212010,Pussella,656,655,1311,15
LK9212015,Dimbulgamuwa,656,655,1311,15
LK9212020,Kolongalla,656,655,1311,15
LK9212025,Diyagama,656,655,1311,15
LK9212030,Kalugalla,656,655,1311,15
LK9212035,Puwakdeniya,656,655,1311,15
LK9212040,Meepitiya,656,655,1311,15
LK9212045,Olagankanda,656,655,1311,15
LK9212050,Wewaladeniya,656,655,1311,15
LK9212055,Ranwala,656,655,1311,15
LK9212060,Paranagampola,656,655,1311,15
LK9212065,Uraulla,656,655,1311,15
LK9212070,Ambanpitiya,656,655,1311,15
LK9212075,Beragala,656,655,1311,15
LK9212080,Kegalle Town,656,655,1311,15
LK9212085,Golahela,656,655,1311,15
LK9212090,Pallewela,656,655,1311,15
LK9212095,Karandupotha,656,655,1311,15
LK9212100,Uda Karadupana,656,655,1311,15
LK9212105,Nilmalgoda,656,655,1311,15
LK9212110,Paragammana,656,655,1311,15
LK9212115,Waldeniya,656,655,1311,15
LK9212120,Dikella,656,655,1311,15
LK9212125,Buluruppa,656,655,1311,15
LK9212130,Ekiriyagala,656,655,1311,15
LK9212135,Deewela Medagama,656,655,1311,15
LK9212140,Deewela Pallegama,656,655,1311,15
LK9212145,Ewunugalla,656,655,1311,15
LK9212150,Dikkohupitiya,656,655,1311,15
LK9212155,Kavudugama,656,655,1311,15
LK9212160,Makoora,656,655,1311,15
LK9212165,Bulugahadeniya,656,655,1311,15
LK9212170,Thalewala,656,655,1311,15
LK9212175,Hettimulla,656,655,1311,15
LK9212180,Minuwangamuwa,656,655,1311,15
LK9212185,Udumagama,656,655,1311,15
LK9212190,Wadupola,656,655,1311,15
LK9212195,Wathura,656,655,1311,15
LK9212200,Meedeniya South,656,655,1311,15
LK9212205,Meedeniya North,656,655,1311,15
LK9212210,Malavita,656,655,1311,15
LK9212215,Godigamuwa,656,655,1311,15
LK9212220,Hapuvita Pallegama,656,655,1311,15
LK9212225,Alapalawala,656,655,1311,15
LK9212230,Nilapalagammana,656,655,1311,15
LK9212235,Eregama,656,655,1311,15
LK9212240,Athurupana,656,655,1311,15
LK9212245,Rotuwa,656,655,1311,15
LK9212250,Hungampola,656,655,1311,15
LK9212255,Gurullawala,656,655,1311,15
LK9212260,Moradana,656,655,1311,15
LK9212265,Mabopitiya,656,655,1311,15
LK9212270,Higgoda,656,655,1311,15
LK9212275,Bossella,656,655,1311,15
LK9212280,Ganthuna Pallegama North,656,655,1311,15
LK9212285,Bogala,656,655,1311,15
LK9212290,Thiyambarahena,656,655,1311,15
LK9212295,Undugoda,656,655,1311,15
LK9212300,Belihulwana,656,655,1311,15
LK9212305,Ganthuna Pallegama South,656,655,1311,15
LK9215,Galigamuwa,40000,40000,80000,15
LK9215005,Helamada,785,784,1569,15
LK9215010,Godapola,784,784,1568,15
LK9215015,Batuwatta,784,784,1568,15
LK9215020,Makuddala,784,784,1568,15
LK9215025,Weragoda,784,784,1568,15
LK9215030,Jeewana,784,784,1568,15
LK9215035,Dewalegama,784,784,1568,15
LK9215040,Walagama,784,784,1568,15
LK9215045,Kandegedara,784,784,1568,15
LK9215050,Edurapotha West,784,784,1568,15
LK9215055,Panakawa,784,784,1568,15
LK9215060,Edurapotha East,784,784,1568,15
LK9215065,Nawagamuwa,784,784,1568,15
LK9215070,Hathnagoda,784,784,1568,15
LK9215075,Peherambe,784,784,1568,15
LK9215080,Palapoluwa,784,784,1568,15
LK9215085,Yattogoda,784,784,1568,15
LK9215090,Ballapana Pathabage,784,784,1568,15
LK9215095,Kobbewala,784,784,1568,15
LK9215100,Galigamuwa,784,784,1568,15
LK9215105,Ballapana Udabage,784,784,1568,15
LK9215110,Mayfield,784,784,1568,15
LK9215115,Asideniya,784,784,1568,15
LK9215120,Dematanpitiya,784,784,1568,15
LK9215125,Bisowela,784,784,1568,15
LK9215130,Imbulgala,784,784,1568,15
LK9215135,Atugoda,784,784,1568,15
LK9215140,Renapana,784,784,1568,15
LK9215145,Bambaragama,784,784,1568,15
LK9215150,Naberiyawa,784,784,1568,15
LK9215155,Narangoda,784,784,1568,15
LK9215160,Alawala,784,784,1568,15
LK9215165,Holombuwa,784,784,1568,15
LK9215170,Boyagoda,784,784,1568,15
LK9215175,Arandara,784,784,1568,15
LK9215180,Kiridana,784,784,1568,15
LK9215185,Kinigama,784,784,1568,15
LK9215190,Damunupola,784,784,1568,15
LK9215195,Lahupana,784,784,1568,15
LK9215200,Pothukoladeniya,784,784,1568,15
LK9215205,Pindeniya,784,784,1568,15
LK9215210,Udugama,784,784,1568,15
LK9215215,Nadeniya,784,784,1568,15
LK9215220,Atala,784,784,1568,15
LK9215225,Hapudeniya,784,784,1568,15
LK9215230,Kurunegoda,784,784,1568,15
LK9215235,Ruggahathenna,784,784,1568,15
LK9215240,Ampe,784,784,1568,15
LK9215245,Hathnapitiya,784,784,1568,15
LK9215250,Karagala,784,784,1568,15
LK9215255,Aruggammana,784,784,1568,15
LK9218,Warakapola,40000,40000,80000,15
LK9218005,Waddeniya,513,513,1026,15
LK9218010,Kalugala,513,512,1025,15
LK9218015,Weniwellakaduwa,513,512,1025,15
LK9218020,Kodapaluwa,513,512,1025,15
LK9218025,Opatha,513,512,1025,15
LK9218030,Paspolakanda,513,512,1025,15
LK9218035,Thulhiriya,513,512,1025,15
LK9218040,Parakramagama,513,512,1025,15
LK9218045,Nangalla,513,512,1025,15
LK9218050,Ragalkanda,513,512,1025,15
LK9218055,Heliyagoda,513,512,1025,15
LK9218060,Metiyagane,513,512,1025,15
LK9218065,Thalgama,513,512,1025,15
LK9218070,Egalla,513,512,1025,15
LK9218075,Kumbalgama,513,512,1025,15
LK9218080,Akwatta,513,512,1025,15
LK9218085,Pinnagoda Kanda,513,512,1025,15
LK9218090,Gasnawa,513,512,1025,15
LK9218095,Mangedara,513,512,1025,15
LK9218100,Ambepussa,513,512,1025,15
LK9218105,Warakapola,513,512,1025,15
LK9218110,Mahena Colony,513,512,1025,15
LK9218115,Mahena,513,512,1025,15
LK9218120,Tholangamuwa,513,512,1025,15
LK9218125,Nape,513,512,1025,15
LK9218130,Morawaka,513,512,1025,15
LK9218135,Mampita,513,512,1025,15
LK9218140,Nelumdeniya,513,512,1025,15
LK9218145,Othnapitiya,513,512,1025,15
LK9218150,Boorunnawa,513,512,1025,15
LK9218155,Iipangamuwa,513,512,1025,15
LK9218160,Delgamuwa,513,512,1025,15
LK9218165,Thumbaliyadda,513,512,1025,15
LK9218170,Ganithapura,513,512,1025,15
LK9218175,Ethnawala,513,512,1025,15
LK9218180,Dummaladeniya,513,512,1025,15
LK9218185,Puhulegama,513,512,1025,15
LK9218190,Godawela,513,512,1025,15
LK9218195,Penihela,513,512,1025,15
LK9218200,Thambugala,513,512,1025,15
LK9218205,Thalgahadeniya,513,512,1025,15
LK9218210,Niwatuwa,513,512,1025,15
LK9218215,Kukulpane,513,512,1025,15
LK9218220,Thalliyadda,513,512,1025,15
LK9218225,Dorawaka Pallebage,513,512,1025,15
LK9218230,Yaddehimulla,513,512,1025,15
LK9218235,Kohombadeniya,513,512,1025,15
LK9218240,Ihala Lenagala,513,512,1025,15
LK9218245,Dedigama,513,512,1025,15
LK9218250,Pitadeniya,513,512,1025,15
LK9218255,Thunthota,513,512,1025,15
LK9218260,Imbulovita,513,512,1025,15
LK9218265,Menikkadawara,513,512,1025,15
LK9218270,Maha Pallegama,513,512,1025,15
LK9218275,Kinivita,513,512,1025,15
LK9218280,Hapugoda,513,512,1025,15
LK9218285,Dorawaka Udabage,513,512,1025,15
LK9218290,Weragoda,513,512,1025,15
LK9218295,Palamure,513,512,1025,15
LK9218300,Bopitiya,513,512,1025,15
LK9218305,Algama Ihalagama,513,512,1025,15
LK9218310,Algama,513,512,1025,15
LK9218315,Madurupitiya,513,512,1025,15
LK9218320,Kandegama,513,512,1025,15
LK9218325,Uduwaka,513,512,1025,15
LK9218330,Hallawa,513,512,1025,15
LK9218335,Ebidigala,513,512,1025,15
LK9218340,Alpitiya,513,512,1025,15
LK9218345,Kivuldeniya,513,512,1025,15
LK9218350,Kudapallegama,513,512,1025,15
LK9218355,Thambadiya,513,512,1025,15
LK9218360,Elamaldeniya,513,512,1025,15
LK9218365,Malmaduwa,513,512,1025,15
LK9218370,Polgampala,513,512,1025,15
LK9218375,Weragala,513,512,1025,15
LK9218380,Pallepelpita,513,512,1025,15
LK9218385,Pahala Lenagala,513,512,1025,15
LK9218390,Welhella,513,512,1025,15
LK9221,Ruwanwella,40000,40000,80000,15
LK9221005,Dunumala,1053,1053,2106,15
LK9221010,Galapitamada,1053,1052,2105,15
LK9221015,Walgampatha,1053,1052,2105,15
LK9221020,Kadigamuwa,1053,1052,2105,15
LK9221025,Mahakanda,1053,1052,2105,15
LK9221030,Lenagala,1053,1052,2105,15
LK9221035,Lewangama North,1053,1052,2105,15
LK9221040,Lewangama South,1053,1052,2105,15
LK9221045,Morathota,1053,1052,2105,15
LK9221050,Waharaka,1053,1052,2105,15
LK9221055,Daluwalana,1053,1052,2105,15
LK9221060,Wahakula,1053,1052,2105,15
LK9221065,Dannoruwa,1053,1052,2105,15
LK9221070,Nivunhella,1053,1052,2105,15
LK9221075,Imbulana,1053,1052,2105,15
LK9221080,Siyambalawala,1053,1052,2105,15
LK9221085,Pethangoda,1053,1052,2105,15
LK9221090,Kannattota,1053,1052,2105,15
LK9221095,Gonaramba,1053,1052,2105,15
LK9221100,Doranuwa,1053,1052,2105,15
LK9221105,Bopetta,1053,1052,2105,15
LK9221110,Morawatta,1053,1052,2105,15
LK9221115,Mahalla,1053,1052,2105,15
LK9221120,Gonagala North,1053,1052,2105,15
LK9221125,Indurana,1053,1052,2105,15
LK9221130,Puranpotta,1053,1052,2105,15
LK9221135,Batuvita,1053,1052,2105,15
LK9221140,Amithirigala North,1053,1052,2105,15
LK9221145,Amithirigala South,1053,1052,2105,15
LK9221150,Gonagala West,1053,1052,2105,15
LK9221155,Mapitigama,1053,1052,2105,15
LK9221160,Moraliya,1053,1052,2105,15
LK9221165,Ruwanwella,1053,1052,2105,15
LK9221170,Wendala,1053,1052,2105,15
LK9221175,Mahadeniya,1053,1052,2105,15
LK9221180,Udakanugala,1053,1052,2105,15
LK9221185,Palle Kanugala,1053,1052,2105,15
LK9221190,Medagoda,1053,1052,2105,15
LK9224,Bulathkohipitiya,40000,40000,80000,15
LK9224005,Kanangamuwa,1482,1481,2963,15
LK9224010,Getiyamulla,1481,1481,2962,15
LK9224015,Higgoda,1481,1481,2962,15
LK9224020,Puspane,1481,1481,2962,15
LK9224025,Kabagamuwa,1481,1481,2962,15
LK9224030,Alawathura,1481,1481,2962,15
LK9224035,Ambuwakka,1481,1481,2962,15
LK9224040,Haloluwa,1481,1481,2962,15
LK9224045,Wegalla,1481,1481,2962,15
LK9224050,Lewala,1481,1481,2962,15
LK9224055,Bulathkohupitiya,1481,1481,2962,15
LK9224060,Rangalla,1481,1481,2962,15
LK9224065,Nevismiyar Ihala,1481,1481,2962,15
LK9224070,Uduwa,1481,1481,2962,15
LK9224075,Dedugala,1481,1481,2962,15
LK9224080,Pelempitiya,1481,1481,2962,15
LK9224085,Neluwakkana,1481,1481,2962,15
LK9224090,Udapotha,1481,1481,2962,15
LK9224095,Kendawa,1481,1481,2962,15
LK9224100,Narangala,1481,1481,2962,15
LK9224105,Urumeewala,1481,1481,2962,15
LK9224110,Punehela,1481,1481,2962,15
LK9224115,Panapitiya,1481,1481,2962,15
LK9224120,Ampagala,1481,1481,2962,15
LK9224125,Thelkumuduwala,1481,1481,2962,15
LK9224130,Kiriporuwa,1481,1481,2962,15
LK9224135,Ambamalla,1481,1481,2962,15
LK9227,Yatiyantota,40000,40000,80000,15
LK9227005,Mattamagoda,1250,1250,2500,15
LK9227010,Galpatha,1250,1250,2500,15
LK9227015,Kabulumulla,1250,1250,2500,15
LK9227020,Garagoda Pahala,1250,1250,2500,15
LK9227025,Garagoda Ihala,1250,1250,2500,15
LK9227030,Yatiyanthota,1250,1250,2500,15
LK9227035,Mahavila,1250,1250,2500,15
LK9227040,Parussella,1250,1250,2500,15
LK9227045,Jayavinda Gama,1250,1250,2500,15
LK9227050,Welihelathenna,1250,1250,2500,15
LK9227055,Malalpola,1250,1250,2500,15
LK9227060,Dombepola,1250,1250,2500,15
LK9227065,Amanawala,1250,1250,2500,15
LK9227070,Berannawa,1250,1250,2500,15
LK9227075,Seepoth,1250,1250,2500,15
LK9227080,Mahabage,1250,1250,2500,15
LK9227085,Dunukedeniya,1250,1250,2500,15
LK9227090,Malwatta,1250,1250,2500,15
LK9227095,Kirikohuthenna,1250,1250,2500,15
LK9227100,Neluwathukanda,1250,1250,2500,15
LK9227105,Polpitiya,1250,1250,2500,15
LK9227110,Weeragalla,1250,1250,2500,15
LK9227115,Nawata,1250,1250,2500,15
LK9227120,Meegasthenna,1250,1250,2500,15
LK9227125,Pelellegama,1250,1250,2500,15
LK9227130,Hakbellawaka,1250,1250,2500,15
LK9227135,Ganepalla,1250,1250,2500,15
LK9227140,Theligama,1250,1250,2500,15
LK9227145,Gonagamuwa,1250,1250,2500,15
LK9227150,Kithulgala North,1250,1250,2500,15
LK9227155,Kalukohuthenna,1250,1250,2500,15
LK9227160,Kithulgala South,1250,1250,2500,15
LK9230,Dehiowita,40000,40000,80000,15
LK9230005,Kurupetta,1026,1026,2052,15
LK9230010,Daigala,1026,1025,2051,15
LK9230015,Eluwana,1026,1025,2051,15
LK9230020,Magammana,1026,1025,2051,15
LK9230025,Kanangama,1026,1025,2051,15
LK9230030,Walpola,1026,1025,2051,15
LK9230035,Boralankada,1026,1025,2051,15
LK9230040,Dikella,1026,1025,2051,15
LK9230045,Kahanavita,1026,1025,2051,15
LK9230050,Dehiovita,1026,1025,2051,15
LK9230055,Atulugamwela,1026,1025,2051,15
LK9230060,Atulugama,1026,1025,2051,15
LK9230065,Kelegama,1026,1025,2051,15
LK9230070,Napawala,1026,1025,2051,15
LK9230075,Uduvila,1026,1025,2051,15
LK9230080,Epalapitiya,1026,1025,2051,15
LK9230085,Pahala Thaldoowa,1026,1025,2051,15
LK9230090,Ihala Thaldoowa,1026,1025,2051,15
LK9230095,Debegama,1026,1025,2051,15
LK9230100,Thimbiripola,1026,1025,2051,15
LK9230105,Algoda,1026,1025,2051,15
LK9230110,Hinguralakanda East,1026,1025,2051,15
LK9230115,Batangala,1026,1025,2051,15
LK9230120,Viharakanda,1026,1025,2051,15
LK9230125,Galabalana Kanda,1026,1025,2051,15
LK9230130,Maniyangama,1026,1025,2051,15
LK9230135,Madola,1026,1025,2051,15
LK9230140,Welangalla,1026,1025,2051,15
LK9230145,Bomaluwa,1026,1025,2051,15
LK9230150,Rangegama,1026,1025,2051,15
LK9230155,Panawala,1026,1025,2051,15
LK9230160,Hinguralakanda West,1026,1025,2051,15
LK9230165,Pukunuwala,1026,1025,2051,15
LK9230170,Godagampala,1026,1025,2051,15
LK9230175,Ambalampitiya,1026,1025,2051,15
LK9230180,Madagammana,1026,1025,2051,15
LK9230185,Pannila,1026,1025,2051,15
LK9230190,Imbulpitiya,1026,1025,2051,15
LK9230195,Elavulla,1026,1025,2051,15
LK9233,Deraniyagala,40000,40000,80000,15
LK9233005,Ballahela,1539,1538,3077,15
LK9233010,Behenella,1538,1538,3076,15
LK9233015,Nilwala,1538,1538,3076,15
LK9233020,Dodawatta,1538,1538,3076,15
LK9233025,Basnagala,1538,1538,3076,15
LK9233030,Keerihena,1538,1538,3076,15
LK9233035,Udabage,1538,1538,3076,15
LK9233040,Wattegedara,1538,1538,3076,15
LK9233045,Deraniyagala,1538,1538,3076,15
LK9233050,Lassegama,1538,1538,3076,15
LK9233055,Anhettigama,1538,1538,3076,15
LK9233060,Panakoora,1538,1538,3076,15
LK9233065,Pandaha,1538,1538,3076,15
LK9233070,Polgaswatta,1538,1538,3076,15
LK9233075,Maliboda,1538,1538,3076,15
LK9233080,Poddenikanda,1538,1538,3076,15
LK9233085,Nakkavita,1538,1538,3076,15
LK9233090,Miyanavita,1538,1538,3076,15
LK9233095,Deraniyagala South,1538,1538,3076,15
LK9233100,Rasnakkanda,1538,1538,3076,15
LK9233105,Udapola,1538,1538,3076,15
LK9233110,Demeda,1538,1538,3076,15
LK9233115,Kosgahakanda,1538,1538,3076,15
LK9233120,Yatiwala,1538,1538,3076,15
LK9233125,Magala,1538,1538,3076,15
LK9233130,Dikellakanda,1538,1538,3076,15